name	region	country	category	subcategory	status	website	address	lat	lng	googleRating	notes
Alamba - football - alabama university	Alabama	USA	Entertainment/sports		Planning	https://rolltide.com/sports/2016/6/10/facilities-bryant-denny-html	Bryant-Denny Stadium, Tuscaloosa, AL 35487	33.20808	-87.55128	4.8	LEGENDARY college football! Bryant-Denny Stadium (100,077 capacity). "Roll Tide!" National championship tradition!
Alamba - football - auburn	Alabama	USA	Entertainment/sports		Planning	https://auburntigers.com/	Jordan-Hare Stadium, Auburn, AL 36849	32.60221	-85.48913	4.8	SEC Football! Jordan-Hare Stadium (87,451 capacity). "War Eagle!" tradition. Amazing college football atmosphere!
Bamahenge, stonehenge copy	Alabama	USA	Bizarre		Planning		Elberta, AL 36530	30.41436	-87.59776	4.5	Full-scale fiberglass STONEHENGE replica! Free roadside attraction. Hilarious Alabama kitsch. Quick photo stop 15 min.
Bates House of Turkey	Alabama	USA	Restaurant		Planning	https://www.bateshouseturkey.com/	1001 Fort Dale Rd, Greenville, AL 36037	31.83106	-86.62911	4.4	ALL TURKEY menu! Buffet-style Southern cooking. Turkey and dressing year-round. Quirky concept, popular met locals!
BBQ White sauce	Alabama	USA	Restaurant		Planning	https://bigbobgibson.com/	1715 6th Ave SE, Decatur, AL 35601	34.57946	-86.97858	4.4	FAMOUS White BBQ sauce! World Championship BBQ. Smoked chicken, ribs, pork. Alabama BBQ legend sinds 1925!
Botanical Garden	Alabama	USA	Nature		Planning		101 Oak Park Dr, Montgomery, AL 36117	32.36853	-86.28746	3.9	Beautiful gardens + nature trails. Butterfly garden, Japanese garden. Peaceful urban oasis. GRATIS!
Bottega - fine dining	Alabama	USA	Restaurant		Planning	https://bottegarestaurant.com/	2240 Highland Ave S, Birmingham, AL 35205	33.50249	-86.79000	4.5	Upscale Italian fine dining. Chef Frank Stitt (James Beard winner). Pasta, seafood, seasonal menu. Reservations recommended!
Cheaha State Park	Alabama	USA	Nature		Planning	https://www.alapark.com/parks/cheaha-state-park	19644 AL-281, Delta, AL 36258	33.47714	-85.80868	4.7	HIGHEST point in Alabama (2,407 ft)! Hiking trails, camping, cabins. Talladega National Forest views. Fall foliage spectacular!
Chez fox fon - fine dining	Alabama	USA	Restaurant		Planning	https://www.fonfonbham.com/	2007 11th Ave S, Birmingham, AL 35205	33.50055	-86.79570	4.8	French bistro by Chef Frank Stitt. Cozy neighborhood spot. Mussels, steak frites, crème brûlée. Romantic ambiance!
FAME Recording Studios	Alabama	USA	Museum		Planning	https://famestudios.com/	603 E Avalon Ave, Muscle Shoals, AL 35661	34.74507	-87.66666	4.7	Legendary music studio! Aretha Franklin, Wilson Pickett recorded here. "Muscle Shoals sound". Guided tours available!
Flora-Bama beach bar	Alabama	USA	Restaurant		Planning	https://www.florabama.com/	17401 Perdido Key Dr, Pensacola, FL 32507	30.29125	-87.46900	4.6	Iconic beach bar on AL/FL state line! Live music, Bushwacker drinks. Oysters, seafood. Beach party atmosphere!
Frank Loyd Wrigth -Rosenbaum	Alabama	USA	Historic		Planning	https://www.wrightinalabama.com/	601 Riverview Dr, Florence, AL 35630	34.79301	-87.68054	4.8	Frank Lloyd Wright Usonian home! Only Wright house in Alabama. Guided tours available. Architecture lovers!
Gek beelden park	Alabama	USA	Bizarre		Planning	https://www.avemariagrotto.com/	1600 St Bernard Dr SE, Cullman, AL 35055	34.17718	-86.81803	4.8	"Jerusalem in Miniature" - 125 miniature buildings by monk Brother Joseph. Made of cement, marbles, and toilet seats! 4-acre park. UNIQUE!
Gigantische grot	Alabama	USA	Nature		Planning	https://www.alapark.com/parks/cathedral-caverns-state-park	637 Cave Rd, Woodville, AL 35776	34.57365	-86.22158	4.8	Giant cave - LARGEST cave entrance in the world (126 ft wide). "Goliath" stalagmite 45 ft. Temperature 60°F. 90-min tour. Gem mining. Reservation recommended!
Huggin' Molly	Alabama	USA	Restaurant		Planning	https://www.hugginmollys.com/	129 Kirkland St, Abbeville, AL 36310	31.56975	-85.25015	4.5	Named after a local ghost story. Southern comfort food. Fried catfish, meatloaf, banana pudding. Quirky small-town diner!
HydroFest	Alabama	USA	Festival		Planning	https://explorelakeguntersville.com/hydrofest/	Lake Guntersville, Guntersville, AL	34.35815	-86.29470	5	Powerboat racing festival (July). Hydroplane races on lake. Concerts, fireworks. Fun summer event!
Johny's - fine dining	Alabama	USA	Restaurant		Planning	https://www.johnnyshomewood.com/	2902 18th St S, Homewood, AL 35209	33.47881	-86.79203	4.7	Contemporary Greek-American. Seafood, steaks, pasta. Local Birmingham favorite. Upscale casual!
Kerstlichten	Alabama	USA	Festival		Planning	https://bellingrath.org/	12401 Bellingrath Gardens Rd, Theodore, AL 36582	30.43123	-88.14134	4.8	Magic Christmas in Lights (late Nov - Dec). 3+ million lights! 65-acre botanical garden. Beautiful Southern estate!
Mardi Gras	Alabama	USA	Museum		Planning	https://mobilecarnivalmuseum.com/	355 Government St, Mobile, AL 36602	30.68875	-88.04455	4.7	Mardi Gras history! Mobile had Mardi Gras BEFORE New Orleans. Costumes, floats, traditions. Fun Southern culture!
Meerijden met een Nascar	Alabama	USA	Aviation		Planning	https://nascarracingexperience.com/speedways/talladega-superspeedway/	3366 Speedway Blvd, Lincoln, AL 35096	33.56692	-86.07002	4.8	DRIVE a NASCAR stock car! Up to 160+ mph. Ride-along $99 or drive yourself $449+. Fastest NASCAR track. ADRENALINE! Book in advance!
Motor park	Alabama	USA	Museum		Planning	https://www.barbermuseum.org/	6030 Barber Motorsports Pkwy, Leeds, AL 35094	33.53580	-86.62556		World's LARGEST motorcycle museum (Guinness)! 1,600+ motorcycles. 880-acre park with racetrack. "Augusta National of Motorsports". IndyCar races!
Muscle Shoals Sound Studio	Alabama	USA	Museum		Planning	https://muscleshoalssoundstudio.org/	3614 Jackson Hwy, Sheffield, AL 35660	34.76790	-87.67405	4.9	Rolling Stones, Bob Dylan recorded here! Original equipment preserved. Music history tours. Reservations recommended!
Natural Bridge	Alabama	USA	Nature		Planning		Natural Bridge Rd, Haleyville, AL 35565	34.09344	-87.60197	4.7	Longest natural bridge east of Rockies! 148ft span, 60ft high. Quiet forest setting. Short easy walk. Peaceful!
Natuur en glimwormen	Alabama	USA	Nature		Planning	https://www.dismalscanyon.com/	901 County Rd 8, Phil Campbell, AL 35581	34.32695	-87.77941	4.6	RARE glowworms! Only 3 places in the world. National Natural Landmark. Night tours $10 (Apr-Jul, Sep-Oct). Best: May + Sept. MAGICAL!
Old Cahawba spookstad	Alabama	USA	Ghost Town		Planning	https://ahc.alabama.gov/properties/cahawba/cahawba.aspx	9518 Cahaba Rd, Orrville, AL 36767	32.31932	-87.10451	4.7	Alabama's first capital (1820-1826). Abandoned after the Civil War. Ruins, old cemetery, Spanish moss. FREE self-guided tour. Spooky!
Peanut stad van USA	Alabama	USA	Festival		Planning	https://www.nationalpeanutfestival.com/	5622 S Oates St, Dothan, AL 36301	31.14596	-85.40282	4.4	Peanut capital of the USA! Annual festival (early November). Carnival rides, concerts, peanut cooking contests. Fun small-town festival!
Rattlesnake Saloon	Alabama	USA	Restaurant		Planning	https://www.rattlesnakesaloon.net/	1292 Mount Mills Rd, Tuscumbia, AL 35674	34.64871	-87.90673	4.5	Restaurant UNDER a rock cliff! 7-min horse trail or walk in. Burgers, ribs, catfish. BIZARRE unique setting!
Rosa Parks	Alabama	USA	Historic		Planning	https://www.troy.edu/rosaparks/	252 Montgomery St, Montgomery, AL 36104	32.37681	-86.31117	4.7	Civil Rights history. Location of the Rosa Parks bus boycott. Interactive exhibits. Important American history. Moving!
SAW's Soul Kitchen	Alabama	USA	Restaurant		Planning	https://sawsbbq.com/saws-soul-kitchen-avondale/	215 41st St S, Birmingham, AL 35222	33.47942	-86.79477	4.6	BBQ + Southern soul food. Pulled pork nachos FAMOUS! Mac and cheese, collards. Casual, no-frills, delicious!
Selma Bridge	Alabama	USA	Historic		Planning	https://www.nps.gov/semo/learn/historyculture/edmund-pettus-bridge.htm	Broad Street, Selma, AL 36701	32.42426	-87.02430	4.7	Civil Rights landmark. 1965 "Bloody Sunday" march. National Historic Landmark. Powerful American history. GRATIS!
Shrimp festival 8-11 october	Alabama	USA	Festival		Planning	https://www.myshrimpfest.com/	101 Gulf Shores Pkwy, Gulf Shores, AL 36542	30.24775	-87.69104	4.3	Jaarlijks festival (early October). 200+ arts/crafts vendors. Live music, shrimp cooking. Gulf Coast beaches nearby. GRATIS!
Sloss Furnaces, oude staalfabrieken	Alabama	USA	Historic		Planning	https://www.slossfurnaces.org/	20 32nd St N, Birmingham, AL 35222	33.52055	-86.79096	4.7	Former iron smelter (1882-1971). National Historic Landmark. Industrial archaeology. "Most haunted in Alabama". FREE!
Southeastern Cave	Alabama	USA	Nature		Planning	https://saveyourcaves.org/		33.64195	-86.73671	4.8	
Space Camp	Alabama	USA	Aviation		Planning	https://www.spacecamp.com/SpaceCamp/Adult/Academy	1 Tranquility Base, Huntsville, AL 35805	34.71113	-86.65394	4.6	NASA's official center! ADULT Space Camp - astronaut training. Saturn V rocket, Apollo capsules. Smithsonian-affiliated. 3-6 day program!
Special ribs	Alabama	USA	Restaurant		Planning	https://dreamlandbbq.com/	5535 15th Ave E, Tuscaloosa, AL 35405	33.15647	-87.51665	4.5	LEGENDARY ribs since 1958! "Ain't nothin' like 'em nowhere!" Hickory-smoked perfection. Alabama BBQ institution. Iconic!
Stephens Gap Callahan Cave	Alabama	USA	Nature		Planning	https://saveyourcaves.org/	Jackson County, AL (near Woodville)	34.62682	-86.27195	4.7	143ft waterfall INSIDE cave! Spectacular pit cave. Rappelling/caving experience required. FREE but dangerous - for experienced cavers!
Unclaimed Baggage Center	Alabama	USA	Bizarre		Planning	https://www.unclaimedbaggage.com/	509 W Willow St, Scottsboro, AL 35768	34.67313	-86.04440	4	THE ONLY store for unclaimed airplane baggage in America! 50,000 sq ft full of lost treasures. Museum of Found Treasures with Labyrinth puppets. Cups Café. FREE admission!
Alaska Raptor Center	Alaska	USA	Nature		Planning	http://www.alaskaraptor.org/	1000 Raptor Way, Sitka, AK 99835	57.05238	-135.31615	4.8	BALD eagle rehabilitation!  Birds of Prey Center.  Education + conservation.  Shuttle available.  WILDLIFE rescue!
Alaska Salmon Bake	Alaska	USA	Restaurant		Planning	https://www.alaskatraveladventures.com/day-tours/juneau/gold-creek-salmon-bake/	1820 Glacier Hwy, Juneau, AK 99801	58.31555	-134.44697	4.5	ALL-YOU-CAN-EAT salmon!  Alaskan king crab.  Outdoor seating.  Buffet style.  TOURISTY but tasty!
Alaska Wildlife Viewing	Alaska	USA	Nature		Planning	https://www.alaskawildlife.org/?utm_source=google&utm_medium=organic+&utm_campaign=gbp	Various locations, Alaska	63.58875	-154.49306	4.6	BALD eagles everywhere!  32,000 in Juneau alone.  Black/brown bears.  Moose, caribou.  WILDLIFE paradise!
Alaskan King Crab Feast	Alaska	USA	Restaurant		Planning	http://www.catchcrabs.com/	George Inlet Lodge, Ketchikan, AK	55.36557	-131.47455	4.7	CRAB feast experience!  All you can eat.  Senic location.  Boat ride included.  SPLURGE meal!
Creek Street Ketchikan	Alaska	USA	Historic		Planning		Creek St, Ketchikan, AK 99901	55.34246	-131.64217	4.7	HISTORIC red light district!  Buildings on stilts.  Salmon ladder (watch spawning!).  Dolly's House Museum $10.  COLORFUL boardwalk!
Denali Backcountry Lodge	Alaska	USA	Hotel		Planning	https://www.alaskacollection.com/lodging/denali-backcountry-lodge/	Mile 92 Denali Park Rd, Kantishna, AK	63.53698	-150.97919	4.7	DEEP in park!  Mile 92 location.  All-inclusive lodge.  June early season rates.  REMOTE luxury!
Denali Cabins	Alaska	USA	Hotel		Planning	https://www.alaskacollection.com/lodging/denali-cabins/	Mile 229 Parks Hwy, Denali, AK 99755	63.63521	-148.78710	4.2	Budget base camp!  Whitewater rafting nearby.  ATV, zipline tours.  June deals.  ACTIVITY hub!
Denali Flightseeing	Alaska	USA	Aviation		Planning	http://www.flydenali.com/	Denali Airport, Healy, AK 99743	63.73225	-148.91125	4.8	FLY around Mt. Denali!  Glacier landing option.  20,310ft peak views.  Weather dependent.  ONCE-IN-LIFETIME!
Denali Park Bus Tour	Alaska	USA	Nature		Planning	https://www.reservedenali.com/?utm_source=google&utm_medium=organic&utm_campaign=gbp_listing	Denali National Park, AK 99755	63.28276	-150.78940	4.2	Tundra Wilderness Tour!  7-8hrs to Mile 62.  Wildlife spotting.  Naturalist guide.  MUST DO Denali!
Denali Sled Dog Kennels	Alaska	USA	Entertainment		Planning	https://www.nps.gov/dena/planyourvisit/kennels.htm	Mile 3 Park Rd, Denali, AK 99755	63.72834	-148.88604	4.7	WORKING sled dogs!  Demonstrations daily.  100 years tradition.  Meet puppies!  FREE show!
Denali Visitor Center	Alaska	USA	Museum		Planning	http://www.nps.gov/dena/planyourvisit/the-denali-visitor-center.htm	Mile 1.5 Denali Park Rd, AK 99755	63.73384	-148.91550	4.7	20-minute movie Denali!  Exhibits, fossils.  Ranger programs.  Bookstore.  START here!
Dewey Lake Trail	Alaska	USA	Nature		Planning	https://www.adfg.alaska.gov/index.cfm?adfg=southeastviewing.skagwaydeweylakestrailsystem	Skagway Trail System, Skagway, AK 99840	59.45718	-135.31453	4.6	Easy 1-2hr hike!  Lower Dewey Lake.  Forest trails.  Walkable from dock.  FREE hiking!
Fortress of the Bear	Alaska	USA	Nature		Planning	http://www.fortressofthebear.org/	4639 Sawmill Creek Rd, Sitka, AK 99835	57.04623	-135.23260	4.7	ORPHANED bear sanctuary!  Brown bears close up.  Educational tours.  Taxi from port.  BEAR rescue center!
Glacier Bay Cruise-By	Alaska	USA	Nature		Planning	https://www.nps.gov/glba/index.htm	Glacier Bay National Park, AK	58.66581	-136.90021	4.9	SHIP cruises through park!  No dock, scenic cruising.  Marjorie Glacier views.  Whales, bears.  INCLUDED in cruise!
Great Alaskan Lumberjack Show	Alaska	USA	Entertainment		Planning	http://www.alaskanlumberjackshow.com/	420 Spruce Mill Way, Ketchikan, AK 99901	55.34010	-131.64336	4.7	LUMBERJACK competition!  Ax throwing, log rolling.  Chainsaw carving.  1hr show.  FUN + kitsch!
Helicopter Dog Sledding Juneau	Alaska	USA	Aviation		Planning	http://coastalhelicopters.com/	Juneau Airport, Juneau, AK 99801	58.35664	-134.57741	4.7	BUCKET LIST excursion!  Helicopter to glacier.  Dog sled ride.  Measure puppies.  3hrs total.  EXPENSIVE but EPIC!
Hoonah Native Village	Alaska	USA	Historic		Planning	http://www.icystraitpoint.com/	Icy Strait Point, Hoonah, AK 99829	58.12924	-135.46282	4.5	TLINGIT culture!  Story telling, dance.  Traditional crafts.  Less touristy.  AUTHENTIC Alaska!
Klondike Doughboy (Elephant Ears)	Alaska	USA	Restaurant		Planning	https://www.starboardcompany.com/	205 Congress Way, Skagway, AK 99840	59.44909	-135.31877	4.8	FAMOUS fried dough!  Massive elephant ears.  Share between 2-3.  Budget tip: DON'T skip!  DELICIOUS!
Mendenhall Glacier	Alaska	USA	Nature		Planning	https://www.mendenhallglacier.org/	6000 Glacier Spur Rd, Juneau, AK 99801	58.41722	-134.54578	4.8	ICONIC glacier 12 miles from port!  Visitor center + trails.  Budget tip: City bus $2 each way.  Or walk/Uber vs cruise excursion.  EASY DIY access!
Midnight Sun June Experience	Alaska	USA	Bizarre		Planning	https://midnightsunsafaris.com/	Anywhere in Alaska	63.58875	-154.49306	5	JUNE = 20 hours of daylight!  Sunset around midnight.  Photography magic.  No need for sleep!  UNIQUE phenomenon!
Misty Fjords Flightseeing	Alaska	USA	Aviation		Planning	https://www.mistyfjordsair.com/	Ketchikan Harbor, Ketchikan, AK 99901	55.34278	-131.64861	4.6	GLACIER-CARVED wilderness!  3,000ft cliffs.  Waterfalls, blue lakes.  Floatplane tour 2hrs.  BREATHTAKING!
Mount Healy Overlook Trail	Alaska	USA	Nature		Planning	https://www.nps.gov/dena/planyourvisit/overlook.htm	Denali Visitor Center, AK 99755	63.73085	-148.91706	4.8	CHALLENGING hike!  2.7 miles, 1,700ft climb.  Viewpoint above treeline.  May see Denali peak.  REWARDING views!
Mount Roberts Tramway	Alaska	USA	Scenic Route		Planning	https://www.mountrobertstramway.com/	490 S Franklin St, Juneau, AK 99801	58.29622	-134.40091	4.1	Gondola to 1,800ft viewpoint!  Hiking trails at the top.  Restaurant + gift shop.  5-minute walk from cruise dock.  SCENIC views!
Savage River Trail	Alaska	USA	Nature		Planning	https://www.nps.gov/dena	Mile 15 Park Rd, Denali, AK 99755	63.72267	-148.96188	4.8	EASY 2-mile run!  River views.  Flat trail.  All fitness levels.  Check out bear closures!
Saxman Native Village	Alaska	USA	Historic		Planning	https://www.capefoxtours.com/tours/saxman-native-village/	2706 S Tongass Hwy, Ketchikan, AK 99901	55.32005	-131.59570	4.5	Totem carving demos!  Cultural dance performances.  Tlingit storytelling.  2.5 miles from port.  CULTURAL immersion!
Sitka National Historical Park	Alaska	USA	Historic		Planning	http://www.nps.gov/sitk/	103 Monastery St, Sitka, AK 99835	57.05151	-135.33199	4.8	TOTEM POLE trail!  Tlingit + Russian history.  Rainforest walk.  2 miles from port.  FREE National Park!
Skagway Brewing Company	Alaska	USA	Brewery/Distillery		Planning	http://www.skagwaybrewing.com/?utm_source=google&utm_medium=wix_google_business_profile&utm_campaign=12649590436756886685	204 4th Ave, Skagway, AK 99840	59.45651	-135.31318	4.6	Spruce Tip Blonde Ale!  Local brewery.  Food available.  Walk from dock.  CRAFT bear Alaska!
Skagway Downtown	Alaska	USA	Historic		Planning		Broadway St, Skagway, AK 99840	59.45567	-135.31479		900 inhabitants!  Gold Rush architecture.  Klondike Gold Rush Park.  Red Onion Saloon.  WALKABLE + charming!
Totem Heritage Center	Alaska	USA	Museum		Planning	http://www.ketchikanmuseums.org/	601 Deermount St, Ketchikan, AK 99901	55.34263	-131.63410	4.6	LARGEST collection unrestored totems!  33 original 19th century poles.  Tlingit + Haida culture.  Shuttle from port.  AUTHENTIC!
Tracy Arm Fjord Excursion	Alaska	USA	Nature		Planning	https://www.alaskashoreexcursions.com/	Juneau Harbor, Juneau, AK 99801	58.29861	-134.40556	4.9	FJORD cruise!  Sawyer Glaciers.  Icebergs, waterfalls.  7-9hrs full day.  SCENIC alternative!
Whale Watching Icy Strait	Alaska	USA	Nature		Planning	https://www.viator.com/tours/Hoonah/Whale-watching-sport-fishing-salmon-private-charters/d26215-12346P4?pid=P00292280&uid=U00789175&mcid=58086&currency=USD	Icy Strait Point Harbor, Hoonah, AK 99829	58.12924	-135.46282	5	Point Adolphus whales!  Humpback feeding.  Orcas, sea lions.  Less crowds.  EXCELLENT viewing!
Whale Watching Juneau	Alaska	USA	Nature		Planning	http://www.juneauwhaletours.com/	Auke Bay Harbor, Juneau, AK 99821	58.38475	-134.64530	5	HUMPBACK whales guaranteed!  Bubble net feeding.  Orcas, sea lions.  2-3hr tours.  BEST whale watching in Alaska!
White Pass & Yukon Railway	Alaska	USA	Scenic Route		Planning	https://wpyr.com/	231 2nd Ave, Skagway, AK 99840	59.45327	-135.31813	4.6	ICONIC train ride!  Gold Rush Trail of '98.  White Pass Summit 2,865ft.  3hrs round trip.  MUST DO Skagway!
Yukon Bus Tour	Alaska	USA	Scenic Route		Planning	http://www.skagway.tours/	Skagway to Carcross Yukon	60.16759	-134.70735	5	DESERT in the mountains!  Carcross Desert.  Emerald Lake.  Terrain changes wildly.  Sit RIGHT side!  STUNNING drive!
ZipRider Icy Strait	Alaska	USA	Entertainment		Planning	https://icystraitpoint.com/	Icy Strait Point, Hoonah, AK 99829	58.12924	-135.46282	4.4	LONGEST zip line North America!  5,495ft long.  1,300ft drop.  60+ mph speed.  THRILLING ride!
Atlas Coal Mine National Historic Site	Alberta	Canada	Historic		Planning	https://www.atlascoalmine.ab.ca	110 Century Coal Road, East Coulee, AB T0J 1B0	51.32902	-112.48232		Canada's last intact coal tipple - UNESCO application! Tours of the processing plant. Miners' stories. East Coulée, near Drumheller. May-October. Walk through the industrial ruins. Badlands backdrop = cinematic setting.
Banff Ave Brewing Co.	Alberta	Canada	Brewery/Distillery		Planning	https://www.banffavebrewingco.com	110 Banff Ave, Banff, AB T1L 1A9	51.17489	-115.57065		Craft brewery right on Banff Avenue - the most popular beer spot! Mountain Lakes IPA + Rocky Mountain Honey Wheat. Large terrace. Local atmosphere. Banff town centre. Happy Hour: best deal in town. Having a pint here after a walk is the perfect day.
Banff Helicopter Tours	Alberta	Canada	Aviation		Planning	https://www.banffhelicoptertours.com	Banff area, AB T1L	51.18453	-115.57221		Helicopter over the Canadian Rockies - glacier perspective! Lake Louise, Moraine Lake, Columbia Icefield from above. Banff + Canmore area operators. Various flights: 20-60 minutes. Sunrise flight = ultimate Canada content for @roamingbonbons.
Banff Merman - Banff Indian Trading Post	Alberta	Canada	Bizarre		Planning	https://www.atlasobscura.com	Cave Ave, Banff, AB T1L 1A1	51.17131	-115.57832		Half-human, half-fish taxidermy creation from 1915! Norman Luxton's mysterious creation. Probably ape + mackerel. Banff Indian Trading Post, Cave Avenue. FREE to view from the shop. The strangest thing in an otherwise beautiful little town.
Banff National Park - Bears/Wildlife	Alberta	Canada	Nature		Planning	https://www.pc.gc.ca	Banff, AB T1L 1B3	51.17843	-115.57079		Grizzly + black bear, moose, bighorn sheep ALONG THE ROAD! Wildlife crossings over Trans-Canada Highway: scientific wonder. Banff townsite: moose walking through streets in the morning. Parks Canada pass. Always keep your windows closed. Really.
Banff Sunshine Village ⛷️ Ikon Ski Big 3	Alberta	Canada	Ski Resort		Planning	https://www.skibanff.com	1 Sunshine Rd, Banff, AB T1L 1J5	51.11310	-115.76360		Ikon Pass: 7 TOTAL DAYS shared with Lake Louise + Mt Norquay (Ski Big 3). UNESCO World Heritage ski IN Banff National Park! Gondola to the village - surreally beautiful. Els: Strawberry/Meadow Park = good beginner zones. Serge: Delirium Dive at extreme powder = legendary (extreme terrain). 2+ days recommended here. Combine with Lake Louise on the same Ikon budget!
Banff Upper Hot Springs	Alberta	Canada	Nature		Planning	https://parks.canada.ca/pn-np/ab/banff	1 Mountain Ave, Banff, AB T1L 1K2	51.16887	-115.57064		Geothermal pool at an altitude of 1,585m with mountain views! Mountain water at 37-40°C. Goldbug style but official. Banff center. Open all year round. Tours Canada Parks pass covers the surrounding area; springs themselves are separate. Après-ski + nature combo. Popular but worth it.
Big Valley Badlands + Dry Island Buffalo Jump	Alberta	Canada	Nature		Planning	https://www.albertaparks.ca	Dry Island Buffalo Jump, AB T0M 0J0	51.93534	-112.98113		Lesser-known alternative to Drumheller – almost without tourists! Buffaloes were driven off cliffs here by Indigenous hunters. Big Valley, Red Deer River badlands. America the Beautiful NOT valid - Alberta Parks pass. Autumn: colors in the badlands are spectacular.
Calgary Stampede	Alberta	Canada	Festival		Planning	https://www.calgarystampede.com	1410 Olympic Way SE, Calgary, AB T2G 2W1	51.03371	-114.05523		'Greatest Outdoor Show on Earth' - 10 days in July! Rodeo, chuckwagon races, live music, midway, Blackfoot greeting. Calgary, first week + weekend of July. 1912 - over 100 years of tradition. If the timing is right (not on the route in 2027 but...): unforgettable.
Canmore centrum B&B / boutique	Alberta	Canada	Hotel		Planning	https://www.tourismcanmore.com	Canmore, AB T1W 2Z6	51.07183	-115.36797		Canmore = cheaper base than Banff with the same mountain view! 15 minutes from Banff Gate. Local atmosphere. Many boutique B&Bs and small hotels. Canmore is a real town with local restaurants. Best value for money for a Banff NP visit.
Club Rendezvous - Calgary	Alberta	Canada	Naturist		Planning	https://clubrcanada.com	Calgary, AB T2G	51.02161	-114.03980		Canada's longest-running lifestyle club - upscale on-premise events! Theme nights: Bondage, Fetish Friday, speed dating. $10/month membership. Canada's cheapest quality club. Calgary. Edmonton opening soon. Sign up via website.
Columbia Icefield + Glacier Experience	Alberta	Canada	Nature		Planning	https://www.banffjaspercollection.com	Icefields Parkway, AB T0L 0C0	51.84266	-116.61898		The only place where you are allowed to drive on a GLACIER (Ice Explorer)! Athabasca Glacier: 300m thick. Unfortunately, it is melting. Columbia Icefield: the most accessible ice field in the world. Halfway along Icefields Parkway. SkyWalk: glass floor bridge over the canyon. Dizzying.
Drumheller Hoodoos	Alberta	Canada	Nature		Planning	https://traveldrumheller.com/	Hoodoo Trail, Drumheller, AB T0J 0Y0	51.38064	-112.53424		Erosion pillars (hoodoos) 5-7m high in the middle of the badlands! Millions of years of sandstone erosion. An absolute lunar landscape. Hoodoo Trail, 18 km from Drumheller. FREE. Hiking trail along the peaks. Spring + autumn: soft light. Summer: extremely hot.
Fairmont Banff Springs Hotel	Alberta	Canada	Hotel		Planning	https://www.fairmont.com/banff-springs	405 Spray Ave, Banff, AB T1L 1J4	51.16448	-115.56195		Castle in the Rockies' - legendary 1888 chateau hotel! Golf course + spa + multiple restaurants + bowling alley. Banff National Park. High season: extremely expensive, but the experience is unique. A night here feels like surviving in a fairytale.
Icefield Skywalk + Athabasca Glacier Walk	Alberta	Canada	Nature		Planning	https://www.banffjaspercollection.com	Icefields Parkway, AB T0L 0C0	51.84266	-116.61898		Glass-floor balcony 280m above the Sunwapta Valley! Athabasca Glacier Ice Explorer (special vehicles on the ice). Halfway along Icefields Parkway. Parks Canada Pass + Skywalk ticket sold separately. You simply have to do this on the Parkway.
Icefields Parkway - Banff naar Jasper	Alberta	Canada	Scenic Route		Planning	https://www.pc.gc.ca	Hwy 93N, Banff tot Jasper, AB	52.87329	-118.08228		MOST BEAUTIFUL drive in the world - 232 km through the Canadian Rockies! Glacier peaks, turquoise lakes, waterfalls, moose. Columbia Icefield halfway: glacier drive available. Parks Canada pass required ($25 USD/day). June-Sept: best driving season. Book Jasper accommodation MONTHS in advance!
Jasper National Park - Dark Sky Preserve	Alberta	Canada	Nature		Planning	https://www.pc.gc.ca	Jasper, AB T0E 1E0	52.87329	-118.08228		World's third largest Dark Sky Preserve! Milky Way visible with the naked eye. No light pollution. Jasper National Park. Summer nights + autumn. Parks Canada Pass. Combine with the Icefields Parkway drive for a perfect Alberta day.
KNetic Club - Calgary	Alberta	Canada	Naturist		Planning	https://kneticclub.com	Calgary, AB T2E	51.08999	-114.03093		Calgary's largest lifestyle club - nightclub-style with private rooms! Kinky yoga, rope play, ladies' nights. Membership required. Calgary. One of Canada's top-rated clubs. Pre-approval profile required.
Lake Louise - Fairmont	Alberta	Canada	Nature		Planning	https://www.pc.gc.ca	Lake Louise, AB T0L 1E0	51.42537	-116.17726		Canada's most photographed lake - turquoise glacial lake! Victorian Glacier reflection in the water. Green-blue. Fairmont Chateau Louise on the shore. Banff National Park. Parks Canada pass. Sunrise: absolutely magical. Set your alarm for 5 am.
Lake Louise Ski Resort ⛷️ Ikon Ski Big 3	Alberta	Canada	Ski Resort		Planning	https://www.skilouise.com	1 Whitehorn Rd, Lake Louise, AB T0L 1E0	51.43830	-116.18040		Ikon Pass: shared 7 DAYS with Ski Big 3. LARGEST ski area in Alberta (4 mountain sides!). Top = INCREDIBLE view over frozen Lake Louise. Wind at the top can be rough. After skiing: visit the frozen Lake Louise ice sculpture festival in winter = MAGICAL for the vlog! Els: Front Face is accessible. Serge: Ptarmigan + Back Bowls = expert paradise.
Maple Leaf Grille & Spirits - Banff	Alberta	Canada	Restaurant		Planning	https://www.banffmapleleaf.com	137 Banff Ave, Banff, AB T1L 1A7	51.17653	-115.57096		Canadiana cuisine: bison, caribou, Alberta beef, Okanagan wine! Carved oak decor. Classic Canadian feel. Banff Avenue. The 3-course deal was a great deal in the low season. Perfect after a visit to Banff Upper Hot Springs.
Miette Hot Springs - Jasper	Alberta	Canada	Nature		Planning	https://parks.canada.ca/pn-np/ab/jasper	Miette Hot Springs Rd, Jasper, AB T0E 1E0	52.87329	-118.08228		Hottest pool springs in the Canadian Rockies (54°C cooled down to 40°C)! Jasper National Park. Remote drives through mountainous terrain. 61 km from Jasper townsite. Less crowded than Banff. May-October. Goldbug style but more comfortable. Highly recommended.
Moraine Lake - Valley of Ten Peaks	Alberta	Canada	Bizarre		Planning	https://www.pc.gc.ca	Moraine Lake Rd, Lake Louise, AB T0L 1E0	51.40756	-116.18555		Once on the Canadian $20 bill! Ten mountain peaks as a backdrop. Then turquoise Lake Louise. INCREDIBLE. Moraine Lake Rd closed to cars: shuttle or bike (reserve!) Banff NP. Parks Canada pass. Sunrise boat tour: book weeks in advance.
Mt. Norquay ⛷️ Ikon Ski Big 3	Alberta	Canada	Ski Resort		Planning	https://www.banffnorquay.com	2 Mt Norquay Rd, Banff, AB T1L 1B4	51.20700	-115.58500		Ikon Pass: shared 7 DAYS with Ski Big 3. MOST beginner-friendly of the three! Smallest but perfect practice/rest day for Els. Spectacular views over Banff town. Only 5 min from Banff centre - closest and easiest. Ideal as a mid-day break day between Sunshine and Louise. Normally NO separate Ikon reservation needed. Summer: Via Ferrata via Norquay!
River Café - Calgary	Alberta	Canada	Restaurant		Planning	https://www.river-cafe.com	Prince's Island Park, Calgary, AB T2P 0R1	51.05560	-114.07025		Award-winning farm-to-table dining on an island in the Bow River! Prince's Island Park. Seasonal menu. Local Canadian. Calgary's best fine dining garden restaurant. Accessible via a footbridge over the river. Book well in advance. Special in every season.
Royal Tyrrell Museum - Drumheller	Alberta	Canada	Museum		Planning	https://tyrrellmuseum.com	1 Hwy 838, Drumheller, AB T0J 0Y0	51.45559	-112.71080		Largest dinosaur fossil collection in the world - 40+ complete skeletons! In the middle of the Badlands. View our own excavations. Drumheller. May-Oct: daily. Nov-Apr: closed Tuesdays. A museum where you forget you are a museum.
Sky Bistro - Banff Gondola Top	Alberta	Canada	Restaurant		Planning	https://www.banffjaspercollection.com	1 Mountain Ave, Banff, AB T1L 1K2	51.16887	-115.57064		Dining at 2,200m above the Rocky Mountains! Gondola up, 360° panorama, menu with Canadian products. Banff Gondola top, Sulphur Mountain. Book gondola + restaurant together. Sunset here = a religious experience.
Sunny Chinooks Camping Association - Sundre	Alberta	Canada	Naturist		Planning	https://www.sunnychinooks.com	Sundre area, AB T0M 1X0	51.79707	-114.63930		Alberta's best naturist campground – since 1952! 1.5 hours NW of Calgary near Sundre. Clubhouse, showers, RV sites, hot tub. Family-friendly (naturist convention). May through September. Call ahead for first visit.
The Bison Restaurant - Banff	Alberta	Canada	Restaurant		Planning	https://www.thebison.ca	211 Bear St, Banff, AB T1L 1A3	51.17746	-115.57264		Seasonal Canadian restaurant in a historic building! Alberta bison, local vegetables, mountain herbs. Banff downtown, Bear Street. Set menu: 3-course $39 CAD was a great deal. One of Banff's absolute best. Make a reservation.
Three Bears Brewery & Restaurant - Banff	Alberta	Canada	Restaurant		Planning	https://www.banffcollective.com/three-bears	221 Bear St, Banff, AB T1L 1B2	51.17788	-115.57278		Craft brewery IN a national park - with a retractable starry roof! 25-foot pine tree + forest animal decor inside. Banff's most unique restaurant concept. House beers + Alberta steak + pizza. Retractable roof: summer dining under the stars.
UFO Landing Pad - St. Paul	Alberta	Canada	Bizarre		Planning	https://www.town.stpaul.ab.ca/	5110 49th Ave, St. Paul, AB T0A 3A0	53.99052	-111.30039		OFFICIAL alien landing pad built in 1967! Canada's 100th anniversary project. Really meant seriously. St. Paul, E-Alberta. Visitor center underneath. FREE. Local pride = 100% genuine. EBU official. Aliens are welcome. Really.
Wayne Ghost Town + Last Chance Saloon	Alberta	Canada	Ghost Town		Planning	https://www.travelalberta.com	Wayne, AB T0J 0Y0	51.38161	-112.66021		Ghost town with 11 bridge crossings to get there! Last Chance Saloon: bullet holes in the walls + historical photos. Wayne: former mining town, now ~30 residents. 9 km from Drumheller. Star Mine Suspension Bridge nearby. Have a beer with ghosts in the Saloon. Mandatory.
West Edmonton Mall	Alberta	Canada	Entertainment		Planning	https://www.wem.ca	8882 170th St NW, Edmonton, AB T5T 4M2	53.52214	-113.61855		Largest mall in the world (formerly) - own indoor sea + amusement park + hotel! Wave machine, penguins, ice rink, rollercoaster. Everything indoors. Edmonton. Water Park, Ice Palace, Europa Boulevard. Kids going wild. Adults too, to be honest.
World's Largest Dinosaur - Drumheller	Alberta	Canada	Bizarre		Planning	https://worldslargestdinosaur.com/	60 1st Ave W, Drumheller, AB T0J 0Y0	51.46743	-112.70879		26-meter-tall T-Rex (4x bigger than the real thing!) - Climbing 'Tyra' is MANDATORY! 106 steps up. View of the badlands from the mouth. Drumheller = Dinosaur Valley. The badlands are surreal. FREE to view from the outside. Climbing = $5 CAD. The most bizarre skyline in Canada.
Apache Trail	Arizona	USA	Scenic Route		Planning		Apache Trail, AZ	33.58234	-111.21122		SPECTACULAR scenic drive!  120 miles Apache Junction to Roosevelt.  Superstition Mountains.  Canyon Lake, Tortilla Flat.  Gravel road partially!
Arcosantie Hippie town	Arizona	USA	Bizarre		Planning	https://www.arcosanti.org/?utm_source=GMB&utm_medium=local&utm_campaign=GMB_Website	13555 S Cross L Rd, Mayer, AZ 86333	34.34232	-112.09970	4.3	Paolo Soleri's arcology experiment! Architecture + ecology. Brutalist concrete city since 1970. Bronze bells for sale. Guided tours Thu-Mon!
Bearizona Wildlife Park	Arizona	USA	Entertainment/sports		Planning	https://www.bearizona.com/	1500 E Route 66, Williams, AZ 86046	35.25700	-112.16709	4.7	Drive-through wildlife park! Bears, wolves, and bison right from your car. Walk-through Cub Kingdom. 160 acres. 3-mile scenic drive. Exceptionally close to the animals!
Chiricahua National Monument	Arizona	USA	Nature		Planning	https://www.nps.gov/chir/index.htm	Chiricahua National Monument, Willcox, AZ 85643	32.01214	-109.34161	4.9	"Land of Standing-Up Rocks"!  Bizarre hoodoos + balanced rocks.  Volcanic.  17-mile scenic drive.  Hiking trails galore!
Cliff Dwellings	Arizona	USA	Historic		Planning	http://www.nps.gov/cach/index.htm	Canyon de Chelly, Chinle, AZ 86503	36.15423	-109.55125	4.8	Ancient Puebloan ruins!  800+ ruins in canyon.  Spider Rock view.  Need Navajo guide for canyon floor.  Rim drives FREE!
Dinosaur tracks	Arizona	USA	Nature		Planning	https://www.flagstaff.com/dinosaur-tracks	US-160, Tuba City, AZ 86045	36.10878	-111.24157	4.4	200 million year old dinosaur tracks! Navajo Nation land. Dilophosaurus footprints. Local guides available. FREE but tip expected!
Failed Mars experiment	Arizona	USA	Museum		Planning	https://biosphere2.org/	32540 S Biosphere Rd, Oracle, AZ 85623	32.57850	-110.84784	4.5	Failed 1990s ecosystem experiment!  5 biomes under glass.  Rainforest, ocean, desert.  University of Arizona research.  1.5 hour self-guided app tour!
Four Corners	Arizona	USA	Bizarre		Planning	http://www.navajonationparks.org/	Four Corners Monument, Teec Nos Pos, AZ	36.99898	-109.04517	4	THE ONLY place with 4 states at once! AZ-UT-CO-NM. Navajo Nation. Vendor stalls. Touristy but iconic!
Ghost town, kunstenaars	Arizona	USA	Ghost Town		Planning	http://www.ghosttownhandicrafts.com/	Jerome, AZ 86331	34.74891	-112.11377	5	"Wickedest Town in the West"! Copper mining 1876–1953. Now an artists' community. Wineries (Maynard of Tool!). Ghost tours + galleries!
Hotel	Arizona	USA	Hotel		Planning	https://www.elportalsedona.com/?utm_source=google&utm_medium=organic&utm_campaign=gmblisting	95 Portal Ln, Sedona, AZ 86336	34.86271	-111.76503	4.7	Luxury boutique Sedona hotel!  12 rooms hacienda style.  Save rock views.  Pet friendly.  Romantic high end!
Hotel luchthaven	Arizona	USA	Hotel		Planning	http://www.skyranchlodge.com/?utm_source=google&utm_medium=organic&utm_campaign=business_listing	1 Airport Rd, Sedona, AZ 86336	34.86259	-111.78052	4.6	Hotel on top of the mesa! Private airfield. Panoramic red rock views. Cabins + rooms. Unique location!
Kartchner Caverns	Arizona	USA	Nature		Planning	https://azstateparks.com/kartchner	2980 AZ-90, Benson, AZ 85602	31.83553	-110.34415		LIVING cave! 2.4 miles of underground passages. Massive formations. Discovered 1974, opened 1999. Guided tours ONLY!
Meteor Crater	Arizona	USA	Nature		Planning	https://meteorcrater.com/	Meteor Crater Rd, Winslow, AZ 86047	35.07257	-111.03262	4.4	BEST preserved meteor crater! 550 ft deep, 4,000 ft wide. 50,000 years old. Apollo astronauts trained here. Rim tours + museum!
Montezuma Castle	Arizona	USA	Historic		Planning	https://www.nps.gov/moca/index.htm	Montezuma Castle, Camp Verde, AZ 86322	34.61158	-111.83499	4.7	Cliff dwellings 1100-1425 AD!  5-story apartment in limestone cliff.  Sinagua people.  20 rooms.  WELL preserved!
Muziek museum	Arizona	USA	Museum		Planning	https://mim.org/	4725 E Mayo Blvd, Phoenix, AZ 85050	33.66764	-111.97835	4.9	Musical Instrument Museum! 15,000+ instruments worldwide. Geographic galleries. Experience Gallery - play yourself! Incredible collection!
Mystery Castle	Arizona	USA	Bizarre		Planning	http://www.mymysterycastle.com/	800 E Mineral Rd, Phoenix, AZ 85040	33.35660	-112.06194	4.4	Father built a castle for his daughter! 18 rooms made from found materials. Car parts, gold mining tools. Bizarre architecture. Oct-June ONLY!
Nucleare site te bezoeken	Arizona	USA	Museum		Planning	http://www.titanmissilemuseum.org/	1580 W Duval Mine Rd, Sahuarita, AZ 85629	31.90271	-110.99944	4.8	THE ONLY accessible Titan II silo! 110ft missile still intact. Cold War relic. Simulated launch experience. 55 steps down!
Openlucht Museum vliegtuigen	Arizona	USA	Aviation		Planning	https://www.pimaair.org/	6000 E Valencia Rd, Tucson, AZ 85756	32.13896	-110.86870	4.8	LARGEST aviation museum! 400+ aircraft. 80 acres. SR-71, B-29, Presidential planes. Boneyard bus tours extra!
Organ pizza restaurant	Arizona	USA	Restaurant		Planning	http://www.organstoppizza.com/	1149 E Southern Ave, Mesa, AZ 85204	33.39286	-111.80778	4.7	Pizza + Wurlitzer organ show! 4/73 Mighty Wurlitzer. Organist plays while you eat. BIZARRE experience. Vintage arcade games!
Overnachten in de woestijn	Arizona	USA	Hotel		Planning	https://www.tanqueverderanch.com/?utm_source=google&utm_medium=organic&utm_campaign=gbp_listing	Tucson, AZ	32.25398	-110.97418	4.6	Joshua Tree House in Sonoran Desert!  Glamping experience.  Off-grid but luxurious.  Stargazing perfection.  Unique desert stay!
Petrified Forest	Arizona	USA	Nature		Planning	https://nps.gov/pefo/index.htm	Petrified Forest National Park, AZ 86028	34.95832	-109.75940	4.8	Petrified trees 225 million years ago! Painted Desert views. Route 66 historic sites. 28-mile scenic drive. Badlands + petroglyphs!
Raptor Ranch & Bedrock City	Arizona	USA	Bizarre		Planning	https://raptor-ranch.com/attractions/bedrock-city/	332 South State Hwy 64, Valle, AZ 86046	32.23627	-110.74349	4.2	Birds of Prey + Flintstones Bedrock City!  Eagles, hawks, owls close up.  40+ rescued birds.  Flintstones theme.  BIZARRE combination!
Red Rock	Arizona	USA	Nature		Planning	https://azstateparks.com/red-rock/	4050 Red Rock Loop Rd, Sedona, AZ 86336	34.81133	-111.82868	4.7	Red Rock State Park! Oak Creek running through the park. Hiking trails + bird watching. Sedona red rocks without the crowds. Nature center!
Rotsen vergelijkbaar Wave	Arizona	USA	Nature		Planning	https://www.blm.gov/visit/white-pocket-trailhead	White Pocket, Vermilion Cliffs, AZ	36.95610	-111.90434	4.9	LIKE The Wave but NO permit!  Swirling white/red sandstone.  4WD REQUIRED rough road.  Vermilion Cliffs.  Less crowded than Wave!
Scottsdale	Arizona	USA	Entertainment/sports		Planning	http://www.scottsdaleaz.gov/	Scottsdale, AZ	33.49488	-111.92167		Luxury desert city!  Old Town galleries.  Frank Lloyd Wright Taliesin West.  Spas, golf, shopping.  Upscale Phoenix suburb!
Slapen in originele trailer	Arizona	USA	Hotel		Planning	https://theshadydell.com/	1 Douglas Rd, Bisbee, AZ 85603	31.42981	-109.89195	4.5	Vintage trailer park hotel! 1950s Airstreams + caravans. Each with a theme. Chris Craft yacht! Unique retro experience!
The Thing	Arizona	USA	Bizarre		Planning	https://www.bowlinsthething.com/	2631 N Johnson Rd, Dragoon, AZ 85609	32.08103	-110.05069	4.6	Mystery of the Desert!  247 billboards advertise this thing.  $5 for aliens vs dinosaurs backstory.  Mummy mother & child.  Dairy Queen on site!
Tombstone	Arizona	USA	Historic		Planning	http://www.cityoftombstone.com/	Tombstone, AZ 85638	31.71287	-110.06758		"The Town Too Tough to Die"!  OK Corral gunfight reenactment.  Bird Cage Theatre.  Boot Hill Cemetery.  Wild West kitsch perfection!
Tortilla saloon	Arizona	USA	Restaurant		Planning	http://www.tortillaflataz.com/	1 Main St, Tortilla Flat, AZ 85190	33.52615	-111.39000	4.6	Smallest town in AZ!  Population: 6. Old West saloon on Apache Trail.  Prickly pear ice cream!  Walls covered in $1 bills!
Crater of Diamonds State Park	Arkansas	USA	Bizarre		Planning	https://www.arkansasstateparks.com/parks/crater-diamonds-state-park	209 State Park Rd, Murfreesboro, AR 71958	34.03296	-93.67048		DIG FOR DIAMONDS! The only public diamond mine! Keep what you find! 75,000+ diamonds found. 40-acre plowed field. GOLD!
Crescent Ghost hotel	Arkansas	USA	Hotel		Planning	http://www.americasmosthauntedhotel.com/	75 Prospect Ave, Eureka Springs, AR 72632	36.40837	-93.73728	4.5	“America's Most Haunted Hotel!”  Ghost tours daily.  Historic 1886 castle.  Victorian architecture.  Eureka Springs. SPOOKY!
Crystal Bridges Museum of American Art	Arkansas	USA	Museum		Planning	https://crystalbridges.org/	600 Museum Way, Bentonville, AR 72712	36.38214	-94.20352	4.8	WORLD CLASS art museum!  Walmart-funded.  Frank Lloyd Wright house.  Sculpture trails.  FREE admission. STUNNING!
Devil's Den State Park	Arkansas	USA	Nature		Planning	https://www.arkansasstateparks.com/parks/devils-den-state-park	11333 W AR-74, West Fork, AR 72774	35.78198	-94.25269	4.8	OZARK hiking paradise!  Caves, bluffs, waterfalls.  CCC built cabins.  Butterfield Trail.  Fall foliage spectacular!
Esse Purse Museum	Arkansas	USA	Museum		Planning	http://essepursemuseum.com/	1510 Main St, Little Rock, AR 72202	34.73401	-92.27347	4.8	PURSE through time!  1900s-current handbags.  Women's history through accessories.  Quirky + educational.  Little Rock treasure!
Fordyce Bathhouse	Arkansas	USA	Museum		Planning	https://www.nps.gov/hosp/index.htm	369 Central Ave, Hot Springs, AR 71901	34.51371	-93.05347	4.8	Bathhouse Row MUSEUM!  Most beautiful bathhouse (1915).  FREE self-guided tour.  Original tiled pools, equipment.  National Park Service. MUST!
Gangster Museum of America	Arkansas	USA	Museum		Planning	http://www.tgmoa.com/	510 Central Ave, Hot Springs, AR 71901	34.51230	-93.05440	4.4	Al Capone vacation spot!  Gangster history Hot Springs.  1920s-30s organized crime.  Interactive exhibits.  MAFIA vibes!
Grotto Wood-Fired Grill and Wine Cave	Arkansas	USA	Restaurant		Planning	http://www.grottoeureka.com/	10 Center St, Eureka Springs, AR 72632	36.40277	-93.73664	4.6	WINE CAVE restaurant!  Underground dining.  Wood fired grill.  Extensive wine list.  Eureka Springs. ROMANTIC!
Hotsprings bath	Arkansas	USA	Bizarre		Planning	https://buckstaffbaths.com/	509 Central Ave, Hot Springs, AR 71901	34.51244	-93.05358	4.3	OLDEST working bathhouse (1912)! Traditional thermal baths. 102°F mineral water. Sitz baths, steam cabinets. Separate men's and women's areas. UNIQUE!
Jones Bar-B-Q Diner	Arkansas	USA	Restaurant		Planning	https://www.facebook.com/JonesBarBQDiner/	219 W Louisiana St, Marianna, AR 72360	34.76837	-90.76506	4.6	OLDEST Black owned restaurant USA!  James Beard Award.  Oldest BBQ in Arkansas (1910)!  Cash only, simple menu.  HISTORIC + delicious!
Lodge wildpark	Arkansas	USA	Hotel		Planning	https://www.turpentinecreek.org/	239 Turpentine Creek Ln, Eureka Springs, AR 72631	36.30965	-93.75525	4.8	SLEEPING with big cats! Lodges at the sanctuary. Tiger roar as an alarm clock. Unique experience. Animal lovers' paradise!
McCLARD'S BAR-B-Q	Arkansas	USA	Restaurant		Planning	http://www.mcclards.com/	505 Albert Pike, Hot Springs, AR 71913	34.49611	-93.07474	4.4	LEGENDARY BBQ since 1928!  Bill Clinton favorite.  Ribs, goat BBQ (unique!).  Secret sauce.  ARKANSAS institution!
Petit Jean State Park	Arkansas	USA	Nature		Planning	https://www.arkansasstateparks.com/parks/petit-jean-state-park	1285 Petit Jean Mountain Rd, Morrilton, AR 72110	35.12742	-92.91919	4.9	Arkansas's FIRST state park!  Cedar Falls 95ft waterfall.  Rock House Cave.  Mather Lodge.  Scenic overlooks. CLASSIC!
Superior Bathhouse Brewery	Arkansas	USA	Brewery/Distillery		Planning	http://www.superiorbathhouse.com/	329 Central Ave, Hot Springs, AR 71901	34.51487	-93.05330	4.4	THE ONLY brewery in the National Park! Beer brewed with thermal water. Historic bathhouse building. Tour + tasting. QUIRKY concept!
The Old Mill	Arkansas	USA	Historic		Planning	https://nlr.ar.gov/departments/parks-and-recreation/parks/old-mill/	3800 Lakeshore Dr, North Little Rock, AR 72116	34.79152	-92.24935	4.8	"Gone with the Wind" opening scene!  1933 replica mill.  Photogenic park.  T.R. Pugh Memorial Park.  FREE. Movie history!
Treehouse	Arkansas	USA	Hotel		Planning	https://treehousecottages.com/	165 W Van Buren, Eureka Springs, AR 72632	36.39705	-93.74595	4.8	TREEHOUSE cottages!  14 themed treehouses.  Romantic + quirky.  Hot tubs.  Eureka Springs hideaway. MAGICAL!
Turpentine Creek Wildlife Refuge	Arkansas	USA	Nature		Planning	https://www.turpentinecreek.org/	239 Turpentine Creek Ln, Eureka Springs, AR 72631	36.30965	-93.75525	4.8	BIG CAT sanctuary!  Tigers, lions, leopards rescued.  450-acre refuge.  Guided tours.  Lodges available. ROAR!
Walmart Museum	Arkansas	USA	Museum		Planning	http://www.walmartmuseum.com/	105 N Main St, Bentonville, AR 72712	36.37260	-94.20905	4.6	Original Walmart #1 (1950)!  Sam Walton's 5&10.  Retail history.  Spark Café inside.  FREE. Corporate pilgrimage!
White Water Tavern	Arkansas	USA	Entertainment		Planning	http://whitewatertavern.com/	2500 W 7th St, Little Rock, AR 72205	34.74542	-92.30128	4.7	LIVE music venue!  Indie bands, local artists.  Dive bar atmosphere.  Little Rock nightlife.  Music lovers!
Abbaye d'Orval	Belgium	Belgium	Brewery/Distillery		Planning	https://www.orval.be/	Orval 1, 6823 Florenville, Wallonia	49.63888	5.35001	4.6	Historic Trappist abbey with stunning ruins and a working brewery producing the legendary Orval beer. It offers peaceful grounds and beautiful architecture perfect for a relaxing afternoon. There are nearby camping options and scenic Ardennes biking paths.
Adventure Valley Durbuy	Belgium	Belgium	Entertainment/sports		Planning	https://www.adventure-valley.be/en/	Rue de Rome 1, 6940 Durbuy, Luxembourg	50.34644	5.46036	4.2	Choose among treetop courses, via ferrata, tubing, mountain biking and other activities rather than buying into a one-size-fits-all day. Reserve the most suitable pass, then combine the park with Durbuy's old centre or a campsite along the Ourthe.
Athena Helios	Belgium	Belgium	Naturist		Planning	https://naturisme-athena.org/en/helios/	Grevenbos 2, 3078 Meerbeek, Flemish Brabant	50.88210	4.60778	4.3	This established naturist campsite offers tent pitches, swimming and recreation in a wooded setting near Leuven and Brussels. Contact the resort before arrival to confirm membership or visitor-card requirements, day access and whether the F-150 fits the assigned pitch.
Athena Le Rêve	Belgium	Belgium	Naturist		Planning	https://www.athena-naturisme.be/	Rue de la Carrière 12, 4170 Comblain-au-Pont, Wallonia	50.47497	5.57304		A tranquil naturist camping site situated in a beautifully secluded quarry setting in the Ardennes. It offers great facilities for tent campers who prefer a clothing-optional environment. The surrounding region is renowned for scenic river valleys and hiking paths.
Atomium	Belgium	Belgium	Bizarre		Planning	https://atomium.be/	Place de l'Atomium 1, 1020 Brussels	50.89502	4.34142	4.4	Originally built for the 1958 Brussels World's Fair, this massive iron crystal structure is a retro-futuristic marvel. Visitors can take escalators through the tubes and enjoy panoramic views of Brussels from the top sphere. A uniquely Belgian landmark that bridges history and weird science.
Bastogne War Museum	Belgium	Belgium	Museum		Planning	https://www.bastognewarmuseum.be/	Colline du Mardasson 5, 6600 Bastogne, Wallonia	50.01061	5.73925	4.6	An immersive museum dedicated to the Battle of the Bulge with interactive, personal perspectives. It provides deep historical context which the couple will appreciate for its quality and scale. The massive Mardasson Memorial is right next door.
Bokrijk Open-Air Museum	Belgium	Belgium	Museum		Planning	https://bokrijk.be/en	Bokrijklaan 1, 3600 Genk, Limburg	50.96308	5.40307	4.5	Historic buildings, demonstrations and large green grounds create a lived-in landscape rather than a conventional indoor museum. Plan at least half a day and bring the e-bikes for Cycling Through Water and the De Wijers ponds next door.
Brouwerij Het Anker	Belgium	Belgium	Brewery/Distillery		Planning	https://www.hetanker.be/	Guido Gezellelaan 49, 2800 Mechelen, Flanders	51.03171	4.47327	4.5	One of Belgium's oldest operating breweries, famous for the Gouden Carolus beer. The guided tour concludes with a generous tasting and excellent insights into Belgian brewing traditions. Mechelen is very bike-friendly and has a great historic center.
C-mine	Belgium	Belgium	Museum		Planning	https://www.c-mine.be/	C-Mine 10, 3600 Genk, Flanders	50.98279	5.49055		A brilliantly restored coal mining site transformed into a cultural hub. The expedition tour takes you underground through ventilation shafts and up the towering headframes for amazing views. A fascinating blend of industrial heritage and modern design.
Cantillon Brewery	Belgium	Belgium	Brewery/Distillery		Planning	https://www.cantillon.be/visites	Rue Gheude 56, 1070 Anderlecht, Brussels	50.84157	4.33562	4.6	This working lambic brewery retains wooden equipment, open fermentation and atmospheric ageing rooms. Reserve an English tour, use public transport rather than driving the F-150 into Brussels and combine it with the Marolles or a gueuze-focused meal.
Caves of Han	Belgium	Belgium	Nature		Planning	https://grotte-de-han.be/en	Rue des Grottes 46, 5580 Han-sur-Lesse, Namur	50.12429	5.19123	4.4	A historic tram and guided route lead through enormous limestone chambers, with an optional wildlife park and treetop experience. Allow most of a day, pack a light layer for the cool cave and reserve ahead during weekends and school holidays.
Château de Vêves	Belgium	Belgium	Historic		Planning	https://chateau-de-veves.be/	Route de Vêves 3, 5561 Houyet, Wallonia	50.22073	4.98263	4.4	A spectacular fairytale-like castle with pointed turrets perched on a rocky peak. It feels incredibly authentic and offers a glimpse into medieval life in the region. It is situated close to Dinant and beautiful forested cycling routes.
Choco-Story Brussels	Belgium	Belgium	Museum		Planning	https://choco-story-brussels.be/	Rue de l'Etuve 41, 1000 Brussels	50.84531	4.35013	4.4	A highly interactive museum dedicated to the history and production of chocolate. It features live demonstrations by master chocolatiers and plenty of tasting opportunities. It is an indulgent and fun cultural stop in the heart of the capital.
Citadel of Dinant	Belgium	Belgium	Historic		Planning	https://www.citadellededinant.be/	Chemin de la Citadelle 1, 5500 Dinant, Wallonia	50.26150	4.91672	4.5	Perched high on a cliff overlooking the Meuse River, offering spectacular views and rich military history. Visitors can reach it via a steep staircase or a convenient cable car. The surrounding valley is excellent for scenic e-bike rides.
Cycling Through Heathland	Belgium	Belgium	Entertainment/sports		Planning	https://www.visitlimburg.be/en/what-to-do/cycling-through-heathland-hoge-kempen-national-park	Weg naar Heiwick, 3630 Maasmechelen, Limburg	50.95719	5.61609	4.2	This four-kilometre national-park section includes a 300-metre wooden bridge with panoramic heathland views. Late summer gives the best purple heather, but the ride works year-round and combines naturally with Terhills or a longer Limburg cycling loop.
Cycling Through Trees	Belgium	Belgium	Entertainment/sports		Planning	https://www.visitlimburg.be/en/cycling-through-the-trees	Kiefhoekstraat 16, 3940 Hechtel-Eksel, Limburg	51.15790	5.30606	4.6	A circular elevated path climbs gradually to ten metres among the pines of Bosland National Park. Free parking and the surrounding cycle-node network make it easy to build a 30- to 60-kilometre e-bike loop without technical riding.
Cycling Through Water	Belgium	Belgium	Entertainment/sports		Planning	https://www.visitlimburg.be/en/cycling-through-water	Bokrijklaan 1, 3600 Genk, Limburg	50.96308	5.40307	4.6	A sunken 200-metre cycle path crosses a pond with the water surface at eye level on both sides. Link it into a longer De Wijers loop, then visit Bokrijk; the route is also open to walkers and joggers.
De Halve Maan Brewery	Belgium	Belgium	Brewery/Distillery		Planning	https://www.halvemaan.be/en/visit/brewery	Walplein 26, 8000 Bruges, West Flanders	51.20217	3.22394	4.6	This family brewery explains Bruges' underground beer pipeline and finishes the standard tour with a tasting. The route includes steep stairs, so wear practical shoes and leave the truck at a park-and-ride before walking or cycling into the centre.
De Schorre Troll Forest	Belgium	Belgium	Bizarre		Planning	https://www.deschorre.be/nl/activiteiten/trollenbos	Schommelei 1, 2850 Boom, Antwerp	51.08816	4.37648		Seven giant recycled-wood trolls are hidden around the former clay-pit landscape used by Tomorrowland. Explore on foot or bike, expect muddy paths after rain and check event closures before arriving with the truck.
Doel	Belgium	Belgium	Bizarre		Planning	https://www.gemeentebkz.be/toerisme/volg-de-schelde/doel	Hooghuisstraat 13, 9130 Doel, East Flanders	51.31011	4.26368		This partly abandoned but still inhabited village mixes street art, empty houses, a windmill and immense port infrastructure. Stay on public roads, respect residents and current access restrictions, and combine it with the Verbeke Foundation or Fort Liefkenshoek.
Fondry des Chiens	Belgium	Belgium	Nature		Planning	https://visitwallonia.com/en-gb/content/fondry-des-chiens-impressive-sinkhole	Rue Orgeveau, 5670 Nismes, Namur	50.07088	4.55794	4.6	This protected limestone chasm resembles a miniature canyon and is reached by a scenic walk from Nismes. The 4.4-kilometre route is a good active stop, and the village has motorhome facilities and easy links to the Viroin valley.
Fort Breendonk	Belgium	Belgium	Historic		Planning	https://fortbreendonk.be/en	Brandstraat 57, 2830 Willebroek, Antwerp	51.05653	4.34132	4.6	This preserved fort and former Nazi detention camp is one of Belgium's most confronting historical sites. Allow at least two hours and avoid stacking too many heavy memorial visits on the same day; De Schorre and Mechelen are nearby.
Furfooz Nature Reserve	Belgium	Belgium	Nature		Planning	https://www.reservedefurfooz.be/en/home/	Rue du Camp Romain 79, 5500 Furfooz, Namur	50.21305	4.95404	4.6	A marked 3.5-kilometre trail links cliffs, caves, Roman remains and viewpoints over the Lesse. It is compact but steep enough to feel adventurous; check for flood-related closures and combine it with Dinant or kayaking on the Lesse.
Ghent Festivities	Belgium	Belgium	Festival		Planning	https://visit.gent.be/en/calendar/ghent-festivities	Sint-Baafsplein 1, 9000 Ghent, East Flanders	51.05298	3.72716	5	For ten days in July, central Ghent becomes a huge mostly free festival of music, street theatre, food and late-night crowds. Stay at a campsite or hotel outside the centre and use bikes, trams or trains; weekday afternoons are lively without maximum chaos.
Gravensteen	Belgium	Belgium	Historic		Planning	https://historischehuizen.stad.gent/nl/gravensteen	Sint-Veerleplein 11, 9000 Gent, Flanders	51.05718	3.72077	4.6	Explore a medieval castle complete with a moat right in the center of Ghent. Provides a fascinating audio guide with a humorous twist perfect for an engaging visit. Great for combining with a walking or biking tour of the historic city center.
Grotten van Kanne	Belgium	Belgium	Bizarre		Planning	https://www.grottenvankanne.be/	Avergat 14, 3770 Riemst, Flanders	50.81054	5.66918	4.6	An extensive network of marl caves featuring impressive mural paintings and even an underground mushroom farm. It provides a highly unique guided tour exploring local history and geology. The constant cool temperature makes it a great rainy day activity.
Grottes de Remouchamps	Belgium	Belgium	Nature		Planning	https://www.lesgrottes.be/	Rue de Louveigné 3, 4920 Aywaille, Wallonia	50.48006	5.71231	4.4	These stunning caves offer the longest underground boat ride in the world alongside impressive stalactite formations. The dual experience of walking through the caverns and taking a boat back is highly memorable. Located in the Ardennes, ideal for a road trip stop.
Hallerbos	Belgium	Belgium	Nature		Planning	https://www.hallerbos.be/en/	Hogebermweg, 1500 Halle, Flemish Brabant	50.71678	4.26717	4.6	This ancient forest becomes a blue-purple carpet during the short bluebell season, usually in April. Visit very early or arrive by bike or shuttle because parking fills quickly, and remain on marked paths to protect the flowers.
High Fens and Botrange	Belgium	Belgium	Nature		Planning	https://botrange.be/	Rue de Botrange 131, 4950 Waimes, Liège	50.49347	6.09969	4.7	Belgium's highest plateau offers peat bogs, forest trails and exposed boardwalk walks with a genuinely wild feel. Weather can turn quickly, so bring waterproof layers and check trail closures; combine it with the Vennbahn, Malmedy or a legal campsite around Bütgenbach.
Hoge Kempen National Park	Belgium	Belgium	Nature		Planning	https://www.nationaalparkhogekempen.be/en	Zetellaan 54, 3630 Maasmechelen, Limburg	51.00140	5.70335	4.6	Belgium's largest national park combines heathland, pine forest, mining heritage and extensive hiking and cycling networks. Start at the visitor centre, unload the foldable e-bikes and use designated campsites because wild camping is generally not permitted; the U.S. National Parks pass is not valid here.
In Flanders Fields Museum	Belgium	Belgium	Museum		Planning	https://www.inflandersfields.be/en	Grote Markt 34, 8900 Ypres, West Flanders	50.85152	2.88611	4.6	This modern museum inside the Cloth Hall explains the First World War through personal stories and regional context. Combine it with the evening Last Post and a battlefield cycling loop, leaving the oversized truck at a peripheral car park.
Kalmthoutse Heide	Belgium	Belgium	Nature		Planning	https://www.grensparkkalmthoutseheide.com/	Putsesteenweg 129, 2920 Kalmthout, Flanders	51.37592	4.44950		A stunning cross-border nature reserve featuring heathlands, sand dunes, and pine forests. Perfect for the couple to use their e-bikes or hike along well-marked trails. It presents a very different side of Belgian nature compared to the Ardennes.
Lieteberg Barefoot Path	Belgium	Belgium	Nature		Planning	https://www.lieteberg.be/	Stalkerweg, 3690 Zutendaal, Flanders	50.92983	5.57441	4.4	A nearly 3km trail designed specifically to be walked entirely barefoot over wood, stones, water, and mud. It is a wonderfully quirky way to experience nature and get grounded. Afterwards, visitors can enjoy the on-site insect museum and butterfly greenhouse.
Lommel Sahara	Belgium	Belgium	Nature		Planning	https://www.bosland.be/	Sportveldenstraat 10, 3920 Lommel, Flanders	51.24510	5.30534	4.6	A striking landscape of sand dunes, pine forests, and bright blue lakes born from historical sand extraction. The area boasts excellent cycling paths and a tall observation tower offering panoramic views. An ideal spot for the couple to enjoy a nature-filled day.
Meise Botanic Garden	Belgium	Belgium	Nature		Planning	https://www.plantentuinmeise.be/	Nieuwelaan 38, 1860 Meise, Flanders	50.92798	4.32908	4.6	One of the largest botanical gardens in the world, featuring historic glasshouses and a massive collection of rare plants. The spacious grounds are fantastic for walking and include a picturesque 12th-century castle. A peaceful escape situated just outside the Brussels ring.
Middelheim Museum	Belgium	Belgium	Museum		Planning	https://middelheimmuseum.be/	Middelheimlaan 61, 2020 Antwerp, Flanders	51.18140	4.41350	4.5	A vast open-air sculpture park featuring modern and contemporary art scattered throughout lush green lawns. Completely free to enter, it offers a fantastic place for a leisurely walk or bike ride. An unexpected cultural gem just outside the city center.
Molignée Railbikes	Belgium	Belgium	Entertainment/sports		Planning	https://www.draisines.online/index.php/en/home-en/	Rue de la Molignée 116, 5537 Warnant, Namur	50.31457	4.87578	4.5	Pedal a four-person railbike along a disused railway through the wooded Molignée valley. The activity is active without being extreme, departure times are fixed, and the longer route combines well with Maredsous Abbey or Montaigle Castle.
Ninglinspo Valley	Belgium	Belgium	Nature		Planning	https://visitwallonia.com/en-gb/content/walk-along-ninglinspo-valley	Sedoz 5, 4920 Aywaille, Liège	50.46879	5.74333	4.7	This energetic riverside hike follows Belgium's only mountain stream past cascades, rocks and small pools. Choose the longer Ninglinspo-Chefna loop for a proper workout, wear grippy footwear and combine it with the Fonds de Quarreux or Remouchamps.
Nuetnigenough	Belgium	Belgium	Restaurant		Planning	https://www.nuetnigenough.be/	Rue du Lombard 25, 1000 Brussels	50.84587	4.34983	4.6	A cozy, authentic Belgian brasserie specializing in hearty local cuisine paired with an exceptional selection of craft beers. The name translates to never enough, which applies perfectly to their rich stews. It gets busy, so arriving early is a must.
Pairi Daiza	Belgium	Belgium	Theme Park		Planning	https://www.pairidaiza.eu/en/	Domaine de Cambron 1, 7940 Brugelette, Hainaut	50.58862	3.88667	4.6	This vast landscaped animal park is organised as immersive themed worlds, making the gardens and architecture nearly as important as the animals. Arrive at opening, expect a full day of walking and book online during busy periods; camping options are available elsewhere in the region.
Plantin-Moretus Museum	Belgium	Belgium	Museum		Planning	https://museumplantinmoretus.be/	Vrijdagmarkt 22, 2000 Antwerp, Flanders	51.21850	4.39816	4.6	A UNESCO World Heritage site featuring the two oldest surviving printing presses in the world. Walking through the 16th-century home and workshops feels like stepping back in time. It is a quiet, fascinating alternative to busy art museums.
Reading Between the Lines	Belgium	Belgium	Bizarre		Planning	https://www.visitlimburg.be/en/what-to-do/reading-between-lines-gijs-van-vaerenbergh	Wandelweg between Sint-Truidersteenweg and Heirbaan, 3840 Tongeren-Borgloon, Limburg	50.79411	5.35178	4.5	This ten-metre steel church appears solid from one angle and dissolves into the landscape from another. Reach it by a short countryside walk or include it in a Haspengouw e-bike route with fruit orchards and other outdoor artworks.
Rocher de Bayard	Belgium	Belgium	Bizarre		Planning		Route de Neufchâteau, 5500 Dinant, Wallonia	50.24461	4.92131	4.5	A spectacular 40-meter high needle of rock standing alone next to the Meuse river, with the road passing right through a narrow cleft. Legend says it was split by the hoof of a giant magic horse. A quick but wildly photogenic stop when driving the area.
Route des Crêtes de l'Ardenne	Belgium	Belgium	Scenic Route		Planning		N681 region, 4960 Malmedy, Wallonia	50.39197	4.85077		A gorgeous scenic drive winding through the valleys and peaks of the Ardennes. It is perfect for a road trip in the truck and provides access to countless hiking and camping spots. Highlights the rugged natural beauty of eastern Belgium.
Semois Valley Route	Belgium	Belgium	Scenic Route		Planning	https://www.semois-parcnational.be/en	Rue de la Cense, 6830 Rochehaut, Luxembourg	49.84038	5.00457		Drive the winding roads between Bouillon, Rochehaut, Frahan and Vresse-sur-Semois, stopping for river-bend viewpoints and short hikes. The F-150 will fit on the main roads but village streets and parking can be tight, so use the e-bikes for local exploration and camp only at designated sites.
Stadsbrouwerij De Koninck	Belgium	Belgium	Brewery/Distillery		Planning	https://www.dekoninck.be/	Mechelsesteenweg 291, 2018 Antwerp, Flanders	51.19960	4.41560	4.4	An interactive, self-guided brewery experience in Antwerp that is modern and highly engaging. Visitors learn the history of the iconic Bolleke glass and enjoy tastings along the route. The site also hosts independent food artisans like a cheese shop and bakery.
Ter Beke 4, 2650 Edegem, België	Belgium	Belgium	Bizarre		Planning		Ter Beke 4, 2650 Edegem, Belgium	51.16467	4.44249		
The Owl Distillery	Belgium	Belgium	Brewery/Distillery		Planning	https://www.belgianowldistillery.com/	Hameau de Goreux 7, 4347 Fexhe-le-Haut-Clocher, Wallonia	50.65252	5.41924	4.8	A fascinating tour of a working distillery producing award-winning Belgian single malt whisky. It uses local barley and authentic Scottish stills in a charming agricultural setting. Offers a premium tasting experience perfect for craft beverage lovers.
Tower of Eben-Ezer	Belgium	Belgium	Bizarre		Planning	https://www.musee-du-silex.be/ENG/index.php	Chemin du Broukay 38, 4690 Eben-Emael, Liège	50.77488	5.65180	4.3	This eccentric flint tower was built by one man as a symbolic, biblical and philosophical monument. The museum is delightfully difficult to classify, and it combines well with Fort Eben-Emael, Maastricht or cycling beside the Albert Canal.
Train World	Belgium	Belgium	Museum		Planning	https://www.trainworld.be/	Place Princesse Elisabeth 5, 1030 Schaerbeek, Brussels	50.87775	4.37911	4.6	A beautifully designed railway museum housed in the old Schaerbeek train station. It showcases spectacular historic locomotives in dramatic lighting, offering a surprisingly captivating experience even for non-enthusiasts. Easy to reach via public transit in Brussels.
Vennbahn Cycle Route	Belgium	Belgium	Scenic Route		Planning	https://www.vennbahn.eu/en/	Hauptstraße 54, 4780 Sankt Vith, Liège	50.28093	6.12592		This largely traffic-free rail trail runs through Belgium, Germany and Luxembourg with gentle gradients ideal for foldable e-bikes. Ride a one-way stage and arrange a shuttle or choose an out-and-back section from Sankt Vith; campsites and cafés make multi-day riding straightforward.
Verbeke Foundation	Belgium	Belgium	Bizarre		Planning	https://verbekefoundation.com/	Westakker 919, 9190 Kemzeke, East Flanders	51.22877	4.06096	4.3	A former transport depot houses bio-art, industrial installations and gloriously strange experiments rather than a polished conventional museum. Allow several hours, wear practical shoes and combine it with Doel or Antwerp's port landscape.
Villers Abbey	Belgium	Belgium	Historic		Planning	https://www.villers.be/en	Rue de l'Abbaye 55, 1495 Villers-la-Ville, Walloon Brabant	50.58928	4.52978	4.7	These vast Cistercian ruins offer vaulted remains, gardens and atmospheric paths without requiring a full-day museum commitment. Explore for roughly two hours, then continue to Waterloo or cycle quiet roads through the surrounding countryside.
Waterloo 1815 Memorial	Belgium	Belgium	Historic		Planning	https://waterloo1815.be/en	Route du Lion 1815, 1420 Braine-l'Alleud, Walloon Brabant	50.68527	4.38632	4.5	The battlefield complex includes an underground museum, panoramic presentation, Hougoumont Farm and the Lion's Mound. Expect substantial walking and many stairs if climbing the mound, and combine it with Villers Abbey or Hallerbos.
Zwin Nature Park	Belgium	Belgium	Nature		Planning	https://www.zwin.be/en	Graaf Léon Lippensdreef 8, 8300 Knokke-Heist, West Flanders	51.35899	3.35037	4.4	This coastal reserve combines salt marshes, bird hides, observation points and easy trails near the Dutch border. Park outside the busiest coastal zone when possible and approach by e-bike; migration seasons pair well with a ride through the Zwin polders.
3-Mile Beach Clothing Optional - Penticton	British Columbia	Canada	Naturist		Planning	https://3milebeach.com	Okanagan Lake N, Penticton, BC V2A	49.49914	-119.59371		Clothing-optional beach on the shore of Okanagan Lake! Naturist destination for decades. Penticton, Okanagan Valley. FREE. Goldbug style, but by a lake. Okanagan: also wine country! Combine naturist + winery.
33 Acres Brewing - Vancouver	British Columbia	Canada	Brewery/Distillery		Planning	https://33acresbrewing.com	15 W 8th Ave, Vancouver, BC V5Y 1M8	49.26391	-123.10534		Vancouver's most aesthetically perfect microbrewery! 33 Acres of Darkness + Ocean are the iconic beers. Mount Pleasant, Vancouver. White & sleek interior. Coffee culture + beer culture combined. Instagram-perfect taproom.
Araxi - Whistler	British Columbia	Canada	Restaurant		Planning	https://www.araxi.com	4222 Village Square, Whistler, BC V8E 1C6	50.11506	-122.95553		Whistler's #1 restaurant - James Beard-nominated chef James Walt! Oysters + farm-to-table Pacific Northwest. Village Square, Whistler. House fondue after skiing = Belgian dream. Book well in advance.
Barkerville Ghost Town	British Columbia	Canada	Ghost Town		Planning	https://www.barkerville.ca	14302 Barkerville Hwy, Wells, BC V0K 2R0	53.08554	-121.51280		BC's biggest gold rush town – restored into a living museum! Costume demonstrations. Gold panning. 100+ buildings. Barkerville, N-Cariboo region. Far from everything. May-September. One of Canada's best-preserved ghost towns.
Boswell Embalming Bottle House	British Columbia	Canada	Bizarre		Planning	https://www.atlasobscura.com	10982 Hwy 3A, Boswell, BC V0B 1A0	49.48014	-116.77156		House built from 500,000 wrapped embalming fluid bottles! David H. Brown built this in 1952-1953 using bottles from his own funeral business. Boswell, Kootenay Lake shore. FREE to view from the outside. One of the most bizarre buildings in Canada.
Britannia Mine Museum	British Columbia	Canada	Museum		Planning	https://britanniaminemuseum.ca	Hwy 99, Britannia Beach, BC V8B 0A3	50.30203	-122.57422		Former largest copper mine of the British Empire - now a museum! X-Files was filmed here! Real mine train into the mountain. Explosion demonstrations. Britannia Beach, Sea-to-Sky Highway. Perfect stop on the way to Whistler.
Capilano Suspension Bridge - Vancouver	British Columbia	Canada	Bizarre		Planning	https://www.capbridge.com	3735 Capilano Rd, North Vancouver, BC V7R 4J1	49.34285	-123.11486		137m suspension bridge over a 70m deep gorge! Treetops Adventure: 7 suspension bridges between 300-year-old cedar trees. North Vancouver. Open all year round. Expensive but includes a Cliffwalk along the cliffs. Best family day out in Vancouver.
Club Eden Vancouver	British Columbia	Canada	Naturist		Planning	https://kasidie.com	Vancouver, BC V5K	49.28337	-123.04094		Vancouver lifestyle club via Kasidie ​​+ own events! Various locations throughout the year. Couples and select singles. Via Kasidie.com and Club Eden website. Vancouple has an active lifestyle scene.
Fairmont Chateau Whistler	British Columbia	Canada	Hotel		Planning	https://www.fairmont.com/whistler	4599 Chateau Blvd, Whistler, BC V8E 0Z8	50.11688	-122.94578		Iconic ski chateau at the foot of Blackcomb Mountain! Ski-in ski-out (Blackcomb side). Spa. Multiple restaurants. Whistler Upper Village. High season: expensive but impressive. Ikon Pass: slopes are literally right on the doorstep.
FlyOver Canada - Vancouver	British Columbia	Canada	Entertainment		Planning	https://www.flyovercanada.com	999 Canada Pl, Vancouver, BC V6C 3T4	49.28868	-123.11522		Simulated flying experience over Canada's landscapes! 4D cinema: scent, wind, and movement as you fly over Canada. Canada Place, Vancouver waterfront. Perfect intro for a Canada road trip! Kids will go wild.
Garibaldi PP - Panorama Ridge	British Columbia	Canada	Nature		Planning	https://bcparks.ca/garibaldi-park/	Rubble Creek Trailhead, Squamish, BC V0N 1H0	49.92180	-123.02310		Garibaldi Lake = the most photographed place in BC! Turquoise-blue glacial lake surrounded by volcanic peaks. Panorama Ridge offers a breathtaking 360° view. 30 km round trip, but WOW. Book backcountry camping well in advance via bcparks.ca - it sells out lightning fast.
Gastown Steam Clock - Vancouver	British Columbia	Canada	Bizarre		Planning	https://www.gastown.org	Water St & Cambie St, Vancouver, BC V6B 1A5	49.28431	-123.10879		Steam-powered clock that whistles every quarter hour! Gastown, Vancouver's oldest neighborhood (1867). FREE. Water Street. Touristy but authentic steam mechanism. Surrounded by Vancouver's best restaurants.
Goats on the Roof - Coombs	British Columbia	Canada	Bizarre		Planning	https://www.oldcountrymarket.com	2310 Alberni Hwy, Coombs, BC V0R 1M0	49.30465	-124.42329		GOATS on the grass roof of a market hall! Really. Real goats. Old Country Market: with grazing goats on the roof for over 50 years. May-October: Pip and Penny doing their thing. Coombs, Vancouver Island, 44 km from Nanaimo. FREE to see. Market full of European delicacies inside. A must-see!
Helmcken Falls - Wells Gray PP	British Columbia	Canada	Nature		Planning	https://bcparks.ca/wells-gray-park/	Wells Gray Park Rd, Clearwater, BC V0E 1N0	51.80090	-120.04590		4th highest waterfall in Canada - 141m free fall, HIGHER than Niagara! Wells Gray PP = BC's most underrated park with 200+ waterfalls, lava fields, and volcanic craters. Almost no tourists compared to Banff. 500 km north of Vancouver. FREE. Absolutely impressive.
Icefields Pkwy BC kant - Yoho National Park	British Columbia	Canada	Nature		Planning	https://www.pc.gc.ca	Field, BC V0A 1G0	51.48606	-116.60510		Spiral Tunnels + Emerald Lake + Takakkaw Falls in one park! Takakkaw: Canada's 2nd highest waterfall (373m). Field, BC. Parks Canada pass valid. Via Trans-Canada Highway from Alberta to BC. Less visited than Banff but just as spectacular.
Joe Fortes Seafood - Vancouver	British Columbia	Canada	Restaurant		Planning	https://joefortes.ca	777 Thurlow St, Vancouver, BC V6E 3V5	49.28495	-123.12455		Vancouver's most famous oyster bar – for 40 years! Rooftop patio + raw bar. BC Dungeness crab in season. Robson & Thurlow, Vancouver West End. Named after the real Joe Fortes: city hero and 1900s swimming instructor. Reserve. Oyster hour: best deal in town.
Joffre Lakes Provincial Park	British Columbia	Canada	Nature		Planning	https://bcparks.ca/joffre-lakes-park/	Duffey Lake Rd, Pemberton, BC V0N 2L0	50.36590	-122.50400		BC's most spectacular day trip! 3 turquoise glacial lakes at increasingly higher altitudes – each lake more beautiful than the last. 11 km round trip, 370m elevation. START EARLY (before 8 am) – parking full by 10 am in summer. Book day pass via bcparks.ca. 2 hours from Vancouver towards Whistler.
Myra Canyon Trestle Trail - Kelowna	British Columbia	Canada	Scenic Route		Planning	https://myracanyontrestles.com/	Myra Forest Service Rd, Kelowna, BC	49.79020	-119.28020		Spectacular historic railway bridge trail through Myra Canyon - 18 wooden trestles and 2 tunnels high above the Okanagan Valley. Cycling or walking (12 km return). FREE. Okanagan wine region right next door: 40+ vineyards! F-150 with e-bikes = perfect here. Come for the e-bike tour.
Ogopogo Monster - Okanagan Lake	British Columbia	Canada	Bizarre		Planning	https://www.atlasobscura.com	Okanagan Lake, Peachland, BC V0H 1X0	49.77036	-119.74048		Canada's 'Loch Ness Monster' - reports for centuries! Ogopogo: Syilx First Nations described it long before Europeans. Peachland + Kelowna lake shore. Statues. FREE photo. Look closely at the water. No one has actually seen it. But still.
Rambo Statue - Hope	British Columbia	Canada	Bizarre		Planning	https://www.hopebc.ca	Water Ave, Hope, BC V0X 1L0	49.38159	-121.44682		Life-size bronze Rambo statue – the movie was filmed here! First Blood (1982) uses Hope as a location. Hope, Fraser Canyon. FREE. City Park. More Rambo sculptures scattered throughout the town. Scavenger hunt!
Revelstoke Mountain Resort ⛷️ Ikon	British Columbia	Canada	Ski Resort		Planning	https://www.revelstokemountainresort.com	2950 Camozzi Rd, Revelstoke, BC V0E 2S1	51.00000	-118.16670		Ikon Pass: 5 DAYS. Canada's DEEPEST powder snow + GREATEST vertical elevation in the world (1,713m)! Small, authentic ski town. Expert resort - Serge BUCKET LIST! Els: limited beginner options. Beautiful on the way via the Trans-Canada Hwy to Calgary. Revelstoke town itself is also an interesting stop in the summer - rafting, mountain biking!
Sea-to-Sky Highway (Hwy 99) - Vancouver naar Whistler	British Columbia	Canada	Scenic Route		Planning	https://www.drivebc.ca	Hwy 99, Vancouver tot Whistler, BC	49.25556	-123.13886		One of the most beautiful coastal mountain drives in the world! Howe Sound, fjords, Britannia Beach, Squamish, Shannon Falls. 120 km. Chief (2nd largest monolith in the world) visible. FREE road. Squamish: climbing capital of Canada. Fjord + mountain peaks + estuary: completely surreal.
Stawamus Chief - Squamish	British Columbia	Canada	Nature		Planning	https://bcparks.ca/stawamus-chief-park/	1000 Stawamus Chief PP, Squamish, BC V8B 0N7	49.68390	-123.15610		Canada's largest granite monolith – a 700m high cliff face with 3 peaks, each offering a spectacular panorama over Howe Sound! Climbing capital of Canada. Tough hike but enormous reward. FREE. 1 hour from Vancouver on the Sea-to-Sky Highway. Combine with Garibaldi.
Sutton Place Hotel - Vancouver	British Columbia	Canada	Hotel		Planning	https://www.suttonplace.com	845 Burrard St, Vancouver, BC V6Z 2K6	49.28307	-123.12390		Classic elegant hotel in the heart of Vancouver! Burrard Street, walkable to everything. Classic European interior. Good service. Vancouver city center. Close to Joe Fortes. Reliable and central.
Tacofino - Vancouver	British Columbia	Canada	Restaurant		Planning	https://www.tacofino.com	Multiple locations, Vancouver, BC V6B	49.28075	-123.11527		Vancouver's iconic Tofino-born taco truck - now restaurants! Baja-style fish tacos with a Pacific Northwest twist. Multiple locations in Vancouver + original Tofino food truck. Best casual food in town. Vistaco Serge: this isn't Belgium, but it's close.
Terex Titan - Sparwood	British Columbia	Canada	Bizarre		Planning	https://www.sparwood.ca/visitors/attractions	Aspen Dr, Sparwood, BC V0B 2G0	49.73440	-114.87842		The BIGGEST mining truck in the world - Titan! 350-ton capacity. 20 meters tall. Parks right in the city. Sparwood, SE British Columbia. FREE. Photo stop along Hwy 3. Where else does a dump truck stand as a city landmark?
The Enchanted Forest - Malakwa	British Columbia	Canada	Bizarre		Planning	https://www.enchantedforestbc.com	Trans-Canada Hwy, Malakwa, BC V0E 2J0	50.95797	-118.75040		350+ fairytale characters hidden among 800-year-old cedar trees! A Canadian roadside classic for over 60 years. Malakwa, near Revelstoke, Trans-Canada Highway. May-September. Children: overwhelmed. Adults: nostalgic overdose.
The Keg Steakhouse - Whistler	British Columbia	Canada	Restaurant		Planning	https://www.kegsteakhouse.com	4293 Mountain Square, Whistler, BC V8E 1A9	50.11358	-122.95577		Canada's beloved steakhouse in the historic Telus World of Ski building! Alberta beef in a ski-lodge setting. Mountain Square, Whistler. Not fancy but consistent and tasty. Post-ski steak = Canadian ritual.
Van Tan Club - North Vancouver	British Columbia	Canada	Naturist		Planning	https://www.vantan.ca	North Vancouver, BC V7J	49.33261	-123.02043		Canada's OLDEST naturist club (1939) - families and couples! Upper Lynn Valley, next to Mount Fromme. Pool, grounds, social area. North Vancouver. Summer months. Contact via website for a trial visit.
Vancouver Island - Pacific Rim / Tofino	British Columbia	Canada	Nature		Planning	https://www.tofino.com	Tofino, BC V0R 2Z0	49.15298	-125.90662		Wild Pacific coast with storm waves + surfers + old growth! Long Beach: 10 km wild sandy beach. Pacific Rim NP. March Storm Watching: waves 10m high. Tofino: 2 hours from Nanaimo via Coombs (goats!). May-Sept: mild. Winter: dramatic storm season.
Whistler Blackcomb	British Columbia	Canada	Entertainment		Planning	https://www.whistlerblackcomb.com	4545 Blackcomb Way, Whistler, BC V8E 0X9	50.11495	-122.94859		IKON PASS: unlimited! North America's most visited ski resort! 8,171 acres. 2 mountains. 200+ slopes. Whistler Village: charming pedestrian-only center. Pheasant + gondola connection between the mountains. June 2027 (Phase 2): gondola + Peak 2 Peak in summer!
Whistler Blackcomb ⛷️ Ikon	British Columbia	Canada	Ski Resort		Planning	https://www.whistlerblackcomb.com	4545 Blackcomb Way, Whistler, BC V8E 0X9	50.11630	-122.95740		Ikon Pass: 5 DAYS. LARGEST ski area in North America! 8,171 acres, 200+ runs. Peak 2 Peak Gondola = world record gondola over two mountain peaks (epic vlog content!). Whistler Village = lively, world-class restaurants, après-ski scene. Els: Village zone + Harmony Chairs = good beginner areas. Serge: Blackcomb bowls and Spanky's Ladder = epic. NOTE: book Ikon days EARLY - blackout periods!
Whistler Brewing Company	British Columbia	Canada	Brewery/Distillery		Planning	https://www.whistlerbrewing.com	1209 Alpha Lake Rd, Whistler, BC V0N 1B1	50.08876	-123.03806		Whistler's own craft brewery by the lake! Powder Mountain Lager + Gnarlywhiner White IPA. Functionhouse Road, Whistler. Taproom + tours. Since 1989. Local legend. Post-ski pint here = Whistler ritual.
Whistler Helicopter Tours	British Columbia	Canada	Aviation		Planning	https://www.whistlerhelicopter.com	Whistler area, BC V8E 0Z6	50.11821	-122.94602		Helicopter over Whistler Blackcomb + glacier + fjords! Blacktusk, Garibaldi Lake, Coast Mountains from above. Whistler. Summer and winter. Glacier landing option available! Content for @roamingbonbons that you won't find anywhere else.
Wild Blue - Whistler	British Columbia	Canada	Restaurant		Planning	https://www.wildbluerestaurant.com	4090 Whistler Way, Whistler, BC V8E 1J2	50.11218	-122.95612		#2 Best New Restaurant Canada 2023 + #31 Canada's 100 Best! Chef Alex Chen (Iron Chef winner). Pacific Northwest seafood. Whistler Village. Most talked-about restaurant in Whistler now. Book months in advance.
Wreck Beach - Vancouver	British Columbia	Canada	Naturist		Planning	https://www.wreckbeach.org	Trail 6 off Marine Dr, Vancouver, BC V6T 1Z4	49.26267	-123.26016		North America's LARGEST clothing-optional beach - 7.8 km! UBC Pacific Spirit Park. Legal nude beach. Vendors, music, party atmosphere on weekends. Vancouver, SW. Stair 4 down from Marine Drive. Summer: warm enough. Goldbug of the Pacific Coast.
826LA & Time Travel Mart (Echo Park)	California	USA	Bizarre		Planning	https://timetravelmart.com/	1714 W Sunset Blvd, Los Angeles, CA 90026	34.07911	-118.26871	4.6	Shop for time travelers: mammoth chunks and robot milk! Real writing school hidden behind the shelves. Echo Park – funny, clever, and completely surreal. Buy souvenirs 'for a trip to the future'.
Aerobatische vlucht (Art of Flight)	California	USA	Aviation		Planning	https://www.artofflt.com/pricing	French Valley Airport, 37600 Sky Canyon Dr, Murrieta, CA 92563	34.20969	-118.48624	5	Aerobatic loops over Los Angeles! Barrel rolls, hammerheads, and freefall maneuvers. Various packages - from 30 to 60 min. SERGE BUCKET LIST - an absolute must!
Alabama Hills (filmlocatie)	California	USA	Scenic Route		Planning	https://bishopvisitor.com/place-to-go/alabama-hills	Lone Pine, CA 93545	36.60631	-118.06371		Film location for 400+ Westerns, Star Trek, and Gladiator! Arch rock formations with the Sierra Nevada as a backdrop. BLM land = completely free admission. The golden hour here is literally MAGICAL.
Albert's (San Diego Zoo)	California	USA	Restaurant		Planning	https://zoo.sandiegozoo.org/alberts	2920 Zoo Dr, San Diego, CA 92101	32.73603	-117.15098	4.2	Restaurant in the middle of the San Diego Zoo! Eat while flamingos walk around. Surprisingly good quality for a zoo. Only if you're visiting the zoo anyway.
Ancient Bristlecone Pine Forest	California	USA	Nature		Planning	https://www.fs.usda.gov/recarea/inyo/recarea/?recid=20811	White Mountain Rd, Bishop, CA 93514	37.47430	-118.17410	4.8	Oldest living trees in the world - some MORE THAN 5,000 YEARS OLD! Older than the Egyptian pyramids. Methuselah Tree (4,850 years old) stands here - location secret. White Mountains at an altitude of 3,000m. Incredible twisted sculptures. $6 day pass. Accessible via Bishop.
Anza-Borrego Metal Sculptures	California	USA	Bizarre		Planning	https://underthesunfoundation.org	Borrego Springs, CA 92004	33.25587	-116.37501	4.8	130+ life-size metal sculptures in the desert! Dragons, mammoths, snakes - ALL FREE. Ricardo Breceda's work spread over miles. Go in winter - summer is literally 45°C.
Artist's Palette - Death Valley	California	USA	Nature		Planning	https://www.nps.gov/places/artists-palette.htm	Artist's Drive, Death Valley, CA 92328	36.43500	-116.79580	4.7	Psychedelic multicolor rocks due to metal oxides in the rock – red, pink, yellow, green! Best photo opportunity: blue hour just before sunrise or after sunset. Set your white balance to cool. America the Beautiful valid. 9 miles one-way traffic via Artist's Drive.
Balboa Park (San Diego)	California	USA	Nature		Planning	https://www.balboapark.org	1549 El Prado, San Diego, CA 92101	32.73121	-117.14986		1,200-acre park with 17 museums and beautiful gardens! Spanish colonial architecture = free photo paradise. Botanic garden free, museums paid separately. San Diego Zoo here too - America the Beautiful pass.
Black's Beach (San Diego)	California	USA	Naturist		Planning		La Jolla, CA 92037	32.82833	-117.25585	4.7	San Diego's famous nude beach! Steep path down - 15-minute walk. Unofficial but legally tolerated. Quiet and beautiful off-weekend.
Bodie State Historic Park	California	USA	Ghost Town		Planning	https://www.parks.ca.gov/?page_id=509	Bodie Rd, Bridgeport, CA 93517	38.22653	-119.00017	4.7	The most intact ghost town in the US! 1878 gold mining town – simply abandoned, never cleaned up. Cars, decks of cards, bottles – everything is still there. Road can be rough – 4x4 recommended!
Bonny Doon Beach (Santa Cruz)	California	USA	Naturist		Planning		Bonny Doon Rd, Santa Cruz, CA 95060	37.03085	-122.15915	4.6	Informal naturist beach near Santa Cruz. Secluded location = quiet and pristine. Pacific water = cold but refreshing. Combine with an overnight stay at the Pinecone Treehouse!
Bowling Ball Beach	California	USA	Bizarre		Planning	https://www.parks.ca.gov/?page_id=446	Schooner Gulch Rd, Gualala, CA 95445	38.80415	-123.57054	4.6	Perfect round stones on the beach! Naturally formed by millions of years of erosion. Near Gualala on the Mendocino coast. Low tide required - check a tide table in advance.
Bradbury Building (Downtown LA)	California	USA	Historic		Planning	https://www.laconservancy.org/locations/bradbury-building	304 S Broadway, Los Angeles, CA 90013	34.05051	-118.24782	4.5	Victorian interior with glass and cast iron (1893). Film location for Blade Runner and 500 Days of Summer. Ground floor free to visit. Quietest and most beautiful spot in downtown LA.
Bubblegum Alley (San Luis Obispo)	California	USA	Bizarre		Planning		733 Higuera St, San Luis Obispo, CA 93401	35.27903	-120.66384	3.9	70 feet of alley covered in chewing gum since the 1950s! Nobody knows why it started. Mandatory: stop and stick one on yourself. Do NOT look too closely at the older layers.
Calico Ghost Town	California	USA	Ghost Town		Planning	https://parks.sbcounty.gov/park/calico-ghost-town-regional-park	36600 Ghost Town Rd, Yermo, CA 92398	34.94742	-116.86517	4.3	1880s silver mining ghost town near Barstow. Partially restored - more touristy than Bodie. Near I-15 - perfect stopover on the way to Vegas. Includes gold panning activity.
Canter's Deli (Fairfax)	California	USA	Restaurant		Planning	https://www.cantersdeli.com	419 N Fairfax Ave, Los Angeles, CA 90036	34.07894	-118.36186	4.3	Jewish-American deli since 1931. Open 24/7 – even at 3 AM after a night in LA. Matzah ball soup and pastrami sandwich. Fairfax district = Jewish neighborhood, real atmosphere.
Carlsbad Flower Fields (maart-mei!)	California	USA	Nature		Planning	https://www.theflowerfields.com	5704 Paseo Del Norte, Carlsbad, CA 92008	33.12306	-117.31757	4.6	50 acres of ranunculus in full bloom - WOW! ONLY open March-May - timing is everything. Absolutely stunning photographically. Els really won't put the camera down here!
Chicken Pie Shop (San Diego)	California	USA	Restaurant		Planning	https://www.chickenpieshop.com	2633 El Cajon Blvd, San Diego, CA 92104	32.75499	-117.13545	4.5	San Diego institution since 1938! Homemade chicken pot pie for $8. Simple, authentic, incredibly priced. San Diego grandparents' favorite spot.
Corvette Diner (San Diego)	California	USA	Restaurant		Planning	https://www.dinersd.com	2965 Historic Decatur Rd, San Diego, CA 92106	32.74172	-117.20974	4.4	1950s diner with real Corvettes on the wall! Retro jukebox, milkshakes, hamburgers. Magicians and DJs on weekends. Part of the Fleet Science Center complex.
Crowley Lake Columns	California	USA	Nature		Planning	https://www.fs.usda.gov/inyo	Crowley Lake Dr, Mammoth Lakes, CA 93546	37.59270	-118.72510	4.6	Secret basalt columns half-submerged in a mountain lake! Best time: late summer when they protrude above the water. Accessible via 4x4 track, 4-mile hike, or boat. 30 min from Mammoth. Sunset is magical.
Cypress Tree Tunnel - Point Reyes	California	USA	Bizarre		Planning	https://www.nps.gov/pore/index.htm	17400 Sir Francis Drake Blvd, Inverness, CA 94937	38.15000	-122.94410	4.6	Iconic double row of California cypresses along the access road to the historic Pierce Ranch. Magical light approximately 1 hour after sunrise – stand at the SIDE of the building for beams of light through the trees. FREE. Different entrance from the main Point Reyes park.
DC-9 Tandem Jump (Skydive Perris)	California	USA	Aviation		Planning	https://skydiveperris.com/skydiving/tandem/jet-tandem	2091 Goetz Rd, Perris, CA 92570	33.76315	-117.22332	4.9	Tandem jump from a DC-9 JET! The only place in the world for jet tandem skydiving. Highest jump = longest free fall of your life. BUCKET LIST for Serge - book well in advance!
Death Valley National Park	California	USA	Nature		Planning	https://www.nps.gov/deva	Death Valley, CA	36.53226	-116.93254		Lowest point in North America (-86m)! Badwater Basin, Mesquite Dunes, Artist's Palette. America the Beautiful Pass valid! GO IN WINTER ONLY - summer is deadly serious.
Devil's Postpile National Monument	California	USA	Nature		Planning	https://www.nps.gov/depo	Minaret Summit Rd, Mammoth Lakes, CA 93546	37.61550	-119.08280	4.7	Perfect basalt columns ABOVE the ground – same phenomenon as Crowley Lake but vertical! Plus Rainbow Falls (30m) nearby on the same trail. Road open mid-June to mid-October. Mandatory shuttle from Mammoth Mountain Main Lodge ($10). Hike to the TOP for a view of polished column tops.
El Coyote (Beverly Blvd)	California	USA	Restaurant		Planning	https://www.elcoyotecafe.com	7312 Beverly Blvd, Los Angeles, CA 90036	34.07586	-118.34925	4.4	Cheap margaritas, open since 1931. Sharon Tate's very last diner (August 1969). Dark, kitsch Mexican interior. Unpretentious LA classic.
Griffith Observatory	California	USA	Museum		Planning	https://griffithobservatory.org	2800 E Observatory Rd, Los Angeles, CA 90027	34.11841	-118.30042	4.7	Best free view of all of Los Angeles! Telescopes free to use in the evening. Filming location for Rebel Without a Cause. Book planetarium show in advance ($10 extra).
Hodad's (Ocean Beach)	California	USA	Restaurant		Planning	https://hodadies.com	5010 Newport Ave, San Diego, CA 92107	32.74719	-117.25116	4.6	Surf-themed burger joint full of license plates! Best burgers in San Diego - no discussion. Huge portions, cash preferred. Real Ocean Beach surf town experience.
Hollywood Forever Cemetery	California	USA	Bizarre		Planning	https://hollywoodforever.com	6000 Santa Monica Blvd, Los Angeles, CA 90038	34.08943	-118.31916	4.6	Graves of Valentino, Cecil B. DeMille, Johnny Ramone. Summer: films projected onto the mausoleum. Peacocks roam freely! The weirdest and most beautiful cemetery in the US.
Idle Hour (North Hollywood)	California	USA	Bizarre		Planning	https://www.idlehourla.com	4824 Vineland Ave, North Hollywood, CA 91601	34.15839	-118.37000	4.5	Bar built like a GIGANTIC beer barrel (1941)! Programmatic architecture - the building IS the advertisement. Classic cocktail and whiskey collection. One of the weirdest buildings in all of LA.
Integratron (Landers)	California	USA	Bizarre		Planning	https://www.integratron.com	2477 Belfield Blvd, Landers, CA 92285	34.29425	-116.40371	4.6	Dome built by alien contactee Van Tassel. Acoustically perfect wooden dome without nails. Sound bath meditation sessions = surreal. Near Joshua Tree - perfect day combo!
June Mountain ⛷️ Ikon	California	USA	Ski Resort		Planning	https://www.junemountain.com	3819 Hwy 158, June Lake, CA 93529	37.76792	-119.09063	4.7	Ikon Pass: UNLIMITED. Little brother of Mammoth, a 20-minute drive away. Quieter and less crowded. Good as a day trip from Mammoth Lakes for variety. Not the best terrain, but the June Lake village is picturesque. Spring skiing possible until April.
Kansas City Barbecue (San Diego)	California	USA	Restaurant		Planning	https://www.kcbbq.net	600 W Harbor Dr, San Diego, CA 92101	32.71177	-117.16880	4	Top Gun bar – this is where the bar scenes were filmed! Raw wooden walls full of movie memorabilia. Best BBQ ribs in San Diego according to locals. Live music Friday and Saturday.
Knott's Berry Farm	California	USA	Theme Park		Planning	https://www.sixflags.com/knotts	8039 Beach Blvd, Buena Park, CA 90620	33.84131	-117.99573	4.6	America's oldest theme park (1920s)! Now part of Six Flags - Prestige Pass valid! Ghost Town theme = great photos. Berry preserves and fried chicken are iconic.
La Jolla Cove (zeeleeuwen)	California	USA	Nature		Planning	https://www.lajollabythesea.com	1100 Coast Blvd, La Jolla, CA 92037	32.84989	-117.27441	4.8	Sea lions and seals right on the beach! Snorkeling with leopard sharks (harmless, promised). Cliff path with spectacular Pacific views. Park early – it gets busy and paid parking later.
Laguna del Sol (Naturist Resort)	California	USA	Naturist		Planning	https://www.lagunadelsol.com	8683 Rawhide Ln, Wilton, CA 95693	38.44822	-121.20146	4.6	AANR-certified naturist resort near Sacramento! Lagoons, pools, spa, and a good restaurant. Clothing-optional, 18+, member of AANR. One of the very best naturist resorts in the US!
Lassen Volcanic National Park	California	USA	Nature		Planning	https://www.nps.gov/lavo/index.htm	38050 CA-36E, Mineral, CA 96063	40.34841	-121.59425	4.8	ACTIVE volcano with boiling mud pools! America's most underrated National Park. Hydrothermal features rival Yellowstone. America the Beautiful Pass valid - snow until July!
Madonna Inn	California	USA	Hotel		Planning	https://www.madonnainn.com	100 Madonna Road, San Luis Obispo, CA 93405	35.26678	-120.67571	4.5	110 UNIQUE themed rooms, each completely different! From Cave Man to Love Nest to Swiss Belle. Best Instagram stop on the CA coast. Book months in advance - always fully booked!
Mammoth Mountain ⛷️ Ikon	California	USA	Ski Resort		Planning	https://www.mammothmountain.com	1 Minaret Rd, Mammoth Lakes, CA 93546	37.65168	-119.03883	4.2	Ikon Pass: UNLIMITED. PERFECT spring skiing! April/May season = soft snow, warm sun, forgiving falls for Els. Festival atmosphere in the village. Morning skiing, afternoon relaxation by the lake. Combines with Whitmore Hot Springs (on the outbound/return journey). PLAN MULTIPLE DAYS - absolute highlight of the California road trip. Sometimes open until June!
Mammoth ski	California	USA	Nature		Planning		JXQC+HF Mammoth Lakes, CA, USA	37.63889	-119.02879	4.7	
Mono Lake Tufa Towers	California	USA	Nature		Planning	https://www.parks.ca.gov/?page_id=514	Highway 395, Lee Vining, CA 93541	37.95153	-119.11714	4.6	Alien limestone towers rise from the lake! Once protected via a historic lawsuit vs. LA. 1 million birds stop here every year. Early morning = mirror-smooth water = EPIC photo.
Monterey Bay Aquarium	California	USA	Museum		Planning	https://www.montereybayaquarium.org	886 Cannery Row, Monterey, CA 93940	36.61758	-121.90117	4.6	One of the best aquariums in the world! The jellyfish exhibit is simply mesmerizing. Sea otter feeding is an absolute must-see. Book in advance – lines are long in summer.
More Mesa Beach (Santa Barbara)	California	USA	Naturist		Planning		More Mesa Dr, Santa Barbara, CA 93117	34.43327	-119.78235	4.7	Santa Barbara's unofficial naturist beach. Flat walk through wetlands - easy. Quiet and local-friendly atmosphere. Perfect warm climate in the summer.
Museum of Jurassic Technology (Culver City)	California	USA	Museum		Planning	https://www.mjt.org	9341 Venice Blvd, Culver City, CA 90232	34.02586	-118.39509	4.4	No dinosaurs – complete NEPSEUM! Exhibits sound real but are made up. Meta-art about what museums actually mean. The most confusing 2 hours in all of LA.
Musso & Frank Grill (Hollywood)	California	USA	Restaurant		Planning	https://mussoandfrank.com	6667 Hollywood Blvd, Los Angeles, CA 90028	34.10189	-118.33537	4.6	Hollywood's oldest restaurant, open since 1919! Charlie Chaplin, Hemingway, and Tarantino ate here. Famous martinis and classic steaks. Reserve or wait a long time—but worth it!
Mystery Spot (Santa Cruz)	California	USA	Bizarre		Planning	https://www.mysteryspot.com	465 Mystery Spot Rd, Santa Cruz, CA 95065	37.01216	-122.00107	4.5	Gravity does NOT work normally here! Balls roll up, people stand at an angle. Skeptics can't believe their own eyes. Classic roadside attraction – definitely do it!
Neptune's Net (Malibu)	California	USA	Restaurant		Planning	https://www.neptunesnet.com	42505 CA-1, Malibu, CA 90265	34.05321	-118.96250	4.3	Legendary seafood shack on the PCH! Loved by surfers and motorcyclists alike. Fresh clam chowder, crab, and lobster by the ocean. Perfect after a day at Malibu beach.
Old Town San Diego	California	USA	Historic		Planning	https://www.oldtownsandiego.org	4002 Wallace St, San Diego, CA 92110	32.75494	-117.19797	4.7	Oldest Californian settlement (1769). Mexican restaurants and craft market. Día de los Muertos celebrations are spectacular. Free walking tours available daily.
Painted Dunes + Cinder Cone - Lassen	California	USA	Nature		Planning	https://www.nps.gov/lavo/planyourvisit/hiking_lassen_park.htm	Butte Lake Trailhead, Lassen Volcanic NP, CA 96063	40.55010	-121.31410	5	Amazing pastel-colored lava fragments next to the black Cinder Cone volcano. Evening light or the blue hour gives the best result. Adjust your white balance in full sun. 4 miles round trip. America the Beautiful valid. Specific hike within Lassen – different from the general park entrance.
Philippe The Original (Downtown LA)	California	USA	Restaurant		Planning	https://www.philippes.com	1001 N Alameda St, Los Angeles, CA 90012	34.05974	-118.23700	4.6	Inventors of the French Dip sandwich (1908)! Sawdust on the floor, communal counters. Cash only, line at the counter - LA legend for $10. Open daily 6am - also for breakfast.
Pinecone Treehouse (Bonny Doon)	California	USA	Hotel		Planning	https://o2treehouse.guestywebsites.com	Bonny Doon, CA (exact adres via Airbnb)	37.05218	-122.13810	4.8	Unique treehouse Airbnb in Redwood Forest. Near Santa Cruz - perfect base location. Romantic and secluded. Combine with Bonny Doon naturist beach!
Pink's Hot Dogs (Hollywood)	California	USA	Restaurant		Planning	https://www.pinkshollywood.com	709 N La Brea Ave, Los Angeles, CA 90038	34.08388	-118.34428	4.5	LA's most famous hot dog stand since 1939! 60+ types of hot dogs with celebrity names. The line is part of the experience. Try the Mulholland Drive Dog.
Pirate's Cove (Avila Beach)	California	USA	Naturist		Planning		Cave Landing Rd, Avila Beach, CA 93424	35.17980	-120.72156	4.5	Sheltered naturist beach on the Central Coast! Warmest seawater on the CA coast - rare! Near Avila Beach and San Luis Obispo. Accessible via a 15-minute walk.
Point Reyes National Seashore	California	USA	Nature		Planning	https://www.nps.gov/pore/index.htm	Point Reyes Station, CA 94956	38.06909	-122.80694	4.8	Spectacular coastline north of SF. Tule elk roam freely here – a guaranteed photo. Lighthouse: 308 steps down the cliff. Can be extremely foggy – that is beautiful too!
Post Ranch Inn (Big Sur)	California	USA	Hotel		Planning	https://www.postranchinn.com	47900 CA-1, Big Sur, CA 93920	36.23145	-121.76905	4.6	Ultra-luxury on a cliff overlooking the Pacific Ocean. $800-1200+/night - way out of budget. Perfect for a VERY special night. Only consider as a one-time splurge.
Queen Califia's Magical Circle	California	USA	Bizarre		Planning	https://www.escondido.gov/Facilities/Facility/Details/Niki-de-Saint-Phalles-Queen-Califias-Mag-19	3333 Bear Valley Pkwy, Escondido, CA 92025	33.07764	-117.05801	4.6	Niki de Saint Phalle Sculpture Park! Colorful mosaic snakes and mystical figures. Free in Kit Carson Park, Escondido. Check opening hours - not open every day.
Queen Mary (Long Beach)	California	USA	Hotel		Planning	https://www.queenmary.com	1126 Queens Highway, Long Beach, CA 90802	33.75173	-118.19054	4.4	Sleep on a historic ocean steamship! Art Deco interiors from the 1930s. Haunted tours available. Long Beach skyline from the deck at night.
Randy's Donuts (Inglewood)	California	USA	Bizarre		Planning	https://www.randysdonuts.com	805 W Manchester Blvd, Inglewood, CA 90301	33.96181	-118.37038	4.5	GIGANTIC donut on the roof since 1952! Absolute LA icon - on dozens of movie posters. Perfect road trip photo stop. Just grab a donut there too - they're delicious!
Red Rock Canyon State Park - CA	California	USA	Nature		Planning	https://www.parks.ca.gov/?page_id=631	37749 Abbott Dr, Cantil, CA 93519	35.37320	-117.98960		Surprisingly Utah-style red rocks and hoodoos in the middle of the California desert! Colorful cliffs, buttes, and volcanic rock. Famous movie location. Almost no tourists. Free campsites available. $8 day pass. Perfect stopover on the way to LA or Death Valley.
Salvation Mountain	California	USA	Bizarre		Planning	https://salvationmountain.org/	Niland, CA 92257	33.24004	-115.51888	4.5	Psychedelic mountain of paint and adobe! Built by Leonard Knight as a gift to God. Declared a national art treasure. Near Salton Sea – perfect day trip combination.
Sea Mountain Inn Lifestyles Resort	California	USA	Naturist		Planning	https://www.seamountaininn.com	Desert Hot Springs, CA 92240	33.96281	-116.53739	4.4	Adults-only lifestyle resort in Desert Hot Springs. Clothing-optional pools and mineral water spa. Lifestyle events regularly on the agenda. Membership required - check website in advance.
Sequoia National Park	California	USA	Nature		Planning	https://www.nps.gov/seki	Sequoia National Park, CA	36.48637	-118.56575	4.8	General Sherman = largest living tree in the world! Tunnel Log: drive through a fallen tree. America the Beautiful Pass valid. Combination with Kings Canyon for a full day.
Six Flags Magic Mountain	California	USA	Theme Park		Planning	https://www.sixflags.com/magicmountain	26101 Magic Mountain Pkwy, Valencia, CA 91355	34.42491	-118.59585	4.5	20 roller coasters - the most in the world at one park! INCLUDED with Six Flags Prestige Pass! Superman, Twisted Colossus, X2 = insane. Weekdays are less busy.
The Apple Pan (West LA)	California	USA	Restaurant		Planning	https://theapplepanla.com	10801 W Pico Blvd, Los Angeles, CA 90064	34.04070	-118.42783	4.4	U-shaped counter, no tables - since 1947! NOTHING has changed in 75 years. That is the point. Famous Hickory Burger and cream pie. Cash only - but dirt cheap and authentic.
The Last Bookstore (Downtown LA)	California	USA	Bizarre		Planning	https://lastbookstorela.com	453 S Spring St, Los Angeles, CA 90013	34.04771	-118.24957	4.7	Book tunnel of thousands of stacked books! Instagram-famous spiral bookshelves. Also vinyl records and art on the upper floor. CA's largest used bookstore - free.
The Ultimate Luxury Tantra Experience	California	USA	Naturist		Planning	https://www.luxurytantraexperience.com	Los Angeles, CA (locatie op aanvraag)	34.05491	-118.24264	4	Luxury tantra workshops and retreats near LA. For experienced couples with an open attitude. Various packages and dates available. Website for rates and registration.
Trailer Park After Dark (Gaslamp)	California	USA	Restaurant		Planning	https://www.trailerparkafterdark-sandiego.com	835 Fifth Ave, San Diego, CA 92101	32.71089	-117.16088	4.4	Bar/restaurant designed like a fake trailer park! Kitschy American decor taken to the extreme. Burgers, BBQ, and craft cocktails. San Diego's most Instagram-worthy bar.
Treebones Resort (Big Sur)	California	USA	Hotel		Planning	https://www.treebonesresort.com	71895 CA-1, Big Sur, CA 93920	36.75458	-121.76531	4.6	Glamping yurts on a cliff above the ocean. More affordable than Post Ranch, just as spectacular. The Human Nest tree pod is iconic. Book well in advance – maximum 16 units!
Trees of Mystery (Klamath)	California	USA	Bizarre		Planning	https://www.treesofmystery.net	15500 US-101, Klamath, CA 95548	41.58571	-124.08174	4.7	49-foot-tall Paul Bunyan welcomes you! Cable car ride over the redwood forest treetops. Native American museum included. Authentic Northern California roadside kitsch – MUST DO!
Trona Pinnacles	California	USA	Bizarre		Planning	https://www.blm.gov/visit/trona-pinnacles	Pinnacle Rd, Trona, CA 93562	35.61560	-117.37140	4.8	Alien tufa pinnacles in the middle of the Mojave Desert – 500+ limestone points up to 140 feet high, 40,000 years old! Film location (Star Trek V, Battlestar Galactica). At night: perfect dark sky location for astrophotography. FREE, no facilities – bring water.
USS Midway Museum (San Diego)	California	USA	Museum		Planning	https://www.midway.org	910 N Harbor Dr, San Diego, CA 92101	32.71395	-117.17530	4.8	Largest WWII-era aircraft carrier museum in the world! 30+ historic aircraft to admire on deck. Cockpit simulators available. Serge Paradise: allow at least half a day!
Venice Beach Boardwalk	California	USA	Bizarre		Planning	https://www.venicebeach.com	Ocean Front Walk, Venice, CA 90291	33.98688	-118.47362	4.5	LA's biggest freak show – completely free! Bodybuilders, street performers, and psychics. Muscle Beach outdoor gym is legendary. Morning or evening – it gets busy during the day.
Watts Towers (South LA)	California	USA	Bizarre		Planning	https://www.wattstowers.org	1765 E 107th St, Los Angeles, CA 90002	33.93876	-118.24121	4.6	Built solely by Simon Rodia over 33 years. Towers of bottles, shells, and tiles. National Monument + UNESCO candidate. Surprisingly beautiful for a 'crazy guy project'!
Whitmore Hot Springs (Mammoth)	California	USA	Nature		Planning		Benton Crossing Rd, Mammoth Lakes, CA 93546	37.63630	-118.80650	4.3	Outdoor geothermal pool in the Sierras! Loved by locals – no tourists. Near Mammoth Lakes and June Lake. Perfect after a day of skiing or hiking.
Wigwam Motel (Rialto)	California	USA	Hotel		Planning	https://www.wigwammotel.com	2728 W Foothill Blvd, Rialto, CA 92376	34.10730	-117.40508	4.4	Sleep in a concrete wigwam! One of the last Route 66 icons. Kitschy vintage Americana at its best. Original 1940s concrete teepees - 7 still intact.
Winchester Mystery House (San Jose)	California	USA	Bizarre		Planning	https://winchestermysteryhouse.com	525 S Winchester Blvd, San Jose, CA 95128	37.31832	-121.95110	4.5	160 rooms built by a weapons manufacturer's widow! Stairs to the ceiling, doors to the void. Sarah Winchester built non-stop for 38 years. One of the WEIRDEST buildings on Earth.
Yosemite Firefall - Horsetail Fall	California	USA	Nature		Planning	https://www.nps.gov/yose/planyourvisit/horsetailfall.htm	El Capitan Meadow, Yosemite Valley, CA 95389	37.72300	-119.63800	4.7	Horsetail Fall lights up like liquid fire – but ONLY in the second half of February when snowmelt and perfect sunlight combine. It looks absolutely otherworldly. Strict security during this event. Book well in advance. Phase 1 of your trip – PERFECT timing!
Animas Forks Ghost Town	Colorado	USA	Ghost Town		Planning		Animas Forks Rd, Silverton, CO 81433	37.84112	-107.58874	5	11,200ft elevation ghost town!  4WD required.  Mining ruins spectacular.  Snow-free only Jun-Sep.  REMOTE adventure!
Argo Mill and Tunnel	Colorado	USA	Museum		Planning	http://www.argomilltour.com/	2350 Riverside Dr, Idaho Springs CO 80452	39.74253	-105.50672	4.5	GOLD mine tour!  Walk into 1913 mine.  Pan for gold.  Mining history.  Idaho Springs!
Aspen Snowmass + Buttermilk ⛷️ Ikon	Colorado	USA	Ski Resort		Planning	https://www.aspensnowmass.com/four-mountains/snowmass	Snowmass Village, CO 81615	39.19036	-106.94767	4.7	Ikon Pass: 7 DAYS (Snowmass). Buttermilk = BEST beginner mountain in all of North America! At this point in the trip, Els will excel here. MAX the 7 Ikon days here. BUDGET TIP: stay in Carbondale or Glenwood Springs (30-45 min) - Aspen itself = astronomically expensive. Snowmass Village = more budget-friendly alternative. Historic X-Games location. Serge: Aspen Mountain + Highland Bowl = epic. Final sprint of the ski season!
Best Western Movie Manor	Colorado	USA	Hotel		Planning	https://www.bestwestern.com/en_US/book/hotel-rooms.06029.html?iata=00171880&ssob=BLBWI0004G&cid=BLBWI0004G:google:gmb:06029	2830 US-160, Monte Vista, CO 81144	37.58670	-106.19835	4.3	DRIVE-IN from your bed!  Room face outdoor screen.  Watch movies in pajamas.  Summer movies nightly.  UNIQUE concept!
Bishop Castle	Colorado	USA	Bizarre		Planning	http://www.bishopcastle.org/	12705 CO-165, Rye, CO 81007	38.06139	-105.09439	4.7	ONE-MAN castle! Built over 50+ years by Jim Bishop. Iron + stone sculpture. Climb the towers (at your own risk!). FREE. BIZARRE!
Buckhorn Exchange	Colorado	USA	Restaurant		Planning	http://buckhornexchange.com/	1000 Osage St, Denver, CO 80204	39.73226	-105.00506	4.4	Denver's OLDEST restaurant (1893)!  Wild game: elk, buffalo, rattlesnake.  500+ animal trophies.  Colorado liquor license #1!  OLD WEST atmosphere!
Cano's Castle	Colorado	USA	Bizarre		Planning	http://atlasobscura.com/place/canos-castle	Beer Can Road, Antonito, CO 81120	37.07918	-106.00863	4.4	Beer can castle! Donald "Cano" Espinoza's artwork. Thousands of cans. Roadside art. FREE viewpoint!
Casa Bonita	Colorado	USA	Restaurant		Planning	http://www.casabonitadenver.com/	6715 W Colfax Ave, Lakewood, CO 80214	39.74179	-105.07065	3.9	SOUTH PARK fame restaurant!  Cliff diverse, arcade, Black Bart's Cave.  Mexican food (quantity > quality).  Trey Parker/Matt Stone rescued it.  KITSCH paradise!
Cave of the Winds Mountain Park	Colorado	USA	Nature		Planning	https://caveofthewinds.com/?utm_source=google&utm_medium=organic&utm_campaign=gbp	100 Cave of the Winds Rd, Manitou Springs CO 80829	38.87256	-104.92014	4.8	GUIDED cave tours!  Dark + lantern tours.  TerraDactyl ride.  Wind Walker Challenge Course.  FAMILY adventure!
Chapel on the Rock	Colorado	USA	Historic		Planning	https://campstmalo.org/	Camp St Malo, Allenspark, CO 80510	40.24617	-105.53874	4.9	STONE chapel on a rock! Built in 1936. Rocky Mountains backdrop. Popular wedding spot. FREE. Instagram worthy!
Colorado Gators Reptile Park	Colorado	USA	Bizarre		Planning	http://www.coloradogators.com/	9162 County Rd 9 N, Mosca, CO 81146	37.70408	-106.31679	4.7	GATORS in Colorado!  Geothermal water farm.  350+ alligators.  Hold baby gator ($10).  WTF factor high!
Copper Mountain Resort ⛷️ Ikon	Colorado	USA	Ski Resort		Planning	https://www.coppercolorado.com/	209 Ten Mile Circle, Frisco, CO 80443	39.50631	-106.14112	4.5	Ikon Pass: UNLIMITED. BEST beginner setup in Colorado! West Village = 100% beginner-only zone. Experts do NOT drive through it. Els can practice completely freely and undisturbed. Multi-day stop on I-70. Stay in Frisco or Silverthorne (cheaper). DISADVANTAGE: I-70 weekend traffic is a notorious nightmare - leave early on Friday/Saturday.
Cosmo's Magic Theater	Colorado	USA	Entertainment		Planning	https://www.cosmosmagictheater.com/	1045 Garden of the Gods Rd, Colorado Springs, CO 80907	38.85753	-104.90459	5	INTIMATE magic shows!  50-seat theater.  Close up illusions.  Maniton Springs charm.  FUN family night!
Denver Art Museum	Colorado	USA	Museum		Planning	https://www.denverartmuseum.org/en	100 W 14th Ave Pkwy, Denver CO 80204	39.73638	-104.98890	4.7	MODERN architecture (Daniel Libeskind)!  Native American art.  70,000 works.  Free days available.  CULTURAL gem!
Eldora Mountain Resort ⛷️ Ikon	Colorado	USA	Ski Resort		Planning	https://www.eldora.com/	2861 Eldora Ski Rd, Nederland, CO 80466	39.93666	-105.58188	4.3	Ikon Pass: UNLIMITED. Advice: SKIP unless you want to visit Boulder! NOTORIOUS for extreme wind and ice formation – makes it an unpleasant learning experience for Els. Close to Boulder (the town is worth a day trip). Not recommended as a standalone ski day. If you do go: take the earliest tram before the wind picks up.
Estes Park Aerial Tramway	Colorado	USA	Entertainment		Planning	https://estestram.com/#tickets	420 E Riverside Dr, Estes Park CO 80517	40.37139	-105.52259	4.7	AERIAL tram 8,896ft!  Panoramic views.  Short ride (4 minutes).  Rocky Mountain overlook.  Summer only!
Garden of the Gods	Colorado	USA	Nature		Planning	https://gardenofgods.com/	1805 N 30th St, Colorado Springs, CO 80904	38.87843	-104.86978	4.8	RED ROCK formations!  FREE city park.  Balancing Rock, Kissing Camels.  Rock climbing.  Pikes Peak backdrop. STUNNING!
Glenwood Hot Springs Pool	Colorado	USA	Nature		Planning	https://www.hotspringspool.com/	401 N River St, Glenwood Springs, CO 81601	39.54950	-107.32282	4.5	LARGEST hot springs pool! 2 blocks long. 90-104°F. Water slide! Year-round outdoor swimming!
Great Sand Dunes National Park	Colorado	USA	Nature		Planning	http://www.nps.gov/grsa/planyourvisit/visitor-center.htm	11999 CO-150, Mosca, CO 81146	37.61009	-105.60140	4.7	TALLEST sand dunes North America!  750ft high.  Medano Creek (seasonal).  Sandboarding!  SURREAL landscape!
Helen Hunt Falls	Colorado	USA	Nature		Planning	https://www.fs.usda.gov	N Cheyenne Canyon Rd, Colorado Springs CO 80906	38.79151	-104.86847		35-foot waterfall!  Short easy trail.  Visitor centre.  Cheyenne Canyon.  FREE quick stop!
Iron Mountain Hot Springs	Colorado	USA	Nature		Planning	https://www.ironmountainhotsprings.com/	281 6th St, Glenwood Springs CO 81601	39.55050	-107.32504	4.6	16 POOLS different temps!  98-108°F.  Colorado River views.  Modern facility.  Glenwood Springs!
Kebler Pass (Aspen)	Colorado	USA	Scenic Route		Planning	https://www.crstedbutte.com/activities/kebler-pass/	Kebler Pass Rd, tussen Crested Butte en Paonia CO	38.86832	-107.59200	4.8	LARGEST aspen grove North America!  Fall colors SPECTACULAR.  Unpaved 30 miles.  Photography paradise.  Sep-Oct PEAK!
May Natural History Museum	Colorado	USA	Museum		Planning	http://www.coloradospringsbugmuseum.com/	710 Rock Creek Canyon Rd, Colorado Springs, CO 80926	38.70527	-104.84063	4.6	INSECT museum!  8,000+ specimens.  Giant bugs from around the world.  Hercules beetles.  Creepy crawly heaven!
Meow Wolf's Convergence Station	Colorado	USA	Museum		Planning	https://meowwolf.com/visit/denver?utm_source=google&utm_medium=organic&utm_campaign=gbp	1338 1st St, Denver CO 80204	39.74082	-105.01565	4.5	IMMERSIVE art experience!  4 floors psychedelic.  Interactive installations.  2+ hours needed.  MIND BENDING!
Mile High Stadiums	Colorado	USA	Entertainment		Planning	https://www.empowerfieldatmilehigh.com/	1701 Bryant St, Denver CO 80204	39.74412	-105.02040	4.6	BRONCOS football!  76,125 capacity.  Tours available.  Denver sports icon.  NFL experience!
Million Dollar Highway	Colorado	USA	Scenic Route		Planning	https://www.codot.gov	US-550 tussen Ouray en Silverton, CO	38.03244	-107.67441	4.9	MOST scenic drive Colorado!  25 miles of switchbacks.  No guard rails!  11,000ft passes.  BREATH TAKING + scary!
Mountain Air Ranch	Colorado	USA	Naturist		Planning	https://www.mountainairranch.co/	Indian Hills, CO	38.74722	-106.07557	4.7	FAMILY-FRIENDLY naturist resort!  AANR affiliated.  Hot springs, hiking.  Cabins + camping.  Mountain paradise!
Olympic Training Center Colorado Springs	Colorado	USA	Historic		Planning	https://www.teamusa.com/?utm_source=google&utm_medium=organic&utm_campaign=gbp	1 Olympic Plaza, Colorado Springs CO 80909	38.83921	-104.79789	4.7	OLYMPIC athlete training!  FREE guided tours.  See athletes practicing.  Olympic museum.  INSPIRATIONAL!
Paint Mines Interpretive Park	Colorado	USA	Nature		Planning	https://communityservices.elpasoco.com/parks-and-recreation/paint-mines-interpretive-park/	29950 Paint Mine Rd, Calhan, CO 80808	39.02040	-104.27421	4.7	PAINTED clay formations!  Hoodoos + Spires.  Rainbow colors.  4-mile loop trail.  FREE hidden gem!
Red Rock Amphitheater + Red Rock Canyon	Colorado	USA	Entertainment		Planning	https://www.redrocksonline.com/	18300 W Alameda Pkwy, Morrison CO 80465	39.66526	-105.20664	4.9	ICONIC concert venue!  Natural rock amphitheater.  Hiking trails around.  Workout stairs.  LEGENDARY shows!
Rocky Mountain National Park	Colorado	USA	Nature		Planning	https://www.nps.gov/romo/index.htm	Estes Park, CO 80517	40.37721	-105.52167	4.9	ICONIC Colorado park!  Trail Ridge Road (12,183ft).  Elk, bighorn sheep.  300 miles of trails.  RESERVATIONS needed summer!
Sasquatch Outpost	Colorado	USA	Bizarre		Planning	https://www.sasquatchoutpost.com/	28081 US-285, Bailey, CO 80421	39.46669	-105.39316	4.8	BIGFOOT museum!  Casts, sightings, evidence.  Gift shop full believers.  Mountain highway stop.  HILARIOUS + earnest!
Scarlet Ranch	Colorado	USA	Naturist		Planning	http://www.scarletranch.com/	8109 Blakeland Dr, Littleton, CO 80125	39.66083	-105.01523	4.2	UPSCALE swingers club Denver!  22,000 sq ft facility.  Themed rooms, dance floor.  Couple + single female nights.  DRESS CODE enforced!
St. Elmo Ghost Town	Colorado	USA	Ghost Town		Planning		St Elmo, CO 81236 (west of Buena Vista)	38.70336	-106.34622	4.8	BEST preserved ghost town Colorado!  1880s mining town.  40+ buildings intact.  General store still operates!  FREE wandering!
Stanley Hotel	Colorado	USA	Hotel		Planning	http://www.stanleyhotel.com/?utm_source=local-directories&utm_medium=organic&utm_campaign=travelclick-localconnect	333 E Wonderview Ave, Estes Park, CO 80517	40.38288	-105.51922	4.4	THE SHINING inspiration!  Stephen King stayed room 217. Ghost tours daily.  Historic 1909 hotel.  ESTES PARK icon!
Steamboat Ski Resort ⛷️ Ikon	Colorado	USA	Ski Resort		Planning	https://www.steamboat.com/	2305 Mt Werner Circle, Steamboat Springs, CO 80487	40.45751	-106.80483	4.7	Ikon Pass: UNLIMITED. Perfect home base for several weeks! Top-tier adult ski school for Els. Lower half of the mountain = exceptionally soft and forgiving. Enough repeat days for real progress. Town Steamboat Springs = cozy après-ski, hot springs. DISADVANTAGE: long isolated drive from I-70. Plan 5-7+ days! Break day: Hot Sulphur Springs on the way to Winter Park ♨️
Strawberry Park Hot Springs	Colorado	USA	Nature		Planning	http://strawberryhotsprings.com/	44200 County Rd 36, Steamboat Springs, CO 80487	40.56081	-106.84879	4.3	RUSTIC hot springs!  Multiple pools.  Clothing optional after dark.  4WD winter required.  NATURAL setting. PEACEFUL!
Telluride Mountain Village Gondola	Colorado	USA	Scenic Route		Planning	https://www.telluride.com/	Mountain Village Blvd, Mountain Village CO 81435	37.93529	-107.86274	4.9	FREE gondola!  Connects town + ski resort.  13 minute ride.  10,540ft views.  SCENIC transportation!
The Airplane Restaurant	Colorado	USA	Restaurant		Planning	http://theairplanerestaurant.com/	1665 Newport Rd, Colorado Springs, CO 80916	38.80671	-104.72632	4.2	EAT in Boeing KC-97 tanker!  Cockpit dining.  Burgers, wings.  Kids LOVE it.  AVIATION theme park!
The Broadmoor	Colorado	USA	Hotel		Planning	https://www.broadmoor.com/	1 Lake Ave, Colorado Springs, CO 80906	38.79252	-104.85274	4.7	5-STAR luxury resort!  Since 1918. Lake, golf, spa, zip line.  Multiple restaurants.  SPLURGE destination!
The Fort Restaurant	Colorado	USA	Restaurant		Planning	http://www.thefort.com/	19192 CO-8, Morrison, CO 80465	39.62880	-105.19297	4.4	ADOBE fortress replica!  Mountain man cuisine.  Buffalo steaks, Rocky Mountain oysters.  Red Rocks views.  ATMOSPHERIC dining!
The International Church of Cannabis	Colorado	USA	Bizarre		Planning	http://www.elevationists.org/	400 S Logan St, Denver CO 80209	39.70916	-104.98228	4.9	CANNABIS Church!  Psychedelic interior art.  Elevationists religion.  Wednesday services.  DENVER only!
The John Denver Sanctuary	Colorado	USA	Historic		Planning	https://www.aspenrecreation.com/parks-trails/aspen-area-parks/john-denver-sanctuary	Rio Grande Park, Aspen CO 81611	39.19260	-106.81858	4.8	MEMORIAL garden!  Rocky Mountain High lyrics carved.  Boulders + native plants.  Aspen tribute.  FREE peaceful stop!
UFO Watchtower	Colorado	USA	Bizarre		Planning	http://theoriginalufowatchtower.com/	2502 County Rd 61, Hooper, CO 81136	37.74278	-105.87530	4.5	UFO spotting platform!  San Luis Valley hot spot.  "Healing garden" with offerings.  Alien merchandise.  QUIRKY roadside stop!
United States Air Force Academy	Colorado	USA	Historic		Planning	https://www.usafa.af.mil/Visit/	2346 Academy Dr, Colorado Springs CO 80840	39.00749	-104.89499		CADET chapel iconic!  17 spears.  Visitor centre.  Self-guided campus tour.  FREE. IMPRESSIVE!
United States Mint – Denver	Colorado	USA	Museum		Planning	http://www.usmint.gov/	320 W Colfax Ave, Denver CO 80204	39.73931	-104.99227	4.2	COIN production facility!  FREE guided tours.  Reservations required months ahead.  See money being made!  EDUCATIONAL!
Valley View Hot Springs	Colorado	USA	Naturist		Planning	https://www.olt.org/	Orient Land Trust, Villa Grove, CO 81155	38.24860	-105.94866	4.7	CLOTHING OPTIONAL resort!  Multiple hot spring pools.  Mountain views.  RESERVATIONS required.  AANR peaceful retreat!
Winter Park Resort ⛷️ Ikon	Colorado	USA	Ski Resort		Planning	https://www.winterparkresort.com/	85 Parsenn Rd, Winter Park, CO 80482	39.88717	-105.76285	4.6	Ikon Pass: UNLIMITED. Discovery Park = fantastic self-guided beginner zone with great instructors for Els. BUT: the rest of the mountain is dominated by HUGE moguel fields - Serge liked it, Els less so. 2-3 day stopover. Easy via US-40/I-70, close to Denver. Connected to Mary Jane (expert terrain). Go through Hot Sulphur Springs on the way there or back!
Abbott's Lobster in the Rough	Connecticut	USA	Restaurant		Planning	http://www.abbottslobster.com/		41.32107	-71.98843	4.2	Classic waterfront lobster stand since 1947. BYOB (bring your own drinks!). Seasonal (May-October). Lobster, shrimp, and mussels enjoyed at picnic tables by the sea. ~$30-50 pp. Niantuc CT. Perfect summer lunch pairing with Mystic.
Beinecke Rare Book & Manuscript Library	Connecticut	USA	Museum		Planning	http://beinecke.library.yale.edu/	121 Wall St, New Haven CT 06511	41.31162	-72.92732	4.9	One of the largest libraries in the world for rare books and manuscripts, on the Yale campus. The building itself is spectacular: the marble exterior walls are so thin that light shines through them. Gutenberg Bible on permanent display. FREE admission. Architecturally and historically stunning. Must-stop in New Haven.
Center Church Crypt	Connecticut	USA	Historic		Planning	https://www.centerchurchonthegreen.org/		41.76461	-72.67418	4.5	Church built in 1813 above a cemetery. 137 gravestones from 1687–1812 visible beneath the floor, including Rev. James Pierpont (founder of Yale) and Margaret Mansfield (first wife of Benedict Arnold). Free tours available. New Haven center.
Frank Pepe Pizzeria Napoletana	Connecticut	USA	Restaurant		Planning	https://pepespizzeria.com/		41.16705	-73.22793	4.5	Original pizza (pronounced 'ah-beetz') since 1925. White clam pizza is the specialty — unique in the US. Reagan's favorite pizza. Lines of 2+ hours on weekends, come early or on the weekdays. New Haven pizza is in a category of its own — no tomato sauce, charcoal oven, thin crust. MUST EAT.
Frog Bridge	Connecticut	USA	Bizarre		Planning	https://rymap.org/business/frog-bridge-4iw2ii		41.70995	-72.20955	4.5	Bridge with giant frogs on it commemorating the Battle of the Frogs in 1754, when residents of Williamant believed croaking frogs were war invaders. Free, always visible. Typical New England absurdism. Quick photo stop.
Gillette Castle	Connecticut	USA	Museum		Planning	http://www.ct.gov/deep/gillettecastle		41.42298	-72.42841	4.8	Medieval fieldstone castle built by Sherlock Holmes actor William Gillette. 47 unique doors with various wooden locks. Mirrors to spy on guests from above. Beautiful view of the Connecticut River. Harriet Beecher Stowe Museum nearby. Free parking, ~$10 pp.
Hampton Inn & Suites Mystic	Connecticut	USA	Hotel		Planning	https://www.hilton.com/en/hotels/hfdmyhx-hampton-suites-mystic/?SEO_id=GMB-AMER-HX-HFDMYHX		41.37743	-71.95858	4.3	Reliable $100-150/night. Breakfast included. Pool. Close to Mystic Seaport, Mystic Aquarium, and Abbott's Lobster. Good base for a day at Mystic.
Holy Land USA	Connecticut	USA	Nature		Planning	https://www.holylandwaterbury.org/		41.54874	-73.03025	4.4	Abandoned religious theme park, replica of Bethlehem built by John Baptist Greco. Closed in 1984 after his death. Vandalized, but the 56-foot steel cross is still visible from the highway. CLOSED to the public but visible from the road. Surreal and melancholic.
House of 1833	Connecticut	USA	Hotel		Planning	http://www.houseof1833.com/		41.39588	-71.95621	4.6	UNIQUE! Historic mansion from 1833 as a B&B. Antiques, fireplaces, ~$200-350/night. Stunning but above budget. Special occasion option. Mystic area.
Kent Falls State Park	Connecticut	USA	Nature		Planning	https://portal.ct.gov/DEEP/State-Parks/Parks/Kent-Falls-State-Park		41.77628	-73.41792	4.7	Beautiful 76-meter cascade waterfall, short hike to the top. Best in spring or after rain. Autumn colors excellent in September/October. Day visit, no camping. Free (CT State Parks). Combine with a drive along Route 7 through the Litchfield Hills.
Lake Compounce	Connecticut	USA	Nature		Planning	https://www.lakecompounce.com/?utm_id=GMBtraffic&utm_medium=OrganicGMB&utm_source=google		41.63705	-72.92317	4.2	Oldest continuously operating amusement park in the US (opened 1846!). Boulder Dash wooden coaster won Best Wooden Coaster in the World 5 times. Wildcat is the 14th oldest wooden coaster in the world. Crocodile Cove water park included in the admission price. Historic 1898 carousel. ~$45 pp. Six Flags Prestige Pass NOT valid (separate chain).
Lime Rock Park	Connecticut	USA	Entertainment/sports		Planning	http://www.limerockclub.com/	497 Lime Rock Rd, Lakeville CT 06039	41.92798	-73.37715	4.9	Historic race track in the Litchfield Hills — active since 1957. Paul Newman raced here for many years. Various race events from May to October (~$20-50 pp for spectators). Beautifully situated in rolling countryside. Even without a race, the track is beautiful to drive. Combine it with a drive along Route 44 through the Litchfield Hills.
Louis' Lunch	Connecticut	USA	Restaurant		Planning	https://louislunch.com/		41.30650	-72.93039	4.4	Inventor of the hamburger (1900)! NO KETCHUP ALLOWED (house rule). Toast bread, no bun. Tiny historic building in New Haven. Cash only. ~$10 pp. Hamburger at its most original. Combine with Yale and the pizza route on the same day.
Mark Twain House	Connecticut	USA	Museum		Planning	https://marktwainhouse.org/		41.76702	-72.70145	4.7	Victorian Gothic mansion in Hartford where Mark Twain wrote Huckleberry Finn and Tom Sawyer. 25 rooms. Magnificent architecture. No photos allowed inside. Harriet Beecher Stowe Museum on the adjacent grounds — two legends in one day.
Modern Apizza	Connecticut	USA	Restaurant		Planning	http://www.modernapizza.com/		41.31387	-72.91295	4.6	No lines! Claims Casino Pie — locals prefer this over Frank Pepe. Quieter, more relaxed. Good option if the lines at Frank Pepe are too long. Third pillar of the New Haven pizza triangle.
Mohegan Sun	Connecticut	USA	Restaurant		Planning	https://mohegansun.com/	1 Mohegan Sun Blvd, Uncasville CT 06382	41.49320	-72.09274	4.5	One of the largest casinos in the US, run by the Mohegan tribe. 300,000 m² casino, hotels, 40+ restaurants, large concert venue (Arena at Mohegan Sun). Not just for gamblers — the architecture is impressive (Wolf Den free performances every night). Compare with Foxwoods nearby for a 'casino day'.
Mystic KOA	Connecticut	USA	Hotel		Planning	https://koa.com/campgrounds/mystic/?utm_source=google&utm_medium=organic&utm_campaign=gbp		41.42390	-71.84056	4.1	Camping, RV/tent, cabins. Budget option for the F-150. Close to Mystic Center and Seaport. Campsites with electricity available. Good for one or two nights as a base for the Mystic area.
Mystic Seaport Museum	Connecticut	USA	Restaurant		Planning	https://www.mysticseaport.org/		41.36123	-71.96392	4.6	Historic maritime village on the water. Authentic 19th-century sailing ship (Charles W. Morgan). Beautiful coastal atmosphere. Combine with Mystic Aquarium, Abbott's Lobster, and a night at Mystic for a perfect day at the coast. ~$30 pp. Mystic Pizza restaurant nearby (yes, the one from the movie).
Old Mystic Village	Connecticut	USA	Restaurant		Planning	http://www.oldemistickvillage.com/	27 Coogan Blvd, Mystic CT 06355	41.37355	-71.95569	4.6	Colonial-style shopping center with independent shops, galleries, and restaurants in a picturesque village. Free admission. Close to Mystic Seaport and Mystic Aquarium. A nice addition to a Mystic day for a leisurely stroll and souvenir shopping.
PEZ Visitor Center	Connecticut	USA	Museum		Planning	https://www.pez.com/	35 Prindle Hill Rd, Orange CT 06477	41.26364	-72.99747	4.7	The only PEZ factory and visitor center in North America. Museum featuring the history of PEZ (Austrian invention, 1927), 5,000+ dispensers on display, and you can see the factory running through the windows. ~$5 pp for the museum. PEZ shop with exclusive variants. Unique and absolutely fun for a vlog.
Route 146 Scenic Drive	Connecticut	USA	Scenic Route		Planning	https://www.ctvisit.com	Route 146, Guilford naar Branford CT	41.27048	-72.77591		Scenic coastal route along Long Island Sound via Guilford and Branford to Stony Creek (Thimble Islands). Historic colonial towns, saltwater marshes, marinas. Free driving. Combine with a Thimble Islands boat tour for a perfect day at the coast. Best in autumn or early summer.
Sally's Apizza	Connecticut	USA	Restaurant		Planning	https://www.sallysapizza.com/		41.30307	-72.92006	4.3	Frank Sinatra's favorite in New Haven. Charred, crispy crust, iconic pepperoni pizza. Family business. Same style as Frank Pepe but with a more loyal local following. Literally two streets away from Frank Pepe — do both in one day ('Pizza Tour New Haven').
Sheffield Island Lighthouse	Connecticut	USA	Historic		Planning	http://www.seaport.org/	Ferry vanuit Hope Dock, Norwalk CT 06850	41.11730	-73.45927	4.6	Victorian lighthouse on a small island in Long Island Sound, accessible by ferry from Norwalk (~$30-40 pp, season May-October). Picnics on the island are possible. Quiet and photogenic. Birdwatching and views over Long Island Sound. Combine with lunch in historic center of Norwalk.
Skydive Danielson	Connecticut	USA	Aviation		Planning	http://www.skydivedanielson.com/		41.82286	-71.89982	5	Tandem skydiving ~$200-300 pp. Specializes in first-time jumpers. Danielson Airport. Serge Y. Combine with a day in Connecticut's Quiet Corner for a rural getaway.
Sleeping Giant State Park	Connecticut	USA	Museum		Planning	https://portal.ct.gov/DEEP/State-Parks/Parks/Sleeping-Giant-State-Park		41.43037	-72.88705	4.7	Hiking trails. The mountain ridge resembles a sleeping giant when viewed from afar. Tower Trail leads to a stone observation tower with a view. Beautiful autumn colors. Free (CT State Parks). Combine with the Yale Peabody Museum in nearby New Haven.
Snickerdoodle Cookie – State Food	Connecticut	USA	Hotel		Planning	https://lymanorchards.com/apple-barrel/?utm_source=google&utm_medium=organic&utm_campaign=gmb_listing&utm_id=gmb_listing	Diverse bakkerijen in CT (o.a. Lyman Orchards, Middlefield CT)	41.48817	-72.73118	4.3	The snickerdoodle is the unofficial state cookie of Connecticut — a cinnamon-sugar cookie with a soft interior and a slightly crispy exterior. Modest but typically New England. Best spot: Lyman Orchards in Middlefield (also apple picking in the fall). Not a major attraction, but a nice local food note.
Solair Recreation League	Connecticut	USA	Naturist		Planning	https://www.solairrl.com/		42.02124	-72.05204	4.7	360-acre family nudist resort since 1934. Pond, pool, hot tub, cabins, campground. AANR affiliated. Intro day pass ~$35 (first 4 visits). Nudity MANDATORY at the pool/pond. Best naturist resort in the Northeast! Golf cart required for first-visitor tour. Friendly atmosphere. RV sites available for the F-150.
Sticks and Stones Farm	Connecticut	USA	Hotel		Planning	http://sticksandstonesfarm.com/	197 Huntingtown Rd, Newtown, CT 06470	41.60322	-73.08775	4.7	Cabin in the woods. Quiet and rural. Budget-friendly. A good alternative if other hotels are fully booked or if a quiet evening in the woods is desired.
Sun Ridge Resort	Connecticut	USA	Naturist		Planning	http://sunridgeresortct.com/		41.74521	-71.79594	4.3	Adults only, no clothing. Day pass $60-70 (9:30-5:30). RV sites $30-40/night. More limited than Solair. More geared towards couples. Serge Y. Combine with Solair if there are multiple CT nights — Solair is the better choice for a first visit.
Taber Inn & Suites	Connecticut	USA	Hotel		Planning	http://taberinne.com/		41.34766	-71.95599	4.6	Budget $100-150/night. 9.6 rating on Booking. Family-friendly. Mystic. Good value for the area.
Ted's Restaurant	Connecticut	USA	Restaurant		Planning	http://www.tedsrestaurant.com/		41.54679	-72.78337	4.5	Steamed cheeseburgers — A UNIQUE Connecticut invention since 1959. The steam cooks the meat and melts the cheese from the top. Cash only. Small and fast. One of the strangest but tastiest burgers in the US. ~$10 pp. Meriden CT.
The Adventure Park at Storrs	Connecticut	USA	Entertainment/sports		Planning	https://myadventurepark.com/location/storrs-ct/	2007 Storrs Rd, Storrs, CT 06268	41.83079	-72.29955	4.9	Ziplines and aerial routes through 5 wooded hectares. Climbing ladders, rope bridges. Create your own course. ~$30-50 pp depending on skill level. Combine with a day at the University of Connecticut campus in Storrs.
The Dinosaur Place	Connecticut	USA	Nature		Planning	https://naturesartvillage.com/experience/the-dinosaur-place/	1650 CT-85, Oakdale CT 06370	41.43179	-72.22210	4.4	Outdoor park with 40+ life-sized dinosaur statues spread across a 1.5 km walking path through the forest. Mini golf, climbing structures, water park in the summer. ~$20 pp. Fun and photogenic — ideal for a quick stop. Close to Mystic and Foxwoods casino.
The Glass House – New Canaan	Connecticut	USA	Historic		Planning	http://theglasshouse.org/	199 Elm St, New Canaan CT 06840	41.14648	-73.49682	4.6	Iconic modernist glass palace by architect Philip Johnson (1949) — a fully transparent house in the middle of the woods, he lived there himself. National Historic Landmark. Tours ~$35-55 pp, book weeks in advance. Architecture enthusiasts: world class. Combine with a visit to Greenwich or Stamford.
The River Rats Resort	Connecticut	USA	Hotel		Planning	http://www.theriverratresort.com/	8 Bank Rd, Old Lyme, CT 06371	41.30577	-72.25202	5	UNIQUE! Spend the night on a houseboat on the river. Airbnb/VRBO formula. Serge Y. Unusual sleeping experience. Ideal for vlog content: 'night on the water in Connecticut'. Check availability well in advance.
Thimble Islands	Connecticut	USA	Nature		Planning	https://thimbleislandcruise.com/	Stony Creek Dock, Branford CT 06405	41.26454	-72.74621	4.8	Archipelago of 365 small islands in Long Island Sound, accessible by tour boat from Stony Creek. Victorian summer houses, boathouses, seals. ~$25 pp for the tour (~45 min). Season May-October. Charming and photogenic — a unique stretch of the Connecticut coast. Combine with lunch in Branford.
Yale Peabody Museum	Connecticut	USA	Museum		Planning	http://peabody.yale.edu/		41.31597	-72.92122	4.8	Giant blue whale hangs from the ceiling. Dinosaur fossils. Famous for the 16-foot tapeworms extracted from a Yale student's body in 1896! Fun activity on a rainy day. New Haven also has the best pizza in the US — pair it with Frank Pepe.
Yale University	Connecticut	USA	Museum		Planning	https://www.yale.edu/	New Haven CT 06520	41.30643	-72.93102	4.5	One of the most prestigious universities in the world (1701). The campus is beautifully Gothic and collegiate to visit — free tours. The Sterling Memorial Library resembles a cathedral. Combine with Frank Pepe pizza, Louis' Lunch, and the Peabody Museum for a full day in New Haven.
20-voet Amish Man Statue	Delaware	USA	Bizarre		Planning	http://www.xtgfx.com/	Dover DE (Xtreme Graphix)	39.15817	-75.52437	4.5	Quick photo stop. 20-foot fiberglass Amish man outside a drawing shop. Was mascot of Dutch Pantry House.
Air Mobility Command Museum (GRATIS)	Delaware	USA	Aviation		Planning	https://www.amcmuseum.org/	1301 Heritage Rd, Dover AFB DE 19902	39.11862	-75.45486	4.9	FREE. Only museum in the world for airlift & refueling. 30+ historic aircraft outside + WWII hangar. C-141 and C-130 open for self-guided tours. Top 10% on TripAdvisor worldwide.
Bethany Beach	Delaware	USA	Nature		Planning	http://townofbethanybeach.com/	Boardwalk, Bethany Beach DE 19930	38.53935	-75.05475	4.7	Quieter family beaches south of Rehoboth. Big Chill Beach Club nearby for sunset + drinks over the water. Less crowded than Rehoboth.
Big Chill Beach Club	Delaware	USA	Restaurant		Planning	https://www.bigchillbeachclub.com/	39745 Inlet Rd, Bethany Beach DE 19930	38.61080	-75.06876	4.3	Rooftop bar and restaurant above the Indian River Inlet. Watch the sunset from the terrace with views of the Atlantic Ocean and the bay. Tropical cocktails, seafood. Excellent for golden hour content.
Blair's Ballooning Delaware	Delaware	USA	Aviation		Planning	http://www.blairsballooning.com/	Delaware (locatie per vlucht, tel. 302-202-3338)	38.91083	-75.52767	5	Local balloon operator. Sunrise/sunset flights over the countryside. ~$200-250 pp. Great content for the vlog.
Bombay Hook National Wildlife Refuge	Delaware	USA	Nature		Planning	https://www.fws.gov/refuge/bombay-hook	2591 Whitehall Neck Rd, Smyrna DE 19977	39.25833	-75.47809		20,000+ acres of tidal wetlands. Spectacular bird migration (autumn = best time). Cranes, geese, grey herons. America the Beautiful Pass valid.
Cape Henlopen State Park	Delaware	USA	Nature		Planning	https://www.destateparks.com/park/cape-henlopen/	15099 Cape Henlopen Dr, Lewes DE 19958	38.78416	-75.09828		5,000 acres where Delaware Bay and the Atlantic Ocean meet. WWII Fort Miles towers, free bike rental, fantastic campground. Bortle 4 dark skies for stargazing.
Cape May–Lewes Ferry	Delaware	USA	Scenic Route		Planning	http://www.cmlf.com/	43 Cape Henlopen Dr, Lewes DE 19958	38.78203	-75.11894	4.7	1.5-hour ferry Delaware → New Jersey. Brought the Ford F-150 on board. Smart route: Delaware coastal stops → ferry → Cape May, NJ. Two states in one day.
Corporation Trust Center - Wilmington	Delaware	USA	Bizarre		Planning	https://www.wolterskluwer.com/en/solutions/ct-corporation	1209 N Orange St, Wilmington DE 19801	39.74833	-75.54771	2.5	America's most famous address: 300,000+ companies registered in this single office building (Amazon, Apple, Google...). Delaware's quirky tax trick. Photo-op from the outside — bizarre roadside curiosity.
Crooked Hammock Brewery – Lewes	Delaware	USA	Brewery/Distillery		Planning	https://www.crookedhammockbrewery.com/locations/lewes	36707 Crooked Hammock Way, Lewes DE 19958	38.74624	-75.15082	4.4	Backyard party atmosphere: hammocks, lawn games, live music, craft beer. Close to Cape Henlopen. Perfect for a relaxed afternoon.
Delaware Seashore State Park Camping	Delaware	USA	Nature		Planning	https://www.destateparks.com/park/delaware-seashore/	Inlet Rd, Rehoboth Beach DE 19971	38.61512	-75.06557	4.6	Camping between the Atlantic Ocean and Indian River Bay. Spacious F-150 RV sites. Starry sky over the water. No campfires allowed. ~$40-55/night.
Dogfish Head Brewings & Eats	Delaware	USA	Brewery/Distillery		Planning	https://www.dogfish.com/visit/brewings-and-eats	320 Rehoboth Ave, Rehoboth Beach DE 19971	38.71517	-75.08707	4.5	Delaware's most famous craft brewery (1995). Off-center ales. Chesapeake & Maine seafood restaurant on the side. Combine with a visit to the Steampunk Treehouse in Milton.
Dogfish Inn – Lewes (hotel)	Delaware	USA	Hotel		Planning	https://www.dogfish.com/inn	316 Savannah Rd, Lewes DE 19958	38.77369	-75.14019	4.9	Boutique hotel from Dogfish Head Brewery. Bicycles included. Craft beer in the room. ~$120-180/night. Perfect pairing with a brewery visit.
Fort Delaware State Park (eiland-gevangenis)	Delaware	USA	Historic		Planning	https://www.destateparks.com/park/fort-delaware/	Ferry vanuit Delaware City DE 19706	39.57789	-75.58881	4.6	Civil War prison on Pea Patch Island, by ferry only. Paranormal tours available. Spooky atmosphere, unique experience.
Futuro House – UFO-huis Milton	Delaware	USA	Bizarre		Planning	http://www.thefuturohouse.com/Futuro-Lewes-Delaware-USA.html	Milton DE (near Eagle Crest Airport)	38.77761	-75.30991	4.6	Prefab UFO house by Finnish architect Matti Suuronen, 1968. Only ~20 pieces in all of the US. Just stands in a field. Perfect vlog content.
Giant Doctor's Bag & Stethoscope	Delaware	USA	Bizarre		Planning	https://www.apexmedgroup.com	170 Monrovia Ave, Newark DE 19711	39.72152	-75.74878	5	Quick photo stop. 20-foot doctor's bag + stethoscope at a medical center. Random roadside weirdness.
Golden Fleece Tavern - Dover	Delaware	USA	Restaurant		Planning	https://archives.delaware.gov/delaware-historical-markers/golden-fleece-tavern/	132 W Loockerman St, Dover DE 19904	39.15751	-75.52648	4.2	The place where Delaware ratified the US Constitution in 1787. New café a few streets from the historic location. English pub vibe, local Fordham beer. Good story for the vlog: 'The First State'.
Hagley Museum - Wilmington	Delaware	USA	Museum		Planning	http://www.hagley.org/	298 Buck Road East, Wilmington DE 19807	39.78598	-75.58060	4.8	235-acre site of the original DuPont gunpowder factory (1802). Working 19th-century engine room. And: the Rothschild Patent Model Collection is located here — 5,000+ miniature inventions including a mechanical dog and a whip/cane combo.
Henlopen City Oyster House	Delaware	USA	Restaurant		Planning	http://hcoysterhouse.com/	50 Wilmington Ave, Rehoboth Beach DE 19971	38.71513	-75.08105	4.7	Fresh oysters, lobster rolls, steamed prawns. Always a line – go early! No reservations. Local hit.
Lewes Beach (Savannah Beach)	Delaware	USA	Nature		Planning	https://www.ci.lewes.de.us/208/Savannah-Beach	Savannah Rd, Lewes DE 19958	38.76590	-75.14808	4.7	Quiet beach on the Delaware Bay side (no waves). Ideal starting point for the Cape May-Lewes Ferry. Close to Dogfish Inn and Cape Henlopen.
Miles the Monster – Dover Speedway	Delaware	USA	Bizarre		Planning	https://www.dovermotorspeedway.com/	1131 N DuPont Hwy, Dover DE 19901	39.18884	-75.53312	4.5	46-foot concrete monster with a NASCAR car in his hand. Free photo opportunity off the track. Delaware's most iconic roadside attraction.
Nemours Estate (Mansion and Gardens)	Delaware	USA	Historic		Planning	http://www.nemoursestate.org/	1600 Rockland Rd, Wilmington DE 19803	39.77978	-75.55460	4.8	Louis XVI-style DuPont country house with 77 rooms + formal French gardens. Largest French-style garden in North America. Tours. Impressive, but more for Els than Serge.
Noah's Ark Church – Seaford	Delaware	USA	Bizarre		Planning	https://www.seafordwesleyanchurch.com/seaford-wesleyan-church	Seaford Wesleyan Church, Seaford DE	38.64123	-75.61104	4.5	Quick photo stop. Church as a replica of Noah's Ark with animal silhouettes in the windows. Biblical roadside kitsch.
Oddporium – Gallery of the Peculiar	Delaware	USA	Museum		Planning	https://www.facebook.com/oddporium	310 Market St, Wilmington DE 19801	39.73530	-75.55450	4.8	Shop + museum: working Tesla coil, cyclops pig, skulls, medical curiosities. Building from 1911 – the owner family died there multiple times.
Peach Pie - State Food of Delaware	Delaware	USA	Restaurant		Planning	https://www.fifers.com/		38.91083	-75.52767	4.7	Peach pie is the official state dessert of Delaware. Fresh peaches grow in Kent County. Best place: local bakeries near Dover or the farmers' market in Milford/Harrington. Not to be missed when the season is right (summer).
Rail Haus Beer Garden – Dover	Delaware	USA	Brewery/Distillery		Planning	https://railhaus.com/	107 S Bradford St, Dover DE 19904	39.16327	-75.52603	4.6	Beer garden next to the old railway line. Picnic tables in the sand, fire pits, railway carriages as bars. Pretzel bites + bratwurst. Ideal pit stop next to the AMC Museum.
Rehoboth Beach + Funland	Delaware	USA	Entertainment		Planning	https://www.funlandrehoboth.com/	6 Delaware Ave, Rehoboth Beach DE 19971	38.71431	-75.07626	4.6	Funland: retro family attraction on the boardwalk since 1962. Classic rides, Haunted Mansion, arcade. Rehoboth Beach itself = Delaware's busiest coastal city with unique restaurants and bars.
Rothschild Patent Model Collection (Hagley)	Delaware	USA	Museum		Planning	https://www.hagley.org/research	298 Buck Road East (Hagley Library), Wilmington DE 19807	39.78592	-75.58060	4.6	5,000+ miniature inventions from 1790-1880 — combination whip/walking stick, sofa that turns into a boat, mechanical dog. FREE to view via the Library entrance. Second largest private collection in the world.
Sambo's Tavern – Steamed Crabs	Delaware	USA	Restaurant		Planning	https://www.sambos-tavern.com	299 Front St, Leipsic DE 19901	39.24133	-75.51496	4.4	Quiet cafe along the Leipsic River. Fresh steamed crab at sunset. Paper on the table, dirty hands, beer in hand. Far from tourists, a local favorite.
Smith's Bridge (covered bridge)	Delaware	USA	Scenic Route		Planning	https://www.wilmingtonde.gov/	Smith Bridge Rd, Wilmington DE 19807	39.83002	-75.58865	4.7	Historic covered wooden bridge over Brandywine Creek. Photogenic and peaceful. Close to Brandywine Creek State Park. Quick stop for beautiful photos.
Steampunk Treehouse - Milton (Dogfish Head)	Delaware	USA	Bizarre		Planning	https://www.dogfish.com/brewery/milton-brewery	6 Cannery Village Center, Milton DE 19968	38.77029	-75.31011	5	40-foot sculpture of rusting metal + recycled wood at Dogfish Head Milton Brewery. Brewery tours, beers on tap, live music. Combine with a visit to the Futuro UFO House (also in Milton).
Thrasher's Fries	Delaware	USA	Restaurant		Planning	http://www.thrashersrehoboth.com/	26 Rehoboth Ave, Rehoboth Beach DE 19971	38.71631	-75.07699	4.5	Delaware's holiest boardwalk ritual since 1929. Only fries, nothing else. Vinegar + salt — NO ketchup (that is sacrilege here). Simple but unforgettable. A MUST EAT on the boardwalk.
Tiki Murph – Roadside Tiki Kingdom	Delaware	USA	Bizarre		Planning	http://tikimurph.com/	Route 1 area, Milford DE	37.22669	-77.40137	4.7	Quick photo stop. Hundreds of tiki statues along the road, artists at work. Tropical madness in Delaware.
Trap Pond State Park	Delaware	USA	Nature		Planning	https://www.destateparks.com/park/trap-pond/	33587 Baldcypress Lane, Laurel DE 19956	38.52742	-75.48237	4.7	Kayaking through the northernmost bald cypress forest in the US. Rare habitat. RV camping available for the F-150.
Winterthur Museum, Garden and Library	Delaware	USA	Museum		Planning	https://www.winterthur.org	5105 Kennett Pike, Wilmington DE 19735	39.80455	-75.61057		DuPont mansion + largest collection of American decorative heritage. Enchanted Woods: 3-acre fairy garden with a bird's nest to sit in, fairy houses, and a mystical mushroom ring.
World's Largest Frying Pan – Seaford	Delaware	USA	Bizarre		Planning	https://www.seafordhistoricalsociety.com/	Seaford Historical Society, Seaford DE 19973	38.64031	-75.61310	4.6	Quick photo stop. 10-foot cast iron skillet outside the historical museum. On the way to the coast.
Zwaanendael Museum + Fiji Merman	Delaware	USA	Museum		Planning	https://history.delaware.gov/zwaanendael-museum/	102 Kings Hwy, Lewes DE 19958	38.77406	-75.13917	4.5	Replica of a Dutch city hall for the 300th anniversary of the Dutch colony. Inside: a fake merman made of animal parts. Belgian touch: Dutch architecture!
Ben's Chili Bowl	District of Columbia	USA	Restaurant		Planning	https://benschilibowl.com/	1213 U St NW Washington DC 20009	38.91732	-77.02876	4.4	DC icon since 1958 on the famous U Street. Half-smoke (local spiced sausage) + chili is THE specialty. Obama ate here. Cheap + authentic. No visit to DC without this.
Congressional Cemetery	District of Columbia	USA	Bizarre		Planning	https://www.congressionalcemetery.org/	1801 E St SE Washington DC 20003	38.88283	-76.97891	4.7	Bizarre 19th-century cemetery with enormous cubic cenotaphs for Congressmen – John Philip Sousa + J. Edgar Hoover lie here. Gothic atmosphere. FREE. Perfect content.
Dupont Underground	District of Columbia	USA	Entertainment/sports		Planning	http://www.dupontunderground.org/	1500 19th St NW Washington DC 20036	38.91057	-77.04364	4.5	Abandoned underground tram station converted into an art gallery with rotating exhibitions. Bizarre and photogenic. Check opening hours - not always open. ~$10-15pp.
Eastern Market	District of Columbia	USA	Historic		Planning	http://www.easternmarket-dc.org/	225 7th St SE Washington DC 20003	38.88702	-76.99658	4.5	Historic covered market from 1873 on Capitol Hill. Fresh fruit + meat + flowers + artisanal products. Expanded with an outdoor market on weekends. FREE admission. Good for breakfast.
Ethiopic Restaurant	District of Columbia	USA	Restaurant		Planning	http://www.ethiopicrestaurant.com/	401 H St NE Washington DC 20002	38.89995	-77.00037	4.6	DC has the largest Ethiopian community in the Americas - Ethiopian on H Street is one of the best. Injera + doro wat + kitfo. Eat with your hands the proper way. ~$20-30pp.
Ford's Theatre & Petersen House	District of Columbia	USA	Museum		Planning	https://fords.org/	511 10th St NW Washington DC 20004	38.89668	-77.02568	4.7	Where Lincoln was shot on April 14, 1865. The museum, the chair, and John Wilkes Booth's pistol are on display. Diagonally across: Petersen House, where Lincoln died. FREE museum.
Georgetown Neighborhood	District of Columbia	USA	Historic		Planning	https://www.georgetowndc.com	M St NW & Wisconsin Ave NW Georgetown DC 20007	38.90518	-77.06280		Historic neighborhood with cobblestone streets + Federalist architecture + canal walk + good food + shops. E-bike recommended - Georgetown is quite large. Ideal for a full day.
Ghosts of Lafayette Park Tour	District of Columbia	USA	Entertainment/sports		Planning	https://www.amerighost.com/washington-dc-ghost-tours	Lafayette Park Washington DC 20502	38.89925	-77.03625	1	Guided ghost tour of the White House by lantern light - Victorian-clad guides. Murder, murder, and betrayal in DC's darkest corners. ~$20pp. Great for evening entertainment.
Graduate Washington DC (Georgetown)	District of Columbia	USA	Hotel		Planning	https://www.thegrahamgeorgetown.com/?utm_campaign=gmb	1075 Thomas Jefferson St NW Georgetown DC 20007	38.90477	-77.05998	4.2	Trendy boutique hotel in Georgetown with an academic theme and good design. Close to the Exorcist Steps and the canal walk. ~$150-200/night. Good location for exploring Georgetown.
Great Falls Park (Virginia)	District of Columbia	USA	Nature		Planning	https://www.nps.gov/grfa	9200 Old Dominion Dr McLean VA 22102	38.99691	-77.25476	4.8	Spectacular waterfall about 30 minutes from DC - the Potomac rushes over giant boulders. America the Beautiful Pass valid! One of the most impressive waterfalls on the East Coast.
Hillwood Estate Museum & Gardens	District of Columbia	USA	Museum		Planning	http://www.hillwoodmuseum.org/	4155 Linnean Ave NW Washington DC 20008	38.94419	-77.05289	4.8	Hidden gem: beautiful mansion with the largest collection of Russian imperial art outside Russia (Fabergé eggs!) + stunning gardens. Hardly any visitors. ~$18pp.
Hotel Zena	District of Columbia	USA	Hotel		Planning	https://www.viceroyhotelsandresorts.com/zena?utm_source=google-gbp&utm_medium=organic&utm_campaign=gbp	1155 14th St NW Washington DC 20005	38.90518	-77.03140	4.1	Striking female-empowerment themed hotel with statement art throughout the building. Unique concept - funny for Belgians. ~$150-220/night. Good location in the 14th Street Corridor.
House of the Temple (Vrijmetselaars)	District of Columbia	USA	Historic		Planning	http://scottishrite.org/	1733 16th St NW Washington DC 20009	38.91372	-77.03585	4.7	Impressive neoclassical Masonic building - free tours. 33rd Degree Scottish Rite temple. Mysterious and fascinating. Serge: this is pure Da Vinci Code content.
International Spy Museum	District of Columbia	USA	Museum		Must Do	https://www.spymuseum.org/	700 L'Enfant Plaza SW Washington DC 20024	38.88414	-77.02557	4.4	One of the coolest museums in all of America. Interactive spy museum with gadgets + secret operations of real CIA/KGB agents. Admission ~$27pp. MANDATORY!
Jaleo (José Andrés)	District of Columbia	USA	Restaurant		Planning	https://www.jaleo.com/location/washington-dc/	480 7th St NW Washington DC 20004	38.89593	-77.02227	4.5	Tapas restaurant by Spanish-American star chef José Andrés – the man who fed DC after Hurricane Maria. Lively + flavorful. ~$50-80pp. Reserve in advance.
Kenilworth Aquatic Gardens	District of Columbia	USA	Nature		Planning	https://www.nps.gov/keaq/	1550 Anacostia Ave NE Washington DC 20019	38.91261	-76.94183	4.6	Hidden gem: national park with giant water lilies and lotus plants. In July, everything is in bloom – magical atmosphere. FREE + America the Beautiful Pass. Few tourists.
Kimpton Hotel Monaco DC	District of Columbia	USA	Hotel		Planning	https://www.monaco-dc.com/?&cm_mmc=WEB-_-KI-_-AMER-_-EN-_-EV-_-Google%20Business%20Profile-_-DD-_-monaco%20dc	700 F St NW Washington DC 20004	38.89681	-77.02253	4.2	Boutique hotel in a beautiful neoclassical old post office building. Amazing interior + central location near museums. ~$200-280/night. Free wine hour every evening for guests.
Library of Congress (Jefferson Building)	District of Columbia	USA	Historic		Planning	https://www.loc.gov/	101 Independence Ave SE Washington DC 20540	38.88749	-77.00473	4.4	Most magnificent interior in DC - stunning rotunda with a golden dome. FREE but reserve, timed entry. The Gutenberg Bible and the very first photo of a human are on display here.
Lincoln Memorial	District of Columbia	USA	Historic		Planning	https://www.nps.gov/linc/index.htm/index.htm	2 Lincoln Memorial Cir NW Washington DC 20037	38.88959	-77.05033	4.8	Iconic monument - FREE and open 24/7. Best time to visit: sunrise or sunset for perfect photos. Martin Luther King gave his I Have a Dream speech here.
National Air and Space Museum	District of Columbia	USA	Museum		Planning	https://airandspace.si.edu/	600 Independence Ave SW Washington DC 20560	38.88719	-77.02087	4.6	THE aviation museum of America. Wright Brothers plane + Apollo 11 capsule + spacesuits. FREE. An absolute must for Serge - reserve timed entry online in advance.
National Arboretum & Bonsai Museum	District of Columbia	USA	Nature		Planning	https://www.usna.usda.gov/discover/gardens-collections/national-bonsai-penjing-museum	3501 New York Ave NE Washington DC 20002	38.91233	-76.96994	4.8	Large botanical garden with 400-year-old bonsai trees (received from Japan after WWII) + original Capitol pillars in the middle of a meadow. FREE. Bizarre + beautiful at the same time.
National Archives	District of Columbia	USA	Museum		Planning	https://www.archives.gov/dc	700 Pennsylvania Ave NW Washington DC 20408	38.89286	-77.02307	4.5	The original Declaration of Independence + Constitution + Bill of Rights behind glass. FREE, but reserve for timed entry. Historical goosebumps guaranteed for Belgians.
National Building Museum	District of Columbia	USA	Museum		Planning	https://www.nbm.org/	401 F St NW Washington DC 20001	38.89768	-77.01810	4.4	Spectacular interior – 15m high Corinthian columns in an impressive grand hall. Temporary exhibitions are often experimental and surprisingly creative. Free basic admission.
National Museum of African American History	District of Columbia	USA	Museum		Planning	https://nmaahc.si.edu/	1400 Constitution Ave NW Washington DC 20560	38.89106	-77.03259	4.8	Powerful and unforgettable museum. FREE but timed passes REQUIRED - book months in advance! Emotionally + historically impressive. Do not miss.
National Museum of Health and Medicine	District of Columbia	USA	Museum		Planning	https://medicalmuseum.health.mil/	2500 Linden Ln Silver Spring MD 20910	39.00873	-77.05310	4.7	Military medical museum with hairballs in intestines + skull fragments of Lincoln after his assassination. Not for the faint of heart. FREE. Serge will love this.
National Museum of Natural History	District of Columbia	USA	Museum		Planning	https://naturalhistory.si.edu/	10th St & Constitution Ave NW Washington DC 20560	38.89209	-77.02590	4.8	Hope Diamond + dinosaurs + living coral tank. FREE. One of the most visited museums in the world – come early or reserve timed entry.
National Portrait Gallery / American Art Museum	District of Columbia	USA	Museum		Planning	https://npg.si.edu/	8th and F Streets NW Washington DC 20001	38.89724	-77.02296	4.8	Two museums in one beautiful neoclassical building - Yayoi Kusama installations + presidential portraits. The inner courtyard (Kogod Courtyard) is architecturally spectacular. FREE.
National Zoo (Smithsonian)	District of Columbia	USA	Nature		Planning	https://nationalzoo.si.edu/	3001 Connecticut Ave NW Washington DC 20008	38.92959	-77.04925	4.6	Free zoo in Rock Creek Park. Big cats + rhinos + elephants. Anoas (rare buffaloes from Indonesia) are also at home here. FREE. Good for half a day.
Old Ebbitt Grill	District of Columbia	USA	Restaurant		Planning	https://www.ebbitt.com/	675 15th St NW Washington DC 20005	38.89795	-77.03325	4.6	Oldest bar/restaurant in DC (1856) - a few steps from the White House. Victorian decor + oysters + classic American grill. Busy but historic atmosphere. Reservations on weekends.
Planet Word Museum	District of Columbia	USA	Museum		Planning	http://planetwordmuseum.org/	925 13th St NW Washington DC 20005	38.90211	-77.02932	4.8	Immersive language museum in the restored Franklin School building (1869). Unique and playful concept centered on language and communication. ~$20pp. A 10/10 for Els.
Rock Creek Park	District of Columbia	USA	Nature		Planning	https://www.nps.gov/rocr/planyourvisit/planetarium.htm	5200 Glover Rd NW Washington DC 20015	38.95765	-77.05112	4.5	Large, wooded city park in the middle of DC. Walking and cycling paths through a real forest. America the Beautiful Pass valid for admission. Good for an e-bike ride along the creek.
The Barbie Pond on Q Street	District of Columbia	USA	Entertainment/sports		Planning	https://m.facebook.com/pages/The-Barbie-Pond-on-Avenue-Q/943562732344551	1700 Q St NW Washington DC 20009	38.91097	-77.03873	4.6	Anonymous street art installation featuring Barbie dolls in political and social scenarios. Regularly updated for holidays. Free. Perfect quirky content stop.
The Exorcist Steps (Georgetown)	District of Columbia	USA	Bizarre		Planning	https://en.wikipedia.org/wiki/Exorcist_Steps	3600 Prospect St NW Georgetown DC 20007	38.90571	-77.07040	4.7	97 steep stairs from the horror film The Exorcist (1973) - free and 24/7. Serge: let yourself roll from top to bottom for the content. Iconic for film fanatics.
The Watergate Hotel	District of Columbia	USA	Hotel		Planning	http://www.thewatergatehotel.com/	2650 Virginia Ave NW Washington DC 20037	38.89949	-77.05567	4.3	THE scandal hotel of America - fully renovated and luxurious again. Room has a 'Do Not Disturb' sign with 'No Need to Break In'. Above budget (~$350/night) but GOLD for contentment.
The Wharf (voedselwijk)	District of Columbia	USA	Restaurant		Planning	http://www.wharfdc.com/	760 Maine Ave SW Washington DC 20024	38.87921	-77.02396	4.7	New waterfront district with a dozen restaurants + food halls + live music + kayak rentals along the Potomac. Great place for an evening. Fresh fish + seafood recommended.
Theodore Roosevelt Island	District of Columbia	USA	Nature		Planning	https://www.nps.gov/this	George Washington Memorial Pkwy McLean VA 22101	38.94656	-77.13732		Peaceful forest island in the Potomac with walking paths and a large statue. Accessible via a small footbridge. FREE + America the Beautiful Pass valid. Perfect escape from the hustle and bustle.
Tidal Basin & Cherry Blossoms	District of Columbia	USA	Nature		Planning	https://www.nps.gov/articles/dctidalbasin.htm	Tidal Basin Washington DC 20024	38.88408	-77.03846	4.8	Famous Japanese cherry blossoms in late March/April. If the timing coincides with your DC visit (Spring 2028?), this is a SPECTACLE. Go early to beat the crowds.
Topless George Washington (NMAH)	District of Columbia	USA	Museum		Planning	https://americanhistory.si.edu	14th St & Constitution Ave NW Washington DC 20001	38.89210	-77.03196		The Smithsonian American History Museum houses a half-naked Zeus-like Washington sculpture (1840) – a huge scandal at the time. Free. Combine with the rest of the museum.
U Street Corridor	District of Columbia	USA	Historic		Planning	https://www.culturaltourismdc.org	U St NW Washington DC 20009	38.91701	-77.03503	4.2	Historic Black Broadway neighborhood – Duke Ellington was born here. Murals + live music venues + Ethiopian restaurants + Ben's Chili Bowl. Evening atmosphere is great. Free walking neighborhood.
Udvar-Hazy Center (NASM Dulles)	District of Columbia	USA	Museum		Planning	https://airandspace.si.edu/visit/udvar-hazy-center	14390 Air and Space Museum Pkwy Chantilly VA 20151	38.91092	-77.44421	4.9	HUGE aircraft hangar at Dulles Airport with Space Shuttle Discovery + SR-71 Blackbird + hundreds of aircraft. FREE (parking $20). Serge is going to wander around here for hours. Absolute must!
United States Holocaust Memorial Museum	District of Columbia	USA	Museum		Planning	https://www.ushmm.org/	100 Raoul Wallenberg Pl SW Washington DC 20024	38.88671	-77.03261	4.8	Poignant and necessary museum. FREE, but timed entry recommended. Emotionally heavy but of great importance. As Belgians with a history of war, this is a special visit.
US Capitol & Rotunda Tour	District of Columbia	USA	Historic		Planning	http://www.visitthecapitol.gov/	First St SE Washington DC 20004	38.88795	-77.00594	4.6	Free tours of the Capitol via online reservation. Impressive Rotunda + National Statuary Hall. Historical weight palpable like never before in recent years. FREE.
Washington Monument	District of Columbia	USA	Historic		Planning	https://www.nps.gov/wamo	2 15th St NW Washington DC 20024	38.88948	-77.03528		169m tall obelisk with elevator to the top and panorama over all of DC. FREE but tickets REQUIRED via recreation.gov - book in advance. Lines can be long.
White House Visitors Center	District of Columbia	USA	Historic		Planning	http://www.nps.gov/whho/planyourvisit/directions.htm	1450 Pennsylvania Ave NW Washington DC 20230	38.89521	-77.03274	4.4	An interior visit to the White House requires an invitation via a Congressman – not realistic. The Visitors Center (FREE) provides a good impression nonetheless. You can always photograph the exterior from the street.
🏨 Everglades International Hostel	Florida	USA	Hotel		Planning	https://www.evergladeshostel.com	20 SW 2nd Ave, Florida City, FL 33034	25.44340	-80.47850		Quirky bohemian hostel near the Everglades NP gate - bursting with character! Tropical garden, hammocks, canoe rentals, alligator spotting nearby. Perfect base for the Everglades + Florida Keys. Dorms or private rooms. Approx. $50-80/night. Bohemian atmosphere.
🏨 Hawk's Cay Resort - Duck Key	Florida	USA	Hotel		Planning	https://hawkscay.com	61 Hawks Cay Blvd, Duck Key, FL 33050	24.77810	-80.91400		Resort on a private island in the middle of the Florida Keys! MM 61. Private lagoon, dolphin program, water sports, 5 restaurants. PERFECT end to the road trip before Malta. Duck Key = between Marathon and Key West. Slightly over budget but worth it for the grand finale. Approx. $200-300/night.
Aardwolf Brewing Company	Florida	USA	Brewery/Distillery		Planning	https://www.aardwolfbrewing.com	1461 Hendricks Ave, Jacksonville, FL 32207	30.31086	-81.65451		Jacksonville's hippest brewery in a historic railway ice house with a large outdoor beer garden. Specializing in IPAs, barrel-aged stouts, and sours; one of the most acclaimed taprooms in North FL. Combine with a visit to Ripley's in St. Augustine, a 45-minute drive away.
African Queen boottour	Florida	USA	Bizarre		Planning	https://www.africanqueenflkeys.com	Key Largo Harbor, Key Largo, FL 33037	25.09262	-80.44204		Cruise on the original steamship from the film 'The African Queen' (1951, Humphrey Bogart and Katharine Hepburn). The ship traveled the world before ending up in Key Largo. Cruises through the canals of Port Largo. Film history and Florida Keys atmosphere in one bizarre combination. Book online in advance.
African Queen boottour Key Largo	Florida	USA	Bizarre		Planning	https://africanqueenflkeys.com	Key Largo Holiday Inn Marina, Key Largo, FL 33037	25.09570	-80.43841		A trip on the REAL African Queen from the famous 1951 film starring Humphrey Bogart and Katharine Hepburn. The steamboat has been restored and still sails through the Key Largo canals. ~$65 p.p. for a 1-hour tour. Perfect vlog content: 'We are sailing on Bogart's movie boat.' Combine with Pennekamp snorkeling.
Airboat in de Everglades (Black Hammock)	Florida	USA	Nature		Planning	https://www.blackhammock.com	2356 Black Hammock Fish Camp Rd, Oviedo, FL 32765	28.70529	-81.20685		Wilder and cheaper than the Everglades tours near Miami: small private boats sailing deep into Lake Jesup, one of the most densely populated alligator areas in the US. Hundreds of alligators guaranteed. Also known as the starting point for bioluminescent kayaking in summer. Combine with Gatorland, 30 minutes away, for a complete gator day. Airboat entrance ~$30 p.p.
American Victory Ship Museum	Florida	USA	Museum		Planning	https://www.americanvictory.org	705 Channelside Dr, Tampa, FL 33602	27.94354	-82.44424		One of only four fully operational WWII ships in the US — 9 decks to explore without restriction. Crawl through engine rooms, sleeping quarters, radio rooms, and captain's quarters of a ship that saw three wars. Admission ~$15 p.p. Combine with Ybor City and Cigar City Brewing for a complete Tampa waterfront day.
Ancient City Brewing	Florida	USA	Brewery/Distillery		Planning	https://www.ancientcitybrewing.com	10 E Bay St, St. Augustine, FL 32084	29.84211	-81.26669		Authentic craft brewery in the heart of the oldest town in the US, also featuring a taproom at 16 State Road. Castillo Coconut Porter and Orange Amber Ale are local classics; found in 200+ restaurants in North FL. Logically, combine this with Ripley's and Potter's Wax Museum on the same St. Augustine Day.
Apalachicola Oesterdorp	Florida	USA	Restaurant		Planning	https://www.visitapalachicola.com	Market St, Apalachicola, FL 32320	29.73024	-84.98830		The most charming coastal village in the Florida Panhandle, responsible for 90% of all oysters in Florida. Every restaurant serves the freshest oysters straight from the bay; Tamara's Café and Boss Oyster are legendary. Combine with Florida Caverns, 45 minutes away, and the John Gorrie air conditioning museum in the middle of the village.
Aquatica Orlando (waterpark)	Florida	USA	Theme Park		Planning	https://www.aquaticabyseaworld.com/orlando	5800 Water Play Way, Orlando, FL 32821	28.41570	-81.45639		SeaWorld's water park with 40+ slides, a lazy river, and a unique slide through a dolphin tank. Covered by the SeaWorld Fun Card (~$150 with FL ID) — pay once, unlimited access for the entire year. Combine with SeaWorld Orlando on the same site. Ideal for warm Florida weather (Feb-Nov).
Bahia Honda State Park	Florida	USA	Nature		Planning	https://www.floridastateparks.org/parks-and-trails/bahia-honda-state-park	36850 Overseas Hwy, Big Pine Key, FL 33043	24.66907	-81.25110		Consistently voted the most beautiful beach in Florida and one of the most beautiful in the US. Snorkeling, kayaking, remnants of the original Overseas Railway bridge, and stunning sunsets. Park entrance ~$8 p.p. (America the Beautiful pass). Camping available, but waiting lists of months. Midway to the Keys, an ideal rest stop.
Barrel of Monks Brewing	Florida	USA	Brewery/Distillery		Planning	https://www.barrelofmonks.com	1141 N Federal Hwy, Boca Raton, FL 33432	26.36120	-80.08335		For two Belgians, it is almost a religious obligation: Barrel of Monks brews authentic Belgian beer styles in Florida. Wheat beer, dubbel, tripel, and experimental Belgian creations — taken impressively seriously. Open Tue-Sun; a tasting flight is recommended. Combine with Sunsport Gardens for an absurd but delightful day.
Big Betsy the Lobster	Florida	USA	Bizarre		Planning	https://www.therainbarrel.com	86700 Overseas Hwy, Islamorada, FL 33036	24.95940	-80.57136		A 9-meter-high lobster sculpture marks the Rain Barrel Artisan Village in the Upper Keys. Stroll past local artists, galleries, and souvenirs — free admission. Perfect photo stop on the way to Key West; combine with Islamorada Brewery nearby.
Bioluminescent Kayak Tour (Space Coast)	Florida	USA	Nature		Planning	https://www.a-realtour.com	Merritt Island area, Titusville, FL 32780	28.64130	-80.73557		Kayaking on a dark evening in the shallow waters of Merritt Island: every paddle movement illuminates the water in neon blue due to bioluminescent plankton. One of Florida's most magical experiences — it looks like swimming in a Milky Way. Best season: May through October. Tour ~$55 p.p. Combine with Kennedy Space Center the following morning.
Blue Heaven	Florida	USA	Restaurant		Planning	https://www.blueheavenkw.com	729 Thomas St, Key West, FL 33040	24.55169	-81.80278		An absolute Key West legend: an open-air café with chickens roaming free and a hippie vibe that works flawlessly. Ernest Hemingway once boxed in the courtyard. Breakfast and brunch are must-dos; guaranteed to wait a long time. Combine Big Betsy the lobster at Islamorada and Coral Castle on the way back.
Bob's Balloons (heteluchtballon)	Florida	USA	Aviation		Planning	https://www.bobsballoons.com	8293 Champions Gate Blvd, Davenport, FL 33896	28.26287	-81.61864		Magical sunrise flight over Central Florida up to 300 m high — spectacular vlog content guaranteed. Approximately 1 hour in the air, followed by a champagne toast. ~$175-200 p.p. Early rise required. Combine with a day at Cypress Cove nudist resort or Gatorland on the same day.
Bok Tower Gardens Singing Tower	Florida	USA	Nature		Planning	https://www.boksanctuary.org	1151 Tower Blvd, Lake Wales, FL 33853	27.93727	-81.57738		A Neo-Gothic carillon tower on Florida's highest hill — daily concert at 3 pm with bells weighing up to 3 tons. Beautiful botanical gardens with Mediterranean plants you wouldn't expect in Florida. Picturesque and totally different. Combine with Spook Hill, a 10-minute drive away, for a full 'Lake Wales weirdness' afternoon.
Busch Gardens Adventure Island Tampa	Florida	USA	Theme Park		Planning	https://buschgardens.com/adventure-island	10001 N McKinley Dr, Tampa, FL 33612	28.04170	-82.41303		Busch Gardens' Tampa water park with 30-meter-high slides, a lazy river, and a large wave pool. Covered by the Busch Gardens Fun Card (~$90 with FL ID), which also covers Busch Gardens itself. Season April through September; next to Busch Gardens Tampa for an easy day combination.
Busch Gardens Tampa	Florida	USA	Theme Park		Planning	https://buschgardens.com/tampa	10165 McKinley Dr, Tampa, FL 33612	28.03386	-82.42107		African-themed park with wild roller coasters (Cheetah Hunt, Tigris, Iron Gwazi), safari animal experiences, and live shows. Included in the same SeaWorld Fun Card as SeaWorld Orlando — duo deal with Florida ID. Combine with Cigar City Brewing 10 min away and Lake Como naturist resort 30 min away.
Caliente Club & Resorts	Florida	USA	Naturist		Planning	https://www.clubcaliente.com	Land O' Lakes, FL 34638	28.27050	-82.52941		Florida's largest and most impressive lifestyle/swingers resort on 125 acres near Tampa. Caribbean feel: lagoon pools, waterfalls, 3 poolside bars, 2 restaurants, and day passes available. Be warned: more swinger-oriented than naturist-oriented. Lake Como is the better naturist alternative nearby.
Chihuly Collection - Morean Arts Center	Florida	USA	Museum		Planning	https://www.moreanartscenter.org/chihuly	720 Central Ave, St. Petersburg, FL 33701	27.77100	-82.64401		The permanent Chihuly Collection in St. Pete displays gigantic glass artworks by Dale Chihuly in a specially designed space. Combine it with the Salvador Dalí Museum on the same day, a 1 km walk away — a perfect double art day that is hallucinatory in a good way. Admission ~$16 p.p. St. Pete also has a great brewery scene for the evening.
Cigar City Brewing	Florida	USA	Brewery/Distillery		Planning	https://www.cigarcitybrewing.com	3924 W Spruce St, Tampa, FL 33607	27.95871	-82.50928		Tampa's flagship brewery — the Jai Alai IPA and Maduro Brown Ale are internationally famous. Taproom with tours Wed-Sun; flights available. The surrounding Ybor City area is also worth a visit. Perfect stop after Busch Gardens or as the start of a Tampa brewery crawl towards Lake Como.
Citrus Tower Clermont	Florida	USA	Bizarre		Planning	https://www.citrustower.com	141 US Hwy 27 N, Clermont, FL 34711	28.58037	-81.75075		A 69-meter-high observation tower from 1956, built to show visitors Florida's endless orange groves. Ironically, the orange plantations have long since disappeared — now you look out over new buildings and Disney hotels on the horizon. Great kitsch value for $5 admission. Combine with Spook Hill and Gatorland for a Central Florida road kitsch day.
Clearwater Marine Aquarium	Florida	USA	Museum		Planning	https://www.cmaquarium.org	249 Windward Passage, Clearwater, FL 33767	27.97694	-82.81858		Most famous for Winter, the dolphin with a prosthetic tail who inspired the movie 'Dolphin Tale'. A real rehabilitation center that rehabilitates injured marine animals — no shows, but authentic repair work. Admission ~$28 p.p. Clearwater Beach is right next door for Florida's most beautiful city beach.
Coral Castle	Florida	USA	Bizarre		Planning	https://www.coralcastle.com	28655 S Dixie Hwy, Homestead, FL 33033	25.50036	-80.44431		Mysterious stone castle, built single-handedly by the 45 kg Edward Leedskalnin over 28 years. Coral stone blocks up to 30 tons — how he did that without machines continues to amaze engineers to this day. Admission ~$18 p.p., open daily. Combine with the Florida Keys route or El Carajo in Miami.
Cypress Cove Nudist Resort	Florida	USA	Naturist		Planning	https://www.cypresscoveresort.com	4425 Pleasant Hill Rd, Kissimmee, FL 34746	28.15561	-81.43751		Florida's most famous AANR-certified naturist resort on 300 acres near Kissimmee, 20 minutes from Disney World. Two heated pools, restaurant, bar, kayaks on a private lake, tennis, pickleball, and camping sites. Discount for AANR members. Ideal base combining theme parks and a naturist experience.
De Leon Springs State Park (Old Sugar Mill Pancakes)	Florida	USA	Nature		Planning	https://www.volusia.org/parks/de-leon-springs-state-park.stml	601 Ponce de Leon Blvd, De Leon Springs, FL 32130	29.13261	-81.36113		Crystal-clear spring water (22°C all year round) for swimming and snorkeling, surrounded by ancient cypress trees. The famous Old Sugar Mill Pancake House is located *inside* the State Park — bake your own pancakes at the table for breakfast. Free park entry with the America the Beautiful pass. Combine with Ocala NF and Sunny Sands naturist resort.
Dinosaur World	Florida	USA	Bizarre		Planning	https://www.dinoworld.net	5145 Harvey Tew Rd, Plant City, FL 33565	28.02809	-82.19074		150+ life-sized dinosaurs hidden among moss-covered Florida forest — T-Rexes peeking through the treetops. Fossil excavation site where visitors can dig themselves. Admission ~$16 p.p. Ideal stop on I-4 between Tampa and Orlando; combine with Spook Hill and Cigar City Brewing.
Discovery Cove	Florida	USA	Theme Park		Planning	https://www.discoverycove.com	6000 Discovery+Cove Way, Orlando, FL 32821	28.40509	-81.46310		All-inclusive day ticket (including all meals and snacks) for swimming with dolphins, snorkeling on a coral reef, and roaming freely with exotic birds and monkeys. Maximum of 1,300 visitors per day — never crowded. FL residents get up to a 20% discount. A little apart from the big parks and spectacular vlog content. One day is enough, but don't forget to book.
Don Garlits Museum of Drag Racing	Florida	USA	Museum		Planning	https://www.garlits.com	13700 SW 16th Ave, Ocala, FL 34473	29.02268	-82.15556		The most complete collection of drag racing vehicles in the world, built by 'Big Daddy' Don Garlits — the father of drag racing. From early street cars from the 1950s to modern Top Fuel dragsters that go faster than 500 km/h in 3 seconds. Admission ~$15 p.p. Serge will want to stay here for hours. Close to Ocala NF for camping afterwards.
Dry Tortugas National Park	Florida	USA	Nature		Planning	https://www.nps.gov/drto	Garden Key, Dry Tortugas, FL 33040	24.66465	-82.88560		A remote island 110 km from Key West accessible by high-speed ferry or seaplane — no car traffic, dark starry skies. Fort Jefferson: an impressive hexagonal brick fort in the middle of the sea, plus exceptionally clear snorkeling water. Ferry service ~$185-200 p.p. return; seaplane ~$350+. America the Beautiful pass for park entry. Book early.
Dry Tortugas NP (seaplane)	Florida	USA	Nature		Planning	https://www.drytortugasseaplanes.com	3471 S Roosevelt Blvd, Key West, FL 33040	24.55365	-81.75691		70 miles off the coast of Key West: a lonely hexagonal Civil War fort in the middle of turquoise waters — accessible only by seaplane or ferry. The National Park Service protects pristine coral reefs and one of the largest colonies of seabirds in the world. Seaplane return ~$350 pp; ferry ~$180 pp (3.5h). Seaplane is, however, the most epic option for the vlog.
Dunedin (Schotse whisky & bierstadtje)	Florida	USA	Brewery/Distillery		Planning	https://www.dunedinfl.net	937 Douglas Ave, Dunedin, FL 34698	28.01404	-82.78759		Florida's most Scottish town descends from Scottish pioneers and celebrated that with a handful of craft breweries. Dunedin Brewery is the oldest in Hillsborough/Pinellas County; 7venth Sun Brewery nearby is known for innovative beers. Combine the 'Dunedin Brewery Crawl': 5+ taprooms within walking distance. Close to Clearwater Beach for a perfect combination day.
Edison & Ford Winter Estates Fort Myers	Florida	USA	Historic		Planning	https://www.edisonfordwinterestates.org	2350 McGregor Blvd, Fort Myers, FL 33901	26.63430	-81.87946		The adjacent winter villas of Thomas Edison and Henry Ford in Fort Myers, including Edison's workshop and a huge botanical garden. Edison's laboratory has been preserved exactly as he left it — a perfect time capsule spot. Admission ~$25 p.p. Combine with The Bubble Room restaurant on Captiva Island, a 45-minute drive away.
El Carajo (tapas in benzinestation)	Florida	USA	Restaurant		Planning	https://www.elcarajomiami.com	2465 SW 17th Ave, Miami, FL 33145	25.74663	-80.22159		Authentic Spanish tapas restaurant and wine bar tucked away in the back of an ordinary Shell garage in Miami. Jamón ibérico, queso manchego, and wine bottles to choose from straight off the shelves — run by a Spanish family. Absolutely one of the most quirky yet delicious dining spots in the US. Combine with Haulover Beach and Coral Castle.
Everglades Airboat Tour	Florida	USA	Nature		Planning	https://www.evergladesareaboattours.com	35000 SW 192nd Ave, Homestead, FL 33034	25.44222	-80.50155		Zipping through the shallow Everglades swamps on an airboat while alligators move aside. Wildlife spotting: herons, turtles, manatees — and Florida Panthers if you're lucky. Combine with the Skunk Ape Research HQ on the Tamiami Trail and Coral Castle on the way back.
Florida Caverns State Park	Florida	USA	Nature		Planning	https://www.floridastateparks.org/parks-and-trails/florida-caverns-state-park	3345 Caverns Rd, Marianna, FL 32446	30.80851	-85.21289		The only Florida State Park with accessible, dry caves filled with stalactites, stalagmites, and dripstone formations. Guided cave tours ~$5 p.p. (in addition to park entrance ~$5). America the Beautiful pass valid. Combine with Possum Monument in Wausau and Torreya State Park for a full Panhandle day out.
Florida Keys Wild Bird Rehabilitation Center	Florida	USA	Nature		Planning	https://www.keysbirdcenter.org	93600 Overseas Hwy, Tavernier, FL 33070	25.03198	-80.50396		A free bird rehabilitation center in the Upper Keys where pelicans, herons, and birds of prey can be admired on a beautiful boardwalk. Temporary home for injured birds — some have become permanent residents. Moving and photogenic. Free (donations appreciated). Combine with Pennekamp and the African Queen in Key Largo.
Fort Zachary Taylor Historic State Park	Florida	USA	Historic		Planning	https://www.floridastateparks.org/parks-and-trails/fort-zachary-taylor-historic-state-park	601 Howard England Way, Key West, FL 33040	24.55506	-81.77999		National Historic Landmark: an imposing Civil War-era fort with the largest known collection of Civil War cannons. The fort is located on Key West's most beautiful beach — snorkeling, picnicking, and history all in one. Admission ~$6 p.p. (America the Beautiful pass). Guided tours daily at 12 p.m. and 2 p.m.
Fun Spot America Orlando	Florida	USA	Theme Park		Planning	https://fun-spot.com/orlando	5700 Fun Spot Way, Orlando, FL 32819	28.46526	-81.45571		Old-fashioned American amusement park with go-karts on 4 multi-level tracks, roller coasters, and an arcade — no reservation needed. Wristband for unlimited riding ~$35-45. FL residents get a discount via the Fun Spot app. Perfect as an alternative to the mega-parks — more relaxed, cheaper, and spontaneous to visit.
Funky Buddha Brewery	Florida	USA	Brewery/Distillery		Planning	https://www.funkybuddhabrewery.com	1201 NE 38th St, Oakland Park, FL 33334	26.17465	-80.13082		Renowned brewery near Fort Lauderdale, famous for culinary beer creations. Maple Bacon Coffee Porter and Peanut Butter & Jelly Brown Ale are literally legendary in the craft beer world. Huge taproom, tours on weekdays. Combine with Mai-Kai and Funky Buddha for a full FL evening.
Gatorland	Florida	USA	Bizarre		Planning	https://www.gatorland.com	14501 S Orange Blossom Trail, Orlando, FL 32837	28.35553	-81.40220		Florida's original crocodile park from 1949 with hundreds of alligators, a signature alligator mouth entrance, and a 7-story high zipline right over a crocodile pit. Much more original and affordable than the big theme parks. Admission ~$30 p.p. Combine with Cypress Cove naturist resort, 20 minutes away, for a complete Orlando day out.
Gibsonton Showmen's Museum	Florida	USA	Museum		Planning	https://www.showmensmuseum.org	Gibsonton, FL 33534	27.81990	-82.37773		For decades, Gibsonton was the winter quarters for circus artists and freak show performers. This unique museum preserves that strange history with vintage carnival rides and sideshow banners. Absolutely unknown to the average tourist. Close to Tampa; combine with Busch Gardens or Cigar City.
Haulover Beach Park (naturistenstrand)	Florida	USA	Nature		Planning	https://www.miamidade.gov/global/recreation/park/haulover-park.page	10800 Collins Ave, Miami, FL 33154	25.89730	-80.12504		The most famous public nudist beach in the US — officially clothing-optional, completely legal, and well-guarded. Free beach, only parking costs ~$5. Popular with locals and tourists from all over the world. Combine with Coral Castle, El Carajo, or the Wreck Bar for an unforgettable Miami day.
Hemingway Home & Museum	Florida	USA	Museum		Planning	https://www.hemingwayhome.com	907 Whitehead St, Key West, FL 33040	24.55123	-81.80059		The Spanish Colonial house where Ernest Hemingway lived and worked from 1931–1940 — including the descendants of his famous six-toed cats. ~60 six-toed cats roam freely as guardians of the house; the property is recognized as an official museum. Admission ~$16 p.p. Combine with the Key West Lighthouse Museum, a 2-minute walk away.
History Miami Museum	Florida	USA	Museum		Planning	https://www.historymiami.org	101 W Flagler St, Miami, FL 33130	25.77452	-80.19692		10,000 years of South Florida history in downtown Miami, from prehistoric Tequesta cultures to the Cuban Exodus and the Art Deco explosion. 37,000 3D artifacts and rotating exhibitions; one of the best regional history museums in the US. Admission ~$10 p.p. Combine with Wynwood Walls and El Carajo for a full cultural day in Miami.
History of Diving Museum	Florida	USA	Museum		Planning	https://www.divingmuseum.org	82990 Overseas Hwy, Islamorada, FL 33036	24.93112	-80.62089		The largest collection of diving helmets, armored suits, and underwater equipment in the world — collected over 40 years by Doctor Joe and Sally Bauer. From medieval diving bells to modern rebreathers: the complete evolution of diving in one fantastic museum. Combine with feeding Robbie's tarpons nearby for a complete Islamorada afternoon.
Homosassa Springs Wildlife State Park	Florida	USA	Nature		Planning	https://www.floridastateparks.org/parks-and-trails/ellie-schiller-homosassa-springs-wildlife-state-park	4150 S Suncoast Blvd, Homosassa, FL 34446	28.80021	-82.58485		The only park in Florida where you can view manatees year-round through an underwater observation window — no neoprene wetsuit needed. Also home to Louisiana Lu, a hippopotamus who was once made an 'honorary citizen of Florida'. Admission ~$15 p.p. (America the Beautiful pass). Combine with Weeki Wachee mermaids, 30 min away.
Islamorada Brewery & Distillery	Florida	USA	Brewery/Distillery		Planning	https://www.islamoradabeer.com	82205 Overseas Hwy, Islamorada, FL 33036	24.92298	-80.62930		The leading Keys brewery with Florida Keys-inspired beers: Iguana Bait IPA, Islander Lager, and seasonal beers. Relaxed waterfront taproom with a mangrove view; also their own rum and whiskey. Combine with feeding Robbie's tarpons and Big Betsy the lobster for a complete Islamorada afternoon.
John Gorrie Museum (airco-uitvinder)	Florida	USA	Museum		Planning	https://www.floridastateparks.org/parks-and-trails/john-gorrie-museum-state-park	46 6th St, Apalachicola, FL 32320	29.72466	-84.98568		A museum dedicated to the inventor of air conditioning and artificial ice, a Florida native who literally made the world more pleasant. Irony: the museum is located in one of Florida's most remote coastal towns, Apalachicola. Admission is only ~$2. Perfect as a bizarre cultural stop on the way to St. George Island. 'Without this man, Florida would not be habitable.'
John Pennekamp Coral Reef State Park	Florida	USA	Nature		Planning	https://johnpennekamppark.com	102601 Overseas Hwy, Key Largo, FL 33037	25.12487	-80.40573		America's first underwater park featuring the famous 'Christ of the Abyss' underwater statue at a depth of 8 meters. Snorkel boat tours (~$30 p.p.) and glass-bottom boat tours over the US continental coral reef. Combine with the History of Diving Museum, a 5-minute drive away. Best visibility Nov-April.
Jules' Undersea Lodge	Florida	USA	Hotel		Planning	https://www.jul.com	51 Shoreland Dr, Key Largo, FL 33037	25.13294	-80.39866		The world's only underwater hotel: scuba dive to your room 6 meters below the water surface in a Key Largo Lagoon. Overnight stay ~$700-900 pp — includes unlimited diving in the lagoon. Day visits (3 hours) also possible for ~$125. An absolute once-in-a-lifetime experience and unforgettable vlog content. Book well in advance — always fully booked.
Jungle Adventures & Swampy the Giant Alligator	Florida	USA	Bizarre		Planning	https://www.jungleadventures.com/	26205 E Colonial Dr, Christmas, FL 32709	28.53937	-80.97697		Swampy is a 60-meter-long cartoon alligator that serves as both a building and a roadside icon in the village of Christmas (FL). Jungle Adventures Wildlife Park also features live gators, Florida animals, and shows. The village of Christmas sends letters with a Christmas postmark for the holidays. Combine with Black Hammock Adventures and a visit to the village of Christmas on December 25.
Kennedy Space Center	Florida	USA	Aviation		Planning	https://www.kennedyspacecenter.com	Space Commerce Way, Merritt Island, FL 32953	28.51505	-80.68293		Space Shuttle Atlantis, Saturn V rocket, astronaut lunch, and the chance to attend live rocket launches. A full day is actually not enough. Admission ~$75 p.p. Space enthusiast's heaven on earth. Combine with the Valiant Air Command Warbird Museum in Titusville and a tandem jump over the Space Coast.
Kermit's Key West Key Lime Shoppe	Florida	USA	Restaurant		Planning	https://www.keylimeshop.com	200 Elizabeth St, Key West, FL 33040	24.56046	-81.80281		The best Key lime pie in Key West: frozen on a stick, dipped in Belgian chocolate — a combination Serge and Els want to make you feel at home. Dozens of Key lime variations: pie, candy, butter, perfume. Free tasting at the bar. A must-see in Key West. Combine with a Duval Street walk and Mallory Square.
Key West Butterfly & Nature Conservatory	Florida	USA	Nature		Planning	https://www.keywestbutterfly.com	1316 Duval St, Key West, FL 33040	24.54757	-81.79682		Beautiful glass greenhouse filled with 60+ species of butterflies and 20 species of exotic birds from around the world. Butterflies literally land on your shoulder — a soothing oasis in the bustling center of Key West. Admission ~$15 p.p. Perfect stopover between the historic center and Mallory Square.
Key West Conch Train Tour	Florida	USA	Bizarre		Planning	https://www.conchtourtrain.com	303 Front St, Key West, FL 33040	24.55908	-81.80667		An absurd tourist train shaped like a conch shell that takes you through the entire Key West in 1.5 hours. Kitsch but efficient: all the sights, funny commentary, and the ideal way to decide where you want to return. Admission ~$35 p.p. Perfect first stop upon arrival in Key West to understand the lay of the land.
Key West Lighthouse Museum	Florida	USA	Historic		Planning	https://www.kwahs.org/museums/lighthouse-keepers-quarters	938 Whitehead St, Key West, FL 33040	24.55147	-81.80140		Climb 88 steps for a 360° panorama of Key West and the surrounding turquoise water. The lighthouse keeper's cottage has been converted into a museum featuring an authentic 19th-century living environment. Admission ~$12 p.p. A 2-minute walk from Hemingway House — a logical combination for a half-afternoon.
Kissimmee Prairie Preserve (dark sky park)	Florida	USA	Nature		Planning	https://www.floridastateparks.org/parks-and-trails/kissimmee-prairie-preserve-state-park	33104 NW 192nd Ave, Okeechobee, FL 34972	27.57457	-81.02287		Florida's only certified International Dark Sky Park — special telescope pads with a red-light-only policy. Milky Way visible to the naked eye; water and electrical hookups at campgrounds (~$18-25/night). Book at reserve.floridastateparks.org. Ideal Oct-March for clear stargazing.
Lake Como Family Nudist Resort	Florida	USA	Naturist		Planning	https://www.lakecomoresort.com	10220 Cares Rd, Lutz, FL 33559	28.15378	-82.41568		One of the most popular naturist resorts in North America on 200 acres near Tampa, AANR certified. Golf course, petanque courts (!!), tennis, café, and campgrounds with electricity on a 35-acre lake. The 'Bare Buns Café' and 'Butt Hutt' bar are iconic. Combine with Cigar City Brewing or Busch Gardens.
LEGOLAND Florida	Florida	USA	Theme Park		Planning	https://www.legoland.com/florida	One Legoland Way, Winter Haven, FL 33884	27.98528	-81.68881		50+ attractions, shows, and the LEGO Ferrari Build & Race Experience — including a water park on the same grounds. FL resident discounts available; the atmosphere is cozier and more relaxed than the large Orlando parks. Not the trendiest park, but the LEGO Ferrari circuit and the miniature city of the USA are really worth a visit.
Lightner Museum St. Augustine	Florida	USA	Museum		Planning	https://www.lightnermuseum.org	75 King St, St. Augustine, FL 32084	29.89087	-81.31380		The former Alcazar Hotel (1888, Flagler) now houses a bizarre collection of Victorian curiosities: stained glass, antique musical instruments, taxidermied animals, and Gilded Age showpieces. The building itself is almost more interesting than the collection — Spanish Renaissance Revival at its most extravagant. Combine with Ripley's and Potter's Wax Museum for a full day of strange St. Augustine.
Mai-Kai Restaurant & Polynesian Show	Florida	USA	Restaurant		Planning	https://www.maikai.com	3599 N Federal Hwy, Fort Lauderdale, FL 33308	26.17253	-80.11991		Reopened in 2024 after restoration: 60+ year old Polynesian dinner show restaurant, voted best tiki bar in the US. Spectacular show, exotic tiki cocktails, and tropical decor that teleports you to Polynesia. Dinner + show ~$80-100 p.p. Combine with Funky Buddha Brewery and the Wreck Bar for a full FTL evening.
Mallory Square Sunset Celebration	Florida	USA	Bizarre		Planning	https://www.mallorysquare.com	400 Wall St, Key West, FL 33040	24.55937	-81.80710		Every evening, 2 hours before sunset, Mallory Square erupts like a street carnival: fire-eaters, acrobats, magicians, and musicians. A Key West ritual for over 50 years — collective applause at sunset is mandatory. Free admission; combine with a cocktail on the waterfront at Sloppy Joe's Bar, a 5-minute walk away.
Medieval Times Dinner & Tournament	Florida	USA	Entertainment/sports		Planning	https://www.medievaltimes.com/kissimmee	4510 W Irlo Bronson Memorial Hwy, Kissimmee, FL 34746	28.31073	-81.46506		Knight tournament with real horses, lances, and swords while you eat a medieval feast with your hands. Admission including dinner ~$65 p.p.; Florida resident discount available. 2-hour show, for all audiences. Sounds like a tourist trap but works surprisingly well for an evening. Combine with Cypress Cove, 20 min away.
Mel Fisher Maritime Museum	Florida	USA	Museum		Planning	https://www.melfisher.org	200 Greene St, Key West, FL 33040	24.55793	-81.80644		The story of Mel Fisher, the tenacious treasure hunter who searched for 16 years for the Spanish galleon treasures of the Atocha (found 1985: $400 million). Original gold bars, emeralds, and 8-dollar silver pieces are tangibly present — not behind glass, but held in your hands on certain tours. One of Key West's most fascinating museums. Combine with Hemingway House and Mallory Square.
Morse Museum (Tiffany-glas)	Florida	USA	Museum		Planning	https://www.morsemuseum.org	445 N Park Ave, Winter Park, FL 32789	28.60087	-81.35132		The LARGEST collection of Louis Comfort Tiffany glasswork in the world — lamps, jewelry, chapels, and breathtaking stained glass. Highlight: the fully restored Tiffany Chapel from the 1893 World's Fair in Chicago. Admission only ~$6 p.p. — incredible value for money. Winter Park is also simply a charming town to stroll through.
Museum of Science & History Jacksonville	Florida	USA	Museum		Planning	https://www.mosh.org	1025 Museum Circle, Jacksonville, FL 32207	30.31887	-81.65975		Jacksonville's most visited museum featuring the Bryan-Gooding Planetarium and rotating science exhibits. Interactive body and energy exhibits, local and regional history, and special temporary exhibitions. Admission ~$18 p.p. Combine with Aardwolf Brewing for a Jacksonville culture day.
National Comedy Hall of Fame	Florida	USA	Museum		Planning	https://www.nationalcomedyhalloffame.com	4500 US Hwy 19, New Port Richey, FL 34652	28.22505	-82.73319		The only museum in the world dedicated to the art of comedy: from Charlie Chaplin to Jerry Seinfeld, and from stand-up legends to slapstick masters. Interactive funny installations, memorabilia, and a theater for live performances. Combine with a visit to Weeki Wachee Springs, a 30-minute drive away.
National Naval Aviation Museum	Florida	USA	Aviation		Planning	https://www.navalaviationmuseum.org	1750 Radford Blvd, Pensacola, FL 32508	30.35355	-87.31404		Third-largest aviation museum in the world and completely FREE — 150+ historic aircraft. On Tuesdays and Wednesdays (March through November), the Blue Angels train here just 50 cm apart. Highly recommended for Serge. Combine with the Air Force Armament Museum at Eglin AFB, 1 hour away.
No Name Pub	Florida	USA	Restaurant		Planning	https://www.nonamepub.com/	30813 Watson Blvd, Big Pine Key, FL 33043	24.69818	-81.35123		Legendary bar in the middle of nowhere on Big Pine Key, covered from floor to ceiling with banknotes from 160+ countries. Best pizza in the Keys and the most authentic locals-only atmosphere you can find in the tourist area. Combine this with spotting the cute miniature Key deer that roam free on Big Pine Key.
Ocala National Forest (dispersed camping)	Florida	USA	Nature		Planning	https://www.fs.usda.gov/ocala	Hopkins Prairie, Ocala National Forest, FL 32702	29.04039	-81.62543		Florida's largest national forest allows primitive camping outside official zones — pitch your tent next to the F-150 along quiet forest trails. Recognized dark sky site with astronomy observation platforms at Hopkins Prairie. No reservation needed for dispersed camping. Combine with Silver Glen Springs for crystal-blue spring water.
Ochlockonee River State Park (camping)	Florida	USA	Nature		Planning	https://www.floridastateparks.org/parks-and-trails/ochlockonee-river-state-park	429 State Park Rd, Sopchoppy, FL 32358	30.05993	-84.48879		Remote campground in the Panhandle, buffered by Apalachicola National Forest — minimal light pollution for stargazing. 30 campsites with 50-amp hook-ups, perfect for the F-150 tent setup. Camping ~$18-25/night. Combine with the World's Smallest Police Station in Carrabelle, 40 min away.
Orlando Slingshot & Starflyer (I-Drive)	Florida	USA	Entertainment/sports		Planning	https://orlandoslingshot.com	8265 International Dr, Orlando, FL 32819	28.44499	-81.46816		The HIGHEST slingshot ride in the world (91 m) catapults you vertically upwards in an open cage. Right next to the 137 m high Starflyer swing chair — together the most extreme combination on I-Drive. Each ~$35 p.p. Evening line with a view of illuminated Orlando is the premium option. Short line, fast experience.
Overseas Highway (Florida Keys Scenic Drive)	Florida	USA	Scenic Route		Planning	https://www.floridastateparks.org	US-1, Key Largo to Key West, FL	25.10064	-80.43396		113 miles across 42 islands via 42 bridges over turquoise water — one of the most photogenic routes in the US. Highlight: the 7 Mile Bridge with panoramic views in all directions. Combine with Big Betsy, Blue Heaven, and Coral Castle. Free driving; America the Beautiful pass valid for State Parks along the way.
Pirate's Dinner Adventure Orlando	Florida	USA	Entertainment/sports		Planning	https://www.piratesdinneradventure.com	6400 Carrier Dr, Orlando, FL 32819	28.45563	-81.46815		Dinner and show on a replica of an 18th-century pirate schooner in a covered lagoon — with real sword fights, pyrotechnics, and cannonballs. Admission ~$70 p.p. including meal. More grown-up and crazier than Medieval Times. On International Drive, easily combined with WonderWorks and the Orlando Slingshot.
Ponce de León Inlet Lighthouse	Florida	USA	Historic		Planning	https://www.ponceinlet.org	4931 S Peninsula Dr, Ponce Inlet, FL 32127	29.07984	-80.92793		Florida's tallest lighthouse (52m) and one of the most beautiful in the US — fully restored with the original Fresnel lens still present. The climb (203 steps) rewards with spectacular views of the Atlantic coast and Daytona Beach. Admission ~$7 p.p. Combine with a visit to Daytona Beach and the nearby Daytona International Speedway.
Possum Monument Wausau	Florida	USA	Bizarre		Planning	https://www.roadsideamerica.com/story/6083	Main St, Wausau, FL 32463	30.63064	-85.58983		Florida's most absurd monument: a memorial to the opossum as a 'beautiful relic of the marsupial family.' Every year in August, the Possum Festival takes place in this remote Panhandle village. Completely free — an absolute must for road trippers with a sense of absurd humor.
Potter's Wax Museum St. Augustine	Florida	USA	Bizarre		Planning	https://www.potterswax.com	31 Orange St, St. Augustine, FL 32084	29.89750	-81.31489		America's very first wax museum (1948!), featuring over 160 lifelike figures in a historic building. From Napoleon to modern celebrities — the quality of the figures is remarkably good. Combine with Ripley's on the same day for a complete 'bizarre St. Augustine' program.
Ripley's Believe It or Not! St. Augustine	Florida	USA	Museum		Planning	https://www.ripleys.com/staugustine	19 San Marco Ave, St. Augustine, FL 32084	29.89961	-81.31361		The original Ripley's Museum in a Moorish-Renaissance mansion in the oldest town in the US. Over 800 bizarre artifacts: real severed heads, a matchstick Tower of London, vampire hunting kits. Combine with Ancient City Brewing and the photogenic historic center of St. Augustine.
Robbie's of Islamorada (tarpons voeren)	Florida	USA	Bizarre		Planning	https://www.robbies.com	77522 Overseas Hwy, Islamorada, FL 33036	24.88387	-80.69146		Buy a bucket of fish and throw them at the jetty for a school of 100+ hungry tarpons — an absolutely unique Florida ritual. Tarpons are big, wild, and leap out of the water for the fish — spectacular vlog content! Free entry to the jetty; fish ~$5. Close to Big Betsy in Islamorada, ideal Keys combination.
Salvador Dali Museum	Florida	USA	Museum		Planning	https://thedali.org	1 Dali Blvd, St. Petersburg, FL 33701	27.76600	-82.63149		The largest collection of Dali works outside Spain in a spectacular building with a double spiral ramp and glass geodesic dome. From early oil paintings to monumental surrealist masterpieces — including the gigantic 'Hallucinogenic Toreador'. Admission ~$24 p.p. Combine with the Chihuly Collection and the 3 Daughters Brewing taproom within walking distance in St. Pete.
Salvador Dalí Museum	Florida	USA	Museum		Planning	https://thedali.org	1 Dali Blvd, St. Petersburg, FL 33701	27.76600	-82.63149		The largest Dalí collection outside Spain, housed in an architectural masterpiece featuring a spiral glass 'enigma' staircase. Original oil paintings of 'The Hallucinogenic Toreador' and 'Dalí's Dream of Venus'. Admission ~$25 p.p. A must-do in St. Pete. Combine with Cycle Brewing and 3 Daughters Brewing for a full day.
Satchel's Pizza	Florida	USA	Restaurant		Planning	https://www.satchelspizza.com	1800 NE 23rd Ave, Gainesville, FL 32609	29.67398	-82.30191		Gainesville legend: pizzeria filled with recycled objects as art, live music, and a vintage 1960s Ford bus as a dining area. Homemade soft drinks, artisanal pizzas, and one of the most eccentric atmospheres in Florida. Combine with First Magnitude Brewing nearby and Silver Glen Springs in Ocala National Forest.
Seaside Seabird Sanctuary	Florida	USA	Bizarre		Planning	https://seasideseabirdsanctuary.org/	18328 Gulf Blvd, Indian Shores, FL 33785	27.83680	-82.83676		The largest wildlife bird rehabilitation center in the US with hundreds of seabirds recovering on the beach. Pelicans, cormorants, herons, and owls that you can view up close — completely free. Unique and moving; combine with the Dunedin Brewery route and a Clearwater Beach sunset.
SeaWorld Orlando	Florida	USA	Theme Park		Planning	https://seaworld.com/orlando	7007 SeaWorld Dr, Orlando, FL 32821	28.41289	-81.46292		Spectacular combination of animal park and theme park with roller coasters, dolphin and orca rides. SeaWorld Fun Card (~$150, requires FL ID) gives unlimited admission and covers Aquatica water park next door. The same pass also covers Busch Gardens Tampa. Plan both on separate days, using Cypress Cove as a base.
Secrets Hideaway Resort	Florida	USA	Naturist		Planning	https://www.secretshideaway.com	2515 Poinciana Blvd, Kissimmee, FL 34758	28.24410	-81.48732		Florida's premier lifestyle/swingers resort near Orlando: clothing-optional pools, 4,000 sq ft play areas, Club Secret nightclub. Three bars and kitchen service until 2:00 AM. Rooms ~$125-200/night. Themed weekend parties year-round. Combine with Cypress Cove 15 mins away for an AANR naturist experience.
Seven Mile Bridge (wandelen)	Florida	USA	Scenic Route		Planning	https://www.floridastateparks.org	Marathon, FL 33050	24.72603	-81.04463		The historic Seven Mile Bridge (1912, Flaglers Railway) is now a walking and cycling path with spectacular 360° ocean views. It runs parallel to the new bridge — strange and majestic to stand on a bridge in the middle of the sea with water on all sides. Free admission; start at the Monroe County Sheriff's Department. Sunrise or sunset is magical.
Silver Glen Springs (neon-blauw bronwater)	Florida	USA	Nature		Planning	https://www.recreation.gov/camping/campgrounds/232475	5461 FL-19, Astor, FL 32102	29.21315	-81.65561		Crystal-blue spring water that looks so surreal you think you are in the Caribbean — right in Ocala National Forest. Swim and snorkel in fish-infested water at a constant 20°C. Limited visitors per day — book early. America the Beautiful pass grants access; use in addition to dispersed camping in Ocala NF.
Silver Glen Springs (Ocala)	Florida	USA	Nature		Planning	https://www.fs.usda.gov/ocala	5271 FL-19, Salt Springs, FL 32134	29.24695	-81.64298		Crystal-clear spring water at a constant 22°C in Ocala National Forest, perfect for snorkeling with freshwater fish. One of the most photogenic spots in Florida: turquoise blue water surrounded by palm trees and white sand. Entrance ~$5 p.p. (America the Beautiful pass). Ideal day camper combo with dispersed camping in the forest.
Skunk Ape Research HQ	Florida	USA	Bizarre		Planning	https://www.skunkape.info	40904 Tamiami Trail E, Ochopee, FL 34141	25.89382	-81.27860		Florida's stinking Bigfoot has its unofficial HQ deep in the Everglades. Plaster casts of footprints, blurry photos, live alligators, and passionate eyewitness accounts. A perfect mix of roadside kitsch and real Everglades wildlife. Combine with an airboat tour on the Tamiami Trail.
Skydive Space Center	Florida	USA	Aviation		Planning	https://www.skydivespacecenter.com	555 Gateway Rd, Titusville, FL 32780	28.51001	-80.79350		Skydiving over the Space Coast with a view of Kennedy Space Center during freefall — nowhere else in the world. Tandem jump from an altitude of ~4,200 m, ~$180-220 p.p. Book early; weekends fill up fast. Combine with Valiant Air Command Museum on the same grounds for an epic aviation day.
Sloppy Joe's Bar	Florida	USA	Restaurant		Planning	https://www.sloppyjoes.com	201 Duval St, Key West, FL 33040	24.55908	-81.80497		Hemingway's favorite bar opened in 1933 on the day Prohibition was lifted — live music 365 days a year from 9 a.m. The original Sloppy Joe sandwich (ground beef, onions, peppers) is a Key West classic you simply *must* try. Open all day and evening; combine with Mallory Square Sunset Celebration and Mel Fisher Museum.
Solomon's Castle	Florida	USA	Bizarre		Planning	https://www.solomonscastle.org	4533 Solomon Rd, Ona, FL 33865	27.37318	-81.97726		A complete castle constructed from discarded newspaper aluminium printing plates by artist Howard Solomon. Inside: eccentric recycled objects as artwork, gallery space, and a 'boat in the canal' restaurant. Open Thu-Sun; make reservations for lunch. Absolutely original — Gaudí would have approved.
Spongeorama Sponge Museum	Florida	USA	Bizarre		Planning	https://www.spongeorama.com	510 Dodecanese Blvd, Tarpon Springs, FL 34689	28.15583	-82.75879		Tarpon Springs is the 'sponge capital of the US' thanks to Greek divers who have been harvesting sponges here for over 100 years. Spongeorama tells this absurd story with diving demonstrations, the largest sponge collection in the world, and a film about the industry. Free or a small donation; the entire surrounding Greektown quarter is also great, with authentic Greek restaurants.
Spook Hill (optische illusie)	Florida	USA	Bizarre		Planning	https://www.roadsideamerica.com/story/2509	N Wales Dr & 5th St, Lake Wales, FL 33853	27.91025	-81.58249		Put your car in neutral and it seems to roll uphill — a classic optical illusion in Lake Wales. Free, accessible 24/7, and an absolute must for road trippers with a sense of absurdist humor. Combine with Bok Tower Gardens (5 min away) and Dinosaur World in Plant City (30 min away).
St. Augustine Lighthouse	Florida	USA	Historic		Planning	https://www.staugustinelighthouse.org	81 Lighthouse Ave, St. Augustine, FL 32080	29.88566	-81.28846		Climb the 219 steps of the black-and-white striped lighthouse for the best view of St. Augustine and the coast. The lighthouse keeper's cottage has been converted into a maritime museum featuring ship's logs and local history. Admission ~$15 p.p. St. Augustine is a must-stop anyway — do all the 'bizarre' in one day.
St. Augustine Old City Walls & Castillo	Florida	USA	Historic		Planning	https://www.nps.gov/casa/index.htm	1 S Castillo Dr, St. Augustine, FL 32084	29.89902	-81.31381		The oldest masonry fort in the US (1672) with walls of coquina stone that absorbed cannonballs instead of breaking. Live living history demonstrations with cannon shots at set times. America the Beautiful pass valid (free). Combine with Ripley's, Potter's, and Ancient City Brewing for a complete bizarre St. Augustine day.
St. Augustine Pirate Museum	Florida	USA	Museum		Planning	https://www.piratemuseum.com	12 S Castillo Dr, St. Augustine, FL 32084	29.89694	-81.31299		48 exhibition rooms about the Golden Age of Piracy with real artifacts — Blackbeard's blunderbuss, an authentic Jolly Roger flag, and the ONLY known authentic pirate treasure chest in the world. Admission ~$14 p.p. In the historic heart of St. Augustine, within walking distance of Ripley's and Potter's Wax Museum. Combine all three in one 'bizarre St. Augustine' day.
St. George Island SP (dark sky camping)	Florida	USA	Nature		Planning	https://www.floridastateparks.org/parks-and-trails/st-george-island-state-park	1900 E Gulf Beach Dr, St. George Island, FL 32328	29.72116	-84.74788		Pristine barrier island in the Panhandle with 60 campsites with water and 50-amp electricity. Minimal light pollution = ideal for stargazing; beautiful white beach nearby. Camping costs ~$24/night + $7 utility costs. Combine with World's Smallest Police Station in Carrabelle, 30 min away.
Sun 'n Fun Aerospace Expo	Florida	USA	Festival		Planning	https://www.flysnf.org	3900 Don Emerson Dr, Lakeland, FL 33811	27.99430	-82.01434		Second-largest aviation event in the world, every year in APRIL in Lakeland — 14-30 shows per day. Fireworks, parachute jumps, Blue Angels, and vintage aircraft over 6 days. Admission ~$50/day. April 2028 fits PERFECTLY into the road trip! Plan this carefully in your calendar.
Sunken Gardens St. Petersburg	Florida	USA	Nature		Planning	https://www.stpete.org/sunken_gardens	1825 4th St N, St. Petersburg, FL 33704	27.78974	-82.63737		Florida's oldest roadside attraction from the 1930s: a sunken botanical garden filled with tropical plants, flamingos, and fan palms. Like a kind of private jungle in the middle of the city. Admission ~$15 p.p. Combine with the Dalí Museum, a 10-minute drive away, for a complete St. Petersburg culture day.
Sunny Sands Nudist Resort	Florida	USA	Naturist		Planning	https://www.sunnysands.com	502 Central Ave, Pierson, FL 32180	29.23942	-81.46563		Small-scale, quiet AANR naturist resort on 42 acres in rural North Florida. Petanque courts and a 9-hole naked golf course — Serge will never want to play normal golf again. Less commercial than Cypress Cove, more of a community feel. Combine with Ocala NF for stargazing.
Sunsport Gardens Naturist Resort	Florida	USA	Naturist		Planning	https://www.sunsportgardens.com	14125 North Road, Loxahatchee, FL 33470	26.73753	-80.26628		The most ethical naturist resort in South Florida, AANR certified, with jungle trails and ponds. Swimming pool, sauna, pétanque, tennis, and restaurant in an atmosphere preferred by serious naturists. Near Palm Beach. Combine with Haulover Beach and Barrel of Monks Brewing in Boca Raton.
Swamp Thing Airboat Everglades	Florida	USA	Nature		Planning	https://www.evergladesairboattours.com	30700 SW 8th St, Miami, FL 33194	25.76087	-80.53295		Lightning-fast airboat tours through the shallow Everglades swamps near Miami, with alligators within arm's reach. Shorter (30 min) and longer (1 h) tours; guide points out wildlife and talks about the ecosystem. ~$30-50 p.p. Ideal if you are in Miami anyway — 40 min from South Beach. Combine with Coral Castle.
Tarpon Springs (Griekse spons-duikers)	Florida	USA	Historic		Planning	https://www.tarponsprings.com	735 Dodecanese Blvd, Tarpon Springs, FL 34689	28.15510	-82.76096		The 'Greek capital of America': Greek sponge-diver families settled here in 1905, and the town has remained authentically Greek ever since. Boat tours depart for the sponge plantations; the Spongeorama museum tells the full story. Boat tour ~$10 p.p. Authentic Greek restaurants (Hellas, Costas) complete the day. Unique in the US.
The Bubble Room Restaurant	Florida	USA	Restaurant		Planning	https://www.bubbleroomrestaurant.com	15001 Captiva Dr, Captiva Island, FL 33924	26.52230	-82.18951		On picturesque Captiva Island: every room has a different theme — vintage toys, Christmas lights, and oversized desserts. One of Florida's most iconic eccentric restaurants. Book well in advance. Island location via toll bridge (~$6). Combine with Fort Myers and the Sanibel Naturist Club.
The Ringling Museum (circus + kunst)	Florida	USA	Museum		Planning	https://www.ringling.org	5401 Bay Shore Rd, Sarasota, FL 34243	27.38343	-82.55958		The impressive complex of circus king John Ringling: a European art museum, two circus museums, his extravagant Ca' d'Zan villa, and beautiful Italian bay gardens. The circus museums showcase the full scale of the greatest touring show on earth — Belgian cardboard theater included as an atmosphere correction. Admission ~$25 p.p. Allow at least half a day. Combines perfectly with Sarasota's St. Armands Circle.
The Wreck Bar (zeemeerminnenshow)	Florida	USA	Restaurant		Planning	https://www.bhhotel.com	1140 Seabreeze Blvd, Fort Lauderdale, FL 33316	26.10879	-80.10643		Drink while mermaids glide past large glass windows in the pool — a unique underwater bar experience. Family-friendly during the day, adults-only burlesque mermaid version on Friday and Saturday nights. Book window seats in advance. Combine with Mai-Kai for a bizarre but unforgettable Fort Lauderdale night.
Three Sisters Springs & Manatee Tour	Florida	USA	Nature		Planning	https://www.crystalriverfl.org/sisters	601 Three Sisters Springs Trail, Crystal River, FL 34428	28.89088	-82.58569		Swim alongside wild manatees in 22°C spring water — a unique wildlife experience only possible in Florida. Snorkeling tours depart from Kings Bay (Nov through March best season). Park entrance ~$5 (America the Beautiful pass). Combine with Weeki Wachee Springs, 30 min away.
Titanic Museum Orlando	Florida	USA	Museum		Planning	https://www.titanictheexperience.com	7324 International Dr, Orlando, FL 32819	28.45531	-81.47175		Immersive museum recreating parts of the ship: the Grand Staircase, a first-class cabin, and a 2-ton piece of the original hull. Every visitor receives a boarding pass from a real passenger and discovers at the end whether they survived. Option: 2-hour gala dinner in character. Surprisingly moving for a tourist strip attraction.
Torreya State Park (dark sky + steile ravijnen)	Florida	USA	Nature		Planning	https://www.floridastateparks.org/parks-and-trails/torreya-state-park	2576 NW Torreya Park Rd, Bristol, FL 32321	30.56652	-84.94780		Florida's most unexpected landscape: steep canyons, hilly forest, and the rare Torreya tree — an Ice Age relic. One of the best stargazing locations in the Panhandle with 29 campgrounds with full hookups. Camping ~$16/night + $7 utility costs. Close to civilization (Bristol 14 km) but dark as night.
Truman Little White House	Florida	USA	Historic		Planning	https://www.trumanlittlewhitehouse.com	111 Front St, Key West, FL 33040	24.55624	-81.80690		Florida's only presidential museum: Harry Truman's winter residence from 1946–1952 — also used by Eisenhower, Kennedy, and Carter. Guided tours of the authentically furnished rooms showcase original furniture and personal memorabilia. Admission ~$22 p.p. Combine with Hemingway House, Mel Fisher Museum, and Mallory Square for a full Key West day.
Turtle Hospital Marathon	Florida	USA	Nature		Planning	https://www.turtlehospital.org	2396 Overseas Hwy, Marathon, FL 33050	24.71072	-81.10151		The world's first certified sea turtle hospital — tours show the recovery process of injured turtles. Opportunity to guide released turtles back into the ocean. Hugely popular, book in advance! Combine with a walk across the historic Seven Mile Bridge, a 5-minute drive away.
Universal Epic Universe	Florida	USA	Theme Park		Planning	https://www.universalorlando.com/web/en/us/theme-parks/epic-universe	1001 Epic Blvd, Orlando, FL 32819	28.44152	-81.44779		BRAND NEW park opens May 2025 — Universal's most ambitious creation ever with 5 fully immersive worlds. Super Nintendo World, Harry Potter Ministry of Magic, How to Train Your Dragon, Dark Universe (classic monsters), and Celestial Park. 50+ attractions including racing dueling coaster Stardust Racers. By 2028, the hype will have subsided slightly, but the park will be operating at full speed.
Universal Orlando Resort (FL Resident pass)	Florida	USA	Theme Park		Planning	https://www.universalorlando.com/web/en/us/tickets-packages/park-tickets/flr	1000 Universal Studios Plaza, Orlando, FL 32819	28.47900	-81.47253		Florida residents save ~$50 on multi-day tickets for Studios Florida + Islands of Adventure + Volcano Bay. Annual Power Pass (FL resident): cheaper and includes Epic Universe access in 2028. Combine with Epic Universe at the new South Campus — free bus connection between all parks.
Universal Studios Florida	Florida	USA	Theme Park		Planning	https://www.universalorlando.com	6000 Universal Blvd, Orlando, FL 32819	28.47099	-81.47176		Harry Potter Diagon Alley, Simpsons Springfield, Fast & Furious, and Hollywood studio atmosphere. Florida Resident Annual Pass ~$17-30/month (no Epic Universe). 2-Park Annual Pass also covers Islands of Adventure. The most mature Universal park — fewer kids, more movie references. Butterbeer at The Leaky Cauldron is mandatory.
Valiant Air Command Warbird Museum	Florida	USA	Aviation		Planning	https://www.vacwarbirds.org	6600 Tico Rd, Titusville, FL 32780	28.51879	-80.79415		Impressive collection of airworthy WWII aircraft at Space Coast Regional Airport. Annual airshow (Titusville Thunder, March) with real WWII flying demonstrations. Admission ~$20 p.p. Combine with Kennedy Space Center (30 min away) and Skydive Space Center at the same airport.
Wakulla Springs State Park	Florida	USA	Nature		Planning	https://www.floridastateparks.org/parks-and-trails/edward-ball-wakulla-springs-state-park	550 Wakulla Park Dr, Wakulla Springs, FL 32327	30.23412	-84.30197		One of the world's largest and deepest freshwater springs — boat tours showcase alligators, giant mammoth bones on the bottom, and hundreds of songbirds. The historic Wakulla Lodge (1937) is a National Historic Landmark and a budget accommodation option on-site. Combine with Florida Caverns SP and Apalachicola NF for a complete Panhandle day.
Walt Disney World – Animal Kingdom	Florida	USA	Theme Park		Planning	https://disneyworld.disney.go.com/destinations/animal-kingdom	2901 Osceola Pkwy, Orlando, FL 32830	28.36332	-81.59323		Adventurous Disney park with Pandora (Avatar), real safari animals, and the insane Tron roller coaster. Florida resident ticket ~$65/day. Arrive early for Pandora: Flight of Passage — the line moves up quickly. Less crowded than Magic Kingdom but more impressive in terms of nature and animal park atmosphere.
Walt Disney World – EPCOT	Florida	USA	Theme Park		Planning	https://disneyworld.disney.go.com/destinations/epcot	200 Epcot Center Drive, Orlando, FL 32821	28.35991	-81.52008		The most 'adult' Disney park: World Showcase with 11 country pavilions, including a Belgium-style European village and the Guardians of the Galaxy roller coaster. Florida resident ticket ~$65/day. The food and drink tour around the world is the highlight. Combine with Magic Kingdom at the same resort with a multi-day Florida resident ticket.
Walt Disney World – Hollywood Studios	Florida	USA	Theme Park		Planning	https://disneyworld.disney.go.com/destinations/hollywood-studios	351 S Studio Drive, Orlando, FL 32830	28.35762	-81.55900		Star Wars: Galaxy's Edge (including Millennium Falcon controls), Toy Story Land, and a Twilight Zone Tower of Terror. Florida resident ticket ~$65/day. Rise of the Resistance is Disney's best park attraction. Combine all 4 Disney parks in one week with a multi-day Florida resident ticket (~$55-70/day).
Walt Disney World – Magic Kingdom	Florida	USA	Theme Park		Planning	https://disneyworld.disney.go.com	1 World Drive, Orlando, FL 32830	28.36212	-81.56407		The classic Disney park with Cinderella Castle, Pirates of the Caribbean, and Space Mountain. Florida resident ticket ~$65/day (Summer Magic Ticket, proof of FL address required). Jan, Feb, and Sep are the quietest months — short lines and pleasant weather. Combine with EPCOT on a separate day.
Walt Disney World (FL Resident tickets)	Florida	USA	Theme Park		Planning	https://disneyworld.disney.go.com/destinations/florida-residents-tickets-passes/	Walt Disney World Resort, Orlando, FL 32830	28.37719	-81.57074		As a Florida resident, you get substantial discounts: 2-day tickets starting at ~$99 pp, 4-day summer passes at ~$59/day. Magic Kingdom, EPCOT, Hollywood Studios, and Animal Kingdom — each park deserves a separate day. Not the cheapest option, but truly worth it as a Florida resident. Book well in advance for reservations.
Weeki Wachee Springs (zeemeerminnen)	Florida	USA	Bizarre		Planning	https://weekiwachee.com	6131 Commercial Way, Spring Hill, FL 34606	28.51751	-82.57459		Live mermaid show in an underwater theater since 1947 — a Florida icon you won't see anywhere else. Actresses in mermaid costumes swim and perform shows in front of large glass windows in crystal-clear spring water. Combine with the on-site Buccaneer Bay water park and Lake Como nudist resort 30 min away.
Wizard of Oz Museum Cape Canaveral	Florida	USA	Museum		Planning	https://www.wizardofozmuseum.com	7099 N Atlantic Ave, Cape Canaveral, FL 32920	28.38164	-80.60612		46 display cases filled with chronologically sorted Wizard of Oz memorabilia from 1939 to the present — dolls, games, masks, and props. Weird but fascinating; combined with a Van Gogh immersive experience in the same building. Admission ~$12 p.p. Perfect bad-weather stop if you have Kennedy Space Center on your agenda.
WonderWorks Orlando (omgekeerd gebouw)	Florida	USA	Entertainment/sports		Planning	https://www.wonderworksonline.com/orlando	9067 International Dr, Orlando, FL 32819	28.43009	-81.47123		A building that literally stands upside down — and inside 100+ interactive science exhibits, an indoor ropes course, and an earthquake simulator. Admission ~$30 p.p.; Florida resident discount available. Less crowded than large parks, a half-day is ideal. On International Drive, easy to combine with ICON Park and WonderWorks on the same evening.
World Erotic Art Museum Miami Beach	Florida	USA	Museum		Planning	https://www.weam.com	1205 Washington Ave, Miami Beach, FL 33139	25.78321	-80.13206		The largest erotic art museum in the world: 4,000 years of human sexuality in art, from Pre-Columbian to contemporary. A 1-ton bed engraved with the Kama Sutra, dominatrix Barbie dolls, and art ranging from ancient Greek vases to modern photography. 18+ (ID required), admission ~$16 p.p. Surprisingly respectful and historically curated. Combine with Haulover Beach.
World's Smallest Police Station	Florida	USA	Bizarre		Planning	https://www.visitflorida.com	Hwy 98, Carrabelle, FL 32322	29.85080	-84.66412		An ordinary phone booth on a street corner in Carrabelle that officially serves as a police station. Free roadside curiosity, perfect photo stop on the Gulf Coast route to St. George Island. Combine with the St. George Island State Park campground, 30 minutes away.
Wynwood Walls	Florida	USA	Bizarre		Planning	https://www.thewynwoodwalls.com	2520 NW 2nd Ave, Miami, FL 33127	25.80117	-80.19932		The world's most famous street art museum: a fully open-air gallery in Miami's hip Wynwood neighborhood featuring murals by the world's best street artists. Admission tickets provide access to the courtyard; the outer streets are free and equally impressive. Courtyard entrance ~$12 p.p. Combine with the Museum of Graffiti and El Carajo for a complete Wynwood afternoon.
Ybor City Historic District	Florida	USA	Historic		Planning	https://www.yborcityonline.com	7th Ave, Ybor City, Tampa, FL 33605	27.96026	-82.43540		Tampa's Cuban cigar district, once the cigar production capital of the US — now a vibrant entertainment district with brick architecture. Artisanal cigar rollers in historic shops, live music, tapas bars, and craft beer on 7th Avenue. Free to explore; combine with Cigar City Brewing and the Gibsonton Showmen's Museum near Tampa.
Amicalola Falls State Park	Georgia	USA	Nature		Planning	https://amicalolafallslodge.com/	240 Amicalola Falls State Park Rd, Dawsonville, GA 30534	34.55670	-84.24982		HIGHEST waterfall east of the Mississippi – 729 feet! Start of the Appalachian Trail (8 km from Springer Mountain). Choice: stairs up (600 steps!) or drive up. Zipline, archery, GPS scavenger hunts in the park. Recommended to stay overnight at the Lodge for misty mountain mornings.
Andersonville National Historic Site	Georgia	USA	Historic		Planning	https://www.nps.gov/ande/index.htm	496 Cemetery Rd, Andersonville, GA 31711	32.20448	-84.13197		Infamous Civil War POW camp where 13,000 Union soldiers died. The only monument IN America to a WAR CRIMINAL (Commander Wirz). Next up the National POW Museum – oppressive and impressive at the same time. Combine with Pasaquan (1-hour drive) for a surreal day combo.
Atlanta Ghost Tour – Fox Theatre	Georgia	USA	Entertainment		Planning	https://atlantaghosts.com/	814 Juniper St NE, Atlanta, GA 30308	33.77679	-84.38332		Fox Theatre from 1929 – Moorish fantasy architecture + officially maintained! Oakland Cemetery: Margaret Mitchell and Civil War generals. Nighttime walking tour through Midtown past hundreds of years of dark history. Ghosts of Atlanta tours available daily, rain or shine.
BabyLand General Hospital	Georgia	USA	Bizarre		Planning	https://www.cabbagepatchkids.com/pages/babyland-general	300 N.O.K. Drive, Cleveland, GA 30528	34.62201	-83.76172		Birthplace of the Cabbage Patch Kids! 70,000 m² fake hospital where nurses 'give birth' to dolls. Magic Crystal Tree produces live babies for a cheering crowd. Daddy Serge: finally a birth where they don't kick you out ;) FREE admission. Original hand-sewn dolls for sale for hundreds of dollars.
Balloons Over Georgia	Georgia	USA	Aviation		Planning	https://balloonsovergeorgia.com/	Cumming, GA 30040	34.20732	-84.14019		Hot air balloon over North Georgia – see Lake Lanier, Stone Mountain AND the Atlanta skyline! Blue Ridge mountains also visible in clear weather. Sunrise flights – the most magical moment of the day. ~1 hour flight time. Perfect anniversary or birthday gift.
Bell Acres – Naturist Resort	Georgia	USA	Naturist		Planning		US-441 N, Commerce/Nicholson, GA 30553	34.11681	-83.43229		113-acre naturist park 30 miles N of Athens. Nature trails, cabins, RV and tent sites along a stream. 52 electrical hook-ups. Saltwater pool. Managed by William & Gloria: 'We do this out of love.'
Blue Ridge Scenic Railway	Georgia	USA	Scenic Route		Planning	https://www.brscenic.com/	241 Depot St, Blue Ridge, GA 30513	34.86558	-84.32472		26-mile vintage train ride through the Blue Ridge Mountains along the Toccoa River! Autumn color tours Sept-Nov: spectacular red-orange mountain colors. Open-air carriage or enclosed climate-controlled – choose your adventure. Perfectly combined with downtown Blue Ridge shopping afterwards.
Bonaventure Cemetery – Savannah	Georgia	USA	Historic		Planning	https://www.bonaventurehistorical.org/	330 Bonaventure Rd, Savannah, GA 31404	32.04435	-81.04717		One of the most beautiful and most photographed cemeteries in the world! Spanish moss hangs from centuries-old oaks above Victorian gravestones. Famous from John Berendt's 'Midnight in the Garden of Good and Evil'. Magical morning twilight photo opportunity.
Charlemagne's Kingdom – Helen	Georgia	USA	Bizarre		Planning	https://www.charlemagnes.com/	8808 N Main St, Helen, GA 30545	34.70246	-83.73332		Detailed miniature model railway theme park in a Bavarian-German fairytale village. Helen is already a bizarre fake German Alpine village in the middle of Georgia. Scenery recreates European train stations, mountain villages, and tunnels. Combine with the rest of Helen – it is a European bubble in the Peach State.
Chateau Elan Winery & Resort	Georgia	USA	Brewery/Distillery		Planning	https://chateauelan.com/	100 Rue Charlemagne, Braselton, GA 30517	34.10212	-83.81748		French château with 3,500 acres of vineyards 40 min N of Atlanta! 30+ award-winning wines – including local Muscadine grapes. European spa, 8 restaurants, 45-hole golf, tennis center. Wine tasting in a private bungalow above the vineyard is the ultimate Els date. Serge can view the motor car collection on the grounds. Win-win.
Chattooga River Rafting – Wildwater	Georgia	USA	Entertainment		Planning	https://wildwaterrafting.com/white-water-rafting-georgia-ziplining/	Near Clayton, GA 30525	34.87815	-83.40099		Class IV whitewater on the Chattooga – Mississippi’s only Wild & Scenic river with commercial rafting! The infamous 'Five Falls' section is pure adrenaline. Zipline, kayaking, and high ropes course available as well. The filming location of 'Deliverance' (1972) – squeal piggy squeal ;)
Cloudland Canyon State Park	Georgia	USA	Nature		Planning	https://gastateparks.org/CloudlandCanyon	122 Cloudland Canyon Park Rd, Rising Fawn, GA 30738	34.82463	-85.48362		300-meter-deep canyon with sandstone cliffs, caves, and waterfalls! Cherokee Falls and Hemlock Falls along the Waterfalls Trail. Mountain biking, camping, spectacular views. This is Georgia's best-kept secret for canyon lovers. Located close to Tennessee – combine with Chattanooga.
College Football Hall of Fame	Georgia	USA	Museum		Planning	https://www.cfbhall.com/	250 Marietta St NW, Atlanta, GA 30313	33.76028	-84.39537		Even if you aren't an American Football fan – the technology is impressive! Personalize your visit to your favorite college team at the entrance. Interactive: try scoring a point or throwing a pass yourself. Georgia Bulldogs = home team. Enthusiasm is expected.
Cotton & Rye – Savannah	Georgia	USA	Restaurant		Planning	https://www.cottonandrye.com/	1801 Habersham St, Savannah, GA 31401	32.05837	-81.09504		Upscale Southern cuisine IN a renovated bank vault! Seasonal menu with a modern twist on Lowcountry classics. Booking a table in the vault is the most unique experience. Fried chicken with artisanal sauces, fresh seafood.
Creature Comforts Brewing – Athens	Georgia	USA	Brewery/Distillery		Planning	https://creaturecomfortsbeer.com/	271 W Hancock Ave, Athens, GA 30601	33.95897	-83.38019		Georgia's BEST brewery in a former car dealership!  Tropicalia IPA – Thor's choice of beer in Avengers: Endgame. Real.  Athens Beer Trail: multiple breweries, collect stamps, let someone else drive.  Program includes: Athens Beer Trail Trolley Tour on Thu and Fri.
Cumberland Island National Seashore	Georgia	USA	Nature		Planning	https://www.nps.gov/cuis/index.htm	101 Wheeler St, St. Marys, GA 31558	30.72086	-81.55033		Pristine island accessible only by ferry! Wild horses roam freely among Gilded Age ruins. Isolated beaches among the most beautiful on the Atlantic coast. Greyfield Inn for a glamping experience. Wild camping also possible. The Carnegie couple built mansions here – which are now in decay. Magnificent.
Delta Flight Museum – Atlanta	Georgia	USA	Museum		Planning	https://www.deltamuseum.org/	1060 Delta Blvd, Atlanta, GA 30354	33.65607	-84.42235		VAN Delta Airlines Aviation History Museum, at the airport. Climb into a real Boeing 767 cockpit and 'fly' it. A fully restored Constellation propeller aircraft from the 1950s is on display. Combines well with departures or arrivals in Atlanta.
Doll's Head Trail	Georgia	USA	Bizarre		Planning	https://www.dekalbtracks.org/constitution-lakes-park.html	Constitution Lakes Park, 1305 McAuliffe Dr, Atlanta, GA 30316	33.68274	-84.34471		Local carpenter Joel Slaton created this creepy art trail. Visitors find trash along the path and contribute it. Doll heads dominate the installations. Every shape imaginable. 1.5 miles through a swamp forest in East Atlanta. FREE. Perfect photo location when life is running out.
Drive a Tank – Georgia	Georgia	USA	Bizarre		Planning	https://oxranch.com/experience/drive-a-tank/	Georgia / Texas location – see website	31.96860	-99.90181		DRIVE A REAL TANK over fake cars! Pay a fee, climb in, and turn metal into pancakes. Ox Ranch Texas is the big name, but Georgia has similar providers. Serge's dream. Els' nightmare. So go for it.
Elvis Wart Museum (Loudermilk)	Georgia	USA	Bizarre		Planning	https://www.facebook.com/jonimabegallery/	323 N Main St, Cornelia, GA 30531	34.51436	-83.52887		30,000+ Elvis items including the highlight: a WRAT from Elvis Presley's wrist! Owner Joni Mabe bought it at an auction. Yes. Seriously. His severed toenail is also on display. Biggest shrine to The King outside Graceland. Belgian parallel: relic worship, but kitschier.
Expedition Bigfoot Museum	Georgia	USA	Bizarre		Planning	https://www.expeditionbigfoot.com/	4551 E Ellijay Rd, Cherry Log, GA 30522	34.78036	-84.39076		MOST LEGIT Bigfoot museum in the US! Nationally largest collection of Bigfoot artifacts. Includes the world's only Bigfoot buttock print. 4,000 m² full of evidence, dioramas, theater space. And no, Serge – they don't sell it as 'proof' but as 'evidence'. Big difference ;) Kids under 5 free, military personnel too.
Fernbank Museum of Natural History	Georgia	USA	Museum		Planning	https://www.fernbankmuseum.org/	767 Clifton Rd NE, Atlanta, GA 30307	33.77394	-84.32766		LARGEST dinosaur ever found: 37-meter Argentinosaurus in the Great Hall! 65 acres of ancient jungle with walking paths right next to the building. 4-story IMAX theater showing science films. 'Fernbank After Dark' – adult cocktail night every 2nd Friday of the month.
Finster Fest – Paradise Garden	Georgia	USA	Festival		Planning	https://paradisegardenfoundation.org/	84 Knox St, Summerville, GA 30747	34.51306	-85.31683		Annual festival in October at Howard Finster's Paradise Garden. 60+ folk art and craft stalls, 3 live music stages. Highlight of the outsider art world in Georgia. October matches the autumn colors in North Georgia.
GBI Crime Lab Museum	Georgia	USA	Bizarre		Planning		3121 Panthersville Rd, Decatur, GA 30034	33.69275	-84.27304		Official Georgia Bureau of Investigation museum. Main attraction: a PEPPED-SERVed monkey from Mars (actually a missing toy monkey). Also a voodoo murder axe, a meth lab display, and an electric chair! FREE and realistically macabre. Serge is going to take 10 photos here.
Georgia Aquarium – Atlanta	Georgia	USA	Entertainment		Planning	https://www.georgiaaquarium.org/	225 Baker St NW, Atlanta, GA 30313	33.76388	-84.39576		LARGEST aquarium in the world – whale sharks and beluga whales! Snorkeling with whale sharks bookable (extra cost). For Els: belugas. For Serge: diving experience with sharks. Combine with World of Coca-Cola next door. 15+ specialized exhibitions.
Ghost Tour Savannah	Georgia	USA	Entertainment		Planning	https://www.spookysavannahghosttours.com/	Various meeting points, Savannah, GA 31401	31.93976	-81.05164		MOST HANDLED CITY IN AMERICA – every stone has a story! Choose from a walking tour, pub crawl, trolley, or paranormal investigation. Hamilton-Turner Inn, Marshall House, and 17Hundred90 are highlights. Hoodoo Joe and Madam Redrum are the best guides – google them!
Goats on the Roof – Tiger	Georgia	USA	Bizarre		Planning	https://www.goatsontherooftiger.com/	3030 US-76, Tiger, GA 30576	34.89031	-84.23283		Goats on a ROOF. This is Georgia's most literal name for an attraction. Petting zoo, ice cream, and cheesy souvenirs all in one. Norm Georgians: this is special. Norm Belgians: why is there a goat on the roof? Kids love it. Adults do too, but they won't admit it.
Hampton Inn Savannah Historic District	Georgia	USA	Hotel		Planning	https://www.hilton.com/en/hotels/savsihhx-hampton-inn-and-suites-savannah-historic-district/	603 W Oglethorpe Ave, Savannah, GA 31401	32.07841	-81.09868		Most budget-friendly option IN the historic district. Rooftop terrace and pool with river views. Walking distance from City Market, Riverboat cruises, and squares. Free breakfast every morning.
Helen Alpine Village	Georgia	USA	Bizarre		Planning	https://www.helenga.org/	Helen, GA 30545	34.70148	-83.73157		A fake German village in the Blue Ridge Mountains of Georgia. Indeed. Transformed in 1969 from a dying little town into a Bavarian fairytale. Wooden clogs, bratwurst, Oktoberfest, and a real Bavarian brewery atmosphere. Funny: Serge and Els are from Belgium and are driving to a fake Germany in Georgia.
Hidden River Resort – St. George	Georgia	USA	Naturist		Planning	https://hiddenriverresort.com/	St. George, GA 31562	30.52107	-82.03761		On the St. Marys River – right on the Florida-Georgia border! The 'most state park-like' naturist resort in the region. Campsites, jacuzzi, pool, rare river nature. Annual Nudie Blues music festival in April! Perfect stop if you are driving from Georgia to Florida as a Floridan.
Jekyll Island Club Resort	Georgia	USA	Hotel		Planning	https://www.jekyllclub.com/	371 Riverview Dr, Jekyll Island, GA 31527	31.06117	-81.42193		Gilded Age resort frequented by Rockefellers, Vanderbilts, and Morgans! Victorian country house with separate 'cottages' belonging to the original millionaire families. Jekyll Island is 100% state-owned – so well preserved. Historic tours, crocodiles, turtles, and breathtaking beaches included.
Jimmy Carter Peanut Statue	Georgia	USA	Bizarre		Planning	https://www.nps.gov/jica/index.htm	Plains, GA 31780	32.03405	-84.39269		13-foot-tall fiberglass grinning peanut based on Carter's smile. Made for his 1976 presidential campaign. Carter himself didn't think much of it. Combine with Jimmy Carter National Historic Site. Plains is a small town of 600 people with the most photographed peanut in the world.
Krog Street Tunnel – Street Art	Georgia	USA	Bizarre		Planning		Krog St NE, Atlanta, GA 30307	33.75623	-84.36435		Legal graffiti tunnel that is constantly changing – never the same thing twice. Beloved wedding venue AND political manifesto at the same time. The entire Inman Park neighborhood is worth a walk.
Leopold's Ice Cream – Savannah	Georgia	USA	Restaurant		Planning	https://www.leopoldsicecream.com/	212 E Broughton St, Savannah, GA 31401	32.07849	-81.08928		Handmade ice cream since 1919 – truly LEGENDARY. Special flavors: Rum Bisque, Savannah Socialite (pecans + bourbon caramel). Jennifer Lopez and Tom Cruise have been here. Queue outside, but it is worth the wait. Sandwiches and pimento cheese are also available.
Lookout Mountain Flight Park	Georgia	USA	Aviation		Planning	https://www.hangglide.com/	Rising Fawn, GA 30738	34.76008	-85.53108		The only location in Georgia for tandem gliding and paragliding! 20-mile long mountain ridge with thermal upwellings – ideal for soaring. Beginner training also available – learn it in a day! Combine with Cloudland Canyon 5 minutes away.
Martin Luther King Jr. National Historic Site	Georgia	USA	Historic		Planning	https://www.nps.gov/malu/index.htm	450 Auburn Ave NE, Atlanta, GA 30312	33.75635	-84.37363		MLK's birthplace, church, and grave – FREE by NPS. Ebenezer Baptist Church, where he preached, still stands here. Most important civil rights site in the US. Atlanta's Auburn Ave is historically America's wealthiest Black street.
Moon River Brewing – Savannah	Georgia	USA	Brewery/Distillery		Planning		21 W Bay St, Savannah, GA 31401	32.08090	-81.09206		Oldest building in Savannah (1821!) – was first a hotel and post office. HANDLED! Appeared in Ghost Adventures and other shows. Beers with names like Yoga Pants and Swamp Fox. Add a comfort food menu – the grilled chicken sandwich is too good. Book a ghost tour after the beer? Perfect Savannah evening.
Mrs. Wilkes Dining Room	Georgia	USA	Restaurant		Planning	https://www.mrswilkes.com/	107 W Jones St, Savannah, GA 31401	32.07264	-81.09593		Family-style Southern soul food at a long table with strangers! Rice, fried chicken, ham, biscuits, collard greens – all included. Since 1943. ALWAYS full. The line is part of the experience. Lunch only from 11am to 2pm. Closed Tuesdays. Like a Belgian peasant wedding, but with fried chicken.
Museum of Aviation	Georgia	USA	Aviation		Planning	https://museumofaviation.org/	1942 Heritage Blvd, Robins AFB, GA 31098	32.62118	-83.60141		Second largest Air Force museum in the entire US! Acres of outdoor exhibits + 4 gigantic hangars full of military aircraft. FREE MONEY. Open since 1984. Bombers, fighters, transport planes from WWII to the present.
National Infantry Museum – Columbus	Georgia	USA	Museum		Planning	https://www.nationalinfantrymuseum.org/	1775 Legacy Way, Columbus, GA 31903	32.38985	-84.95544		Second-largest Air Force museum in the US – AND it’s FREE! Acres of outdoor exhibits with real tanks, helicopters, and planes. 4 gigantic hangars full of military history. Combines well with Pasaquan in Buena Vista (40-minute drive).
Native Woods Naturist Park – Darien	Georgia	USA	Naturist		Planning		Near Darien, GA 31305	31.37023	-81.43399		Small adults-only naturist park near I-95 between Savannah and Jacksonville. 8 RV sites, 1 cabin, tent sites, 28-foot saltwater pool. Convenient as a stopover between Savannah and Florida. Near Sapelo Island Research Reserve and Fort King George Historic Site.
Oakland Cemetery – Atlanta	Georgia	USA	Historic		Planning	https://oaklandcemetery.com/	248 Oakland Ave SE, Atlanta, GA 30312	33.74873	-84.37310		Victorian garden cemetery from 1850 in the heart of Atlanta. Margaret Mitchell, Maynard Jackson, and Bobby Jones are buried here. The Great Locomotive Chase saboteurs are reburied outside the walls. Guided tours year-round, Halloween 'Capturing the Spirit' tours SOLD OUT. FREE admission.
Okefenokee Swamp	Georgia	USA	Nature		Planning	https://www.okefenokee.com/	Folkston, GA 31537	30.83051	-82.00984		Largest blackwater swamp in North America – 700 km² of dark water. Boat trips past alligators, warblers, black bears, and carpets of water lilies. Paddington Beer isn't brewed here, but the bears look like this. Night camping on wooden platforms above the water is unrealistically magical. Els: beautiful nature. Serge: alligators close-up. Win-win.
Old Car City USA	Georgia	USA	Bizarre		Planning	https://www.oldcarcityusa.com/	3098 US-411, White, GA 30184	34.27009	-84.75131		34 ACROSS classic wrecks overgrown with kudzu and moss. 4,000+ vintage cars blending in with nature. Post-apocalyptic photo paradise – Instagram gold! Large-format printer art by the owner in the gift shop. Open Wed-Sat. Bring a serious camera!
Olde Pink House – Savannah	Georgia	USA	Restaurant		Planning	https://www.plantersinn.com/dining/olde-pink-house/	23 Abercorn St, Savannah, GA 31401	32.07968	-81.08978		18th-century Pink Mansie – oldest restaurant in Savannah. Concise Lowcountry menu: fried green tomatoes, she-crab soup, crispy sole. Food & Wine's most romantic restaurants in America. Cellar tavern for a more casual atmosphere. Spirits included. Reservations highly recommended.
Original Crab Shack – Tybee Island	Georgia	USA	Restaurant		Planning	https://www.thecrabshack.com/	40 Estill Hammock Rd, Tybee Island, GA 31328	32.01136	-80.86554		Historic fishing camp right on the water with wild crabs and shrimp. Lowcountry boil, deviled crab, and peel-and-eat shrimp under gnarled oaks. Crocodiles in a separate pond on the grounds. Really. Every few years, you spot a pirate for the annual Buccaneer Ball. Also appeared in TV series. Iconic Georgia address.
Paradise Garden (Howard Finster)	Georgia	USA	Bizarre		Planning	https://paradisegardenfoundation.org/	84 Knox St, Summerville, GA 30747	34.51306	-85.31683		Baptist minister Howard Finster created 47,000 works here. Mosaic walls, mirrored trees, bicycle tower art, and Bible verses everywhere. National top folk art attraction – just imagine: Belgian monuments, but made of plywood. Finster once created album covers for R.E.M. and Talking Heads! Airbnb on the premises available for true fans.
Paradise Valley Resort – Naturist	Georgia	USA	Naturist		Planning	https://www.paradisevalleyclub.com/	Dawsonville, GA 30534	34.42121	-84.11908		Clothing-optional resort 1 hour northeast of Atlanta. 3 pools, indoor/outdoor jacuzzi, volleyball, walking trails, bar, restaurant. DJ every Friday and Saturday – party atmosphere! Condoms, motels, and RV spots available. Youngest membership of all Georgia naturist resorts. Chilled party vibe.
Pasaquan (St. EOM's Compound)	Georgia	USA	Bizarre		Planning	https://pasaquan.columbusmuseum.com/	238 Eddie Martin Rd, Buena Vista, GA 31803	32.34638	-84.58166		Eddie Martin (St. EOM) was visited by future beings and built this. 7-acre psychedelic temple complex with neon totem poles & Aztec murals. If Dr. Seuss had an LSD trip in a Mayan temple – this is the result. Funded his art with fortune-telling. Hats off. Managed by the Columbus Museum of Art.
Providence Canyon State Park	Georgia	USA	Nature		Planning	https://gastateparks.org/ProvidenceCanyon	8930 Canyon Rd, Lumpkin, GA 31815	32.06881	-84.91350		Georgia's 'Little Grand Canyon' – 43 canyons in colored clay soil. Pink, orange, lilac, and cream-white colors – photogenic, insane colors! Entirely CAUSED by poor drainage practices in the 1800s. Hiking along colorful canyon walls.
Richard Russell Scenic Highway	Georgia	USA	Scenic Route		Planning		GA Hwy 348, near Helen/Blairsville, GA	34.73119	-83.82381		Most SPECTACULAR mountain drive in Georgia – seriously impressive! GA Hwy 348 winds through the Chattahoochee National Forest. Access to Anna Ruby Falls, Dukes Creek Falls, and other hidden waterfalls. Best autumn color driving route in North Georgia – late October is the sweet spot.
Rock City – Lookout Mountain	Georgia	USA	Entertainment		Planning	https://www.seerockcity.com/	1400 Patten Rd, Lookout Mountain, GA 30750	34.97322	-85.34998		Historic park on Lookout Mountain on the GA-TN border. 7 states visible in clear weather from one point! Fairyland Caverns: gnomes and fairies in the darkness illuminated by blacklight. Red barns with 'SEE ROCK CITY' are America's quintessential road trip marketing.
Rock City & Fairyland Caverns	Georgia	USA	Entertainment		Planning	https://www.seerockcity.com/	1400 Patten Rd, Lookout Mountain, GA 30750	34.97322	-85.34998		Historic park on Lookout Mountain on the GA-TN border. 7 states visible in clear weather from one point! Fairyland Caverns: gnomes and fairies in the darkness illuminated by blacklight. Red barns with 'SEE ROCK CITY' are America's quintessential road trip marketing. 1930s tourist trap that is still worth it.
Rock Garden – Calhoun	Georgia	USA	Bizarre		Planning		Calhoun SDA Church, Calhoun, GA 30701	34.46296	-84.98257		50 miniature buildings made of stone, shells, and porcelain fragments. Cinderella's castle, Notre-Dame, monasteries – all thumb-sized! Built by volunteers on the church grounds. FREE and open every day. Els: think Bruges in miniature. Serge: think Bruges, but funnier.
Savannah Historic District	Georgia	USA	Historic		Planning	https://www.visitsavannah.com/	Savannah, GA 31401	32.08126	-81.08098		22 historic squares covered in Spanish moss and oaks – ENCHANTING. First planned city of the New World (1733). Bonaventure Cemetery: one of the most beautiful cemeteries in the world. Open container legislation – stroll through the city with a beer in hand. Film sets of Forrest Gump, Midnight in the Garden, and more.
School Bus Graveyard	Georgia	USA	Bizarre		Planning		Near US-365, Alto, GA 30510	34.39616	-83.68907		Field full of colorful graffiti buses along Highway 365. More of a road trip art gallery than an ordinary junkyard. Each bus features its own murals, pop art, and strange commentary on life. Free and unguarded – take your best photos. Striking along the road towards the North Georgia mountains.
Screaming Eagle Zipline – Banning Mills	Georgia	USA	Aviation		Planning	https://www.historicbanningmills.com/	205 Horseshoe Dam Rd, Whitesburg, GA 30185	33.53565	-84.92744		GUINNESS WORLD RECORD: longest zipline course in the world! Historic Banning Mills – 35+ ziplines and rope courses over canyons and waterfalls. Screening Eagle is the grand finale – heart palpitations guaranteed. Treehouse stays are also available for the true adventurer.
Serendipity Park – Naturist	Georgia	USA	Naturist		Planning	https://serendipity-park.com/	Clermont, GA 30527	34.47788	-83.77351		Georgia's BEST naturist park – 8x AANR Koch Award for friendliness! 90 minutes NE of Atlanta in the North Georgia mountains. Pool, cafe, cabins, RV sites, camping sites, and a stream. Family-friendly and 'clothing comfortable' policy. Els & Serge: 'The Dip' as locals call it. Welcome home.
Service Brewing – Savannah	Georgia	USA	Brewery/Distillery		Planning	https://servicebrewing.com/	574 Indian St, Savannah, GA 31401	32.08452	-81.09849		Veteran-owned microbrewery near the famous River Street. Beers with military names: Ground Pounder, Rally Point, Battlewagon, Gun Bunny. A portion of the profits goes to veterans' organizations. New season beer every 3 months. Harvest Host available for RVers!
Six Flags Over Georgia	Georgia	USA	Theme Park		Planning	https://www.sixflags.com/overgeorgia	275 Riverside Pkwy SW, Austell, GA 30168	33.76611	-84.55184		Six Flags Prestige Pass – FREE admission for Florida residents! Elite roller coasters including Goliath, The Riddler Mindbender, and Batman. Full day of fun – ensure early arrival during the summer months. 20 minutes from downtown Atlanta.
Skydive Georgia – Cedartown	Georgia	USA	Aviation		Planning	https://skydivegeorgia.com/	493 Airport Rd, Cedartown, GA 30125	34.01714	-85.14859		LARGEST tandem skydiving facility in the South! Jump from 14,000 feet above the Georgia hills. AFF training available for those who really want to learn. Cedartown Airport – small and relaxed atmosphere, no big crowds.
StillFire Brewing – Suwanee	Georgia	USA	Brewery/Distillery		Planning	https://stillfirebrewing.com/	2880 Lawrenceville Suwanee Rd, Suwanee, GA 30024	34.02595	-84.04544		20-barrel brewery in a renovated fire station in the heart of Suwanee! Dog and family-friendly with an outdoor patio next to a playground. College Dropout Lager – Silver Medal Great American Beer Festival 2024! Food trucks present 6 days a week.
Stone Mountain Park	Georgia	USA	Bizarre		Planning	https://www.stonemountainpark.com/	1000 Robert E Lee Blvd, Stone Mountain, GA 30083	33.81172	-84.14505		LARGEST bas-relief sculpture in the world – three Southern Civil War generals carved in granite. Controversial (Confederate symbolism) but absolutely spectacular in terms of scale. Cable car to the top, laser show in the evening, walking paths around the granite mountain. A half-day tip from Atlanta. Els: historic complex. Serge: the sculpture is bigger than the Statue of Liberty. Impressive.
Subdivision Stonehenge – Athens	Georgia	USA	Bizarre		Planning		The Ave median, Athens, GA 30601	34.00684	-83.34688		Mysterious Stonehenge replica in the median strip along the road. Built in the '90s for a subdivision named 'Stonehenge' that was never built. Origin unconfirmed even by Roadside America. COMPLETELY FREE absurdist roadside moment.
Tallulah Gorge State Park	Georgia	USA	Nature		Planning	https://gastateparks.org/TallulahGorge	338 Jane Hurt Yarn Rd, Tallulah Falls, GA 30573	34.74267	-83.39659		MOST IMPRESSIVE canyon in the eastern US! 1,000 feet deep, 2 miles long with 6 waterfalls in the canyon. Suspension bridge 80 feet above the churning river – spectacular! Karl Wallenda once walked across here on a slackline. Permit required for the canyon floor (limited number per day – book EARLY!)
Tellus Science Museum – Cartersville	Georgia	USA	Museum		Planning	https://www.tellusmuseum.org/	100 Tellus Dr, Cartersville, GA 30120	34.24165	-84.77052		Incredible minerals and rocks museum – 10,000+ specimens! Paleontology section with real fossil dinosaur finds. Planetarium and a vintage car collection. Gold panning in the outdoor sluice – a real Georgian gold experience!
The Big Chicken (KFC Marietta)	Georgia	USA	Bizarre		Planning	https://www.kfc.com/	12 Cobb Pkwy SE, Marietta, GA 30060	33.95049	-84.52110		56-FOOT tall steel chicken that actually moves! Built in 1963 by a Georgia Tech student. Now just a KFC. Pilots use it as a navigation point when landing. Seriously. Marietta lets you know: 'Turn right at the Big Chicken'. This is the kind of bizarre that makes Belgians a cult people. STOP HERE.
The Grey – Savannah	Georgia	USA	Restaurant		Planning	https://www.thegreyrestaurant.com/	109 Martin Luther King Jr Blvd, Savannah, GA 31401	32.07992	-81.09779		JAMES BEARD awarded in an Art Deco Greyhound bus station from 1938! Fixed price menu focused on Lowcountry seafood and seasonal produce. Formerly a segregated bus station – now the best spot in Savannah. Also a casual Diner Bar available for à la carte. Reservations book MONTHS in advance – serious.
The Loft – Swinging Atlanta	Georgia	USA	Naturist		Planning	https://www.swingingatlanta.com/	925 Bowen St NW, Atlanta, GA 30314	33.79723	-84.41797		Midtown Atlanta's newer lifestyle club. Various party formats every weekend – check swingingatlanta.com. Membership required but cheaper than Trapeze. 21+ only events for couples and single ladies. Recently renovated. Younger crowd than Trapeze.
The Tree That Owns Itself – Athens	Georgia	USA	Bizarre		Planning		Corner Dearing & Finley St, Athens, GA 30606	33.95510	-83.38237		Owner William Jackson gifted the oak to himself in the 1800s. Official title deed. The tree is the legal owner of the land beneath it. The original tree fell in 1942 – this one is a descendant of the same seed. FREE, 5 minutes, and 100% Georgia absurdist.
Thunderbird Inn – Savannah	Georgia	USA	Hotel		Planning	https://www.thethunderbirdinn.com/	611 W Oglethorpe Ave, Savannah, GA 31401	32.07884	-81.10062		Retro 1964 motor inn fully renovated in iconic Savannah style. Every room decorated differently – Instagram gold! Virtually the ONLY quirky budget hotel in Savannah's historic district. Walking distance from River Street, squares, and restaurants.
Tiny Doors ATL	Georgia	USA	Bizarre		Planning	https://tinydoorsatl.com/	Various locations, Atlanta, GA 30307	33.77244	-84.32791		8 5 cm miniatures hidden throughout Atlanta! Artistic project by Karen Anderson building 'portals to other worlds'. FREE neighborhood scavenger hunt with interactive map on website. Miniatures at Krog Street Tunnel, BeltLine locations, and more. Perfect for Instagram – find them on the website.
Titan I Missile – Cordele	Georgia	USA	Bizarre		Planning		I-75 Exit 101, Cordele, GA 31015	31.95361	-83.75042		Real 30-meter ICBM rocket on the highway at a gas station! Here since 1969 – albeit with safe aluminum panels instead of radioactive ones. Accessible 24/7 and FREE. If Serge stops to pose next to it: at least 3 likes guaranteed. Perfect I-75 rack spot between Florida and Atlanta.
Trapeze Club – Atlanta	Georgia	USA	Naturist		Planning	https://trapezeclub.com/	4470 Commerce Dr SW, Atlanta, GA 30336	33.76110	-84.53330		Atlanta's oldest and most highly regarded lifestyle club. Danceable DJ music, dining areas, private rooms, group spaces. Open Wed-Sun 8-3 AM. Couples and singles welcome (Sat: couples only). Strict dress code – you'll be able to take it off anyway, but dressing up is mandatory. Reputation as the best East Coast lifestyle club north of Florida.
Tree Spirits of St. Simons Island	Georgia	USA	Bizarre		Planning		St. Simons Island, GA 31522	31.15959	-81.38855		Artist Keith Jennings carves faces into oak tree wounds – for over 40 years. 20+ hidden faces scattered across the island. Each face is unique and represents a drowned sailor. FREE walking and scavenger hunt through beautiful island forest. St. Simons Island Map available at tourist info.
Two Tides Brewing – Savannah	Georgia	USA	Brewery/Distillery		Planning	https://www.twotidesbrewing.com/	12 W 41st St, Savannah, GA 31401	32.05413	-81.10209		Brewery in a renovated house in the Starland District! Each room has a different atmosphere – balcony overlooks Starland Yard with live music. Specialties: Sours, Hazy's, and fruit beer slushies for the heat. Mini-arcade in the building. Dogs and children welcome until 9 p.m.
Tybee Island Beach & Lighthouse	Georgia	USA	Nature		Planning	https://www.tybeeisland.com/	Tybee Island, GA 31328	32.00022	-80.84567		Savannah's Beach Island – 20 minutes from the city! Climb the 178-foot historic lighthouse (1773!) for a coastal panorama. Relaxed beach village with good seafood restaurants and a hippie vibe. Go for the sea, stay for the atmosphere. Els: beach day. Serge: climbing the lighthouse. Combine with the Original Crab Shack for the perfect day out.
Whitewater Columbus	Georgia	USA	Entertainment		Planning	https://whitewaterexpress.com/	900 Front Ave, Columbus, GA 31901	32.46308	-84.99432		LONGEST urban whitewater course in the world – 2.5 miles of Chattahoochee rapids! TOP 12 Man-Made Adventures in the World by international media. AS A BONUS: the only zipline in the US connecting two states (GO to AL and back). Family-friendly and professionally equipped.
World of Coca-Cola – Atlanta	Georgia	USA	Museum		Planning	https://www.worldofcoca-cola.com/	121 Baker St NW, Atlanta, GA 30313	33.76303	-84.39406		America's most iconic corporate museum – and you can taste EVERYTHING! Tasting room with 100+ Coca-Cola products from around the world. The Secret Recipe and the Vault Room are highlights. Next to the Georgia Aquarium – perfect day trip to Atlanta.
World's Largest Peanut – Ashburn	Georgia	USA	Bizarre		Planning		I-75 Exit 82, Ashburn, GA 31714	31.71621	-83.63896		16.5-foot peanut on a 20-foot pedestal along I-75! LED crown lighting at night. A ROYAL peanut. Hurricane Michael wrecked the original in 2018 – Ashburn rebuilt it bigger in 2023. Free parking at the gas station. Perfect rack stop.
Yonah Mountain Vineyards – Cleveland	Georgia	USA	Brewery/Distillery		Planning	https://www.yonahmountainvineyards.com/	1717 Ridge Rd, Cleveland, GA 30528	34.63296	-83.69976		The only WINE CELLAR (cave tour) in the state of Georgia! Spectacular view of Yonah Mountain from the tasting room. Chardonnay, Merlot, Malbec, and Pinot Noir from their own vineyard. Top 25 winery in the USA. Combined with BabyLand General (5 minutes) = a perfect day.
Akaka Falls State Park	Hawaii	USA	Nature		Planning	https://dlnr.hawaii.gov/dsp/parks/hawaii/akaka-falls-state-park/	875 Akaka Falls Rd, Honomu, HI 96728	19.85426	-155.15212		442-foot-high (134m!) waterfall in the middle of the rainforest — Hawaii's most photogenic waterfall. Short 1.5km loop through bamboo and heliconia jungles. $5 entrance fee. Tomorrow morning = fewer people. Perfect content shot for @roamingbonbons.
Bishop Museum – lava pit replica	Hawaii	USA	Museum		Planning	https://www.bishopmuseum.org	1525 Bernice St, Honolulu, HI 96817	21.33283	-157.87055		Hawaii's largest museum with a REAL planetarium and a life-size fire-spitting lava demo. World-class Hawaiian collection — not the standard 'souvenir shop' experience. America the Beautiful Pass valid for some exhibitions — check in advance.
Blue Hawaiian Helicopter Tour – Kauai	Hawaii	USA	Aviation		Planning	https://www.bluehawaiian.com	Blue Hawaiian Helicopters, 3501 Rice St, Lihue, HI 96766	21.96170	-159.35354		Doors-off helicopter flight over Waimea Canyon, Na Pali Coast, and Waialeale crater lake. Best way to truly see Kauai — 65% is inaccessible by land. ~$300-400 p.p. depending on route. Premium is a one-time purchase. @roamingbonbons: cinematic gold.
Byodo-In Temple – Valley of Temples	Hawaii	USA	Bizarre		Planning	https://byodo-in.com	47-200 Kahekili Hwy, Kaneohe, HI 96744	21.43158	-157.82941		Exact replica of a 900-year-old Japanese Buddhist temple — right in the middle of Hawaii! Built in 1968 for the 100th anniversary of Japanese immigration. $5 p.p. Peacock, black swans, and giant koi in the pond. Peacocks included. Surreal.
Da Poke Shack – Kona	Hawaii	USA	Restaurant		Planning	https://www.dapokeshack.com	76-6246 Alii Dr, Kailua-Kona, HI 96740	19.60750	-155.97717		BEST poke bowls on the Big Island — fresh ahi tuna, limu seaweed, masago. Different fresh options every day, sometimes sold out before noon. ~$15-20 p.p. Serge: *this* is poke, not the fake poke from Whole Foods.
Dole Plantation – ananas-doolhof	Hawaii	USA	Bizarre		Planning	https://www.doleplantation.com	64-1550 Kamehameha Hwy, Wahiawa, HI 96786	21.52468	-158.03750		Officially GUINNESS World Records largest labyrinth in the world — made of pineapple bushes! Dole Whip ice cream is legendary and nowhere in the world is it as good as here. The train ($12) is kitschy but fun. Serge: this is silly enough to do.
Enchanted Forest Neon Zoo	Hawaii	USA	Bizarre		Planning	https://www.neonzoo808.com	Ward Village, 1240 Ala Moana Blvd, Honolulu, HI 96814	21.29297	-157.85161		Neon-lit wild animals in an immersive blacklight forest in the middle of Honolulu. Mouthwatering photo opportunities — perfect for the @roamingbonbons feed. Book tickets online. Evening = best atmosphere.
Green Sand Beach – Papakolea	Hawaii	USA	Bizarre		Planning	https://www.lovebigisland.com/big-island/papakolea-green-sand-beach/	South Point Rd, Naalehu, HI 96772	18.98615	-155.66685		GREEN sand beach due to olivine crystals — one of only 4 green sand beaches in the world! ~5 km trek round trip OR shuttle for ~$20 p.p. from locals. No facilities. Bring: water, sunscreen, and a Belgian sense of adventure.
Haleakalā Sunrise – Boven de wolken	Hawaii	USA	Nature		Planning	https://www.nps.gov/hale	Haleakala National Park, Kula, HI 96790	20.72038	-156.15515		Sunrise above the clouds at an altitude of 3,055m — the most magical moment in Hawaii. America the Beautiful Pass valid. REQUIRED reservation for sunrise ($1 p.p.). Bring: warm clothes (it is COLD), a thermos of coffee, and a camera. Serge: this is better than any mountain.
Halona Blowhole Lookout	Hawaii	USA	Bizarre		Planning	https://www.gohawaii.com/islands/oahu/regions/east-oahu/halona-blowhole	8483 Kalanianaole Hwy, Honolulu, HI 96825	21.28281	-157.67703		Lava blowhole spraying water high into the air — spectacular! FREE, on the side of the highway on Oahu's east coast. From Here to Eternity beach nearby (this rolling wave scene). Els: this wave. Serge: this coast.
Hana-Maui Resort – Travaasa	Hawaii	USA	Hotel		Planning	https://www.hanamaui.com	5031 Hana Hwy, Hana, HI 96713	20.75393	-155.98707		Legendary remote resort at the end of the Road to Hana — total detachment. Cottages with open fires, horseback riding on the beach, farm-to-table dining. ~$300-400/night (luxury). But Hana is so remote that you will want to stay for the atmosphere.
Hedonism-style: Secret Beach Kauai	Hawaii	USA	Naturist		Planning		Kauapea Beach (Secret Beach), Kilauea, HI 96754	22.22369	-159.41118		Kauai's secluded naturist beach — a 900m jungle hike to get there. No facilities, no guards. Popularity fluctuates, but locals know it. FREE. Swimming DANGEROUS in rough weather. Bring lunch. Serge and Els: this is the real deal.
Helena's Hawaiian Food – Kalihi	Hawaii	USA	Restaurant		Planning	https://www.helenashawaiianfood.com	1240 N School St, Honolulu, HI 96817	21.33097	-157.86510		James Beard Award winner — family recipe taro leaf laulau and pipikaula ribs. Open only a few days a week, always a line. Founded in 1946, still family-run. ~$15-25 p.p. Check opening hours. This is HONEST local Hawaiian food.
Ho'okipa Beach – Windsurfer Heaven	Hawaii	USA	Bizarre		Planning	https://www.gohawaii.com/islands/maui/regions/north-shore/hookipa-beach-park	Ho'okipa Beach Park, Paia, HI 96779	20.93425	-156.35608		Windsurfing World Championship venue with daily professional shows to watch for FREE! Turtles sleep on the beach in the afternoon — protected by NPS rangers. FREE. Paia nearby = hippest village on Maui with good eateries.
Honolulu Museum of Art	Hawaii	USA	Museum		Planning	https://honolulumuseum.org	900 S Beretania St, Honolulu, HI 96814	21.30394	-157.84846		Surprisingly strong art museum with Asian, Pacific, and European collections in a beautiful building. Film room, sculpture courtyard, and rotating exhibitions. ~$20 p.p. FREE every first Wednesday of the month. Serge: You wouldn't expect this in Honolulu.
Iolani Palace – enige koninklijk paleis USA	Hawaii	USA	Historic		Planning	https://www.iolanipalace.org	364 S King St, Honolulu, HI 96813	21.30700	-157.85884		THE ONLY royal palace on American soil — last Hawaiian monarchy. Queen Lili'uokalani was imprisoned here in 1895 following the American annexation. ~$22 p.p. audio tour. Amazing that this isn't in every history book.
Ka Lae – Zuidelijkste punt USA	Hawaii	USA	Bizarre		Planning	https://www.lovebigisland.com/big-island/south-point/	South Point Rd, Naalehu, HI 96772	18.98615	-155.66685		THE SOUTHERNST POINT of the USA — more South than Key West! People jump from the cliffs ~15m into the sea — an extreme local tradition. FREE, wind-battered, and surreal. Serge: feel like you are standing at the end of the world for a moment.
Kaena Point – Meest afgelegen strand Oahu	Hawaii	USA	Nature		Planning	https://dlnr.hawaii.gov/dsp/parks/oahu/kaena-point-state-park/	Kaena Point Trail, Waianae, HI 96792	21.44279	-158.18708		8km off-road hike to Oahu's most remote corner — albatross colony and seals! Laysan albatross breeding colony (November-July) — ONLY here in Hawaii can be seen on land. FREE. 4x4 recommended for the off-road route. Serge: the F-150 couldn't have been more perfect.
Kauai ATV Adventure Tours	Hawaii	USA	Aviation		Planning	https://www.kauaiatv.com	1-0 Kaumualii Hwy, Koloa, HI 96756	21.92282	-159.51316		ATV tours through sugarcane plantation grounds and off-road to hidden waterfalls. Film locations from Pirates of the Caribbean, Jurassic Park, and Indiana Jones. ~$130 p.p. Minimum age 16. Serge and Els: this is definitely your thing.
Kauai Beer Company	Hawaii	USA	Brewery/Distillery		Planning	https://www.kauaibeer.com	4265 Rice St, Lihue, HI 96766	21.97212	-159.36491		Kauai's first and only in-house brewery — Pacific IPAs and coconut porters. Food menu with local Hawaiian influences. Welcoming, modern taproom in Lihue. ~$7-10 per pint. Combine with Wailua Falls, 20 min away. Els: coconut porter = surprisingly good.
Kealakekua Bay – Captain Cook Monument	Hawaii	USA	Historic		Planning	https://www.lovebigisland.com/big-island/kealakekua-bay/	Kealakekua Bay, Captain Cook, HI 96704	19.47824	-155.92593		Place where Captain Cook died in 1779 — now a snorkeling paradise! Snorkel boat trip (~$70-90 p.p.) to the monument AND the best coral reef in Hawaii. Alternatively: kayak from the bay (5km). Dolphins are almost guaranteed here.
Kilauea Lighthouse – Wildlife Refuge	Hawaii	USA	Nature		Planning	https://www.fws.gov/refuge/kilauea-point	3500 Kilauea Rd, Kilauea, HI 96754	22.22941	-159.40259		Active lighthouse on Kauai's northernmost point with spectacular seabird colonies. Red-billed auklets, frigatebirds, boobies, and rare Laysan albatrosses. $10 p.p. America the Beautiful valid. Serge: this is better than the Zwin in Knokke.
Koa Kea Hotel – Poipu Kauai	Hawaii	USA	Hotel		Planning	https://www.koakea.com	2251 Poipu Rd, Koloa, HI 96756	21.87552	-159.45741		Boutique hotel right on Poipu Beach — one of the most beautiful beaches on Kauai. Small and personal — not a mega-hotel, genuine service. Restaurant with local fish. ~$200-250/night (premium). Special occasion material. Serge: this is justified for once.
Kohala Distillery – Big Island rum	Hawaii	USA	Brewery/Distillery		Planning	https://www.kohalarum.com	56-662 Kohala Mountain Rd, Hawi, HI 96719	20.22341	-155.81584		Artisanal rum made from real Hawaiian sugarcane — unique to the USA. Sugarcane rum aging in small barrels with tropical influences. Tastings ~$20-25. Hawi is also a cute little town on the Kohala coast.
Koke'e State Park – Kauai Highlands	Hawaii	USA	Nature		Planning	https://dlnr.hawaii.gov/dsp/parks/kauai/kokee-state-park/	3600 Kokee Rd, Waimea, HI 96796	22.13011	-159.65683		Highland forest at 1,100m with hiking trails, mist, and a 180-degree view of Waimea Canyon. Wild chickens roam free — everywhere on Kauai, but here it is particularly absurd. FREE + America the Beautiful valid. Cold temperatures — bring a coat!
Kona Coffee Living History Farm	Hawaii	USA	Historic		Planning	https://konahistorical.org/kona-coffee-living-history-farm/	82-6199 Mamalahoa Hwy, Captain Cook, HI 96704	19.49108	-155.91438		America's only working historic coffee plantation from the 1920s — full demo. Guide in period costume explains EVERYTHING about Kona coffee cultivation. ~$20 p.p., book online. Combine with a real Kona coffee tasting nearby.
Kono's – North Shore Breakfast	Hawaii	USA	Restaurant		Planning	https://www.konoshawaii.com	66-250 Kamehameha Hwy, Haleiwa, HI 96712	21.58580	-158.10256		North Shore's favorite breakfast spot — kalua pork breakfast burritos are legendary. A resort next to the famous surf beaches of the North Shore. ~$12-18. Haleiwa is highly recommended in general — one of Oahu's smallest, hippest coastal towns.
Kualoa Ranch – Jurassic Park	Hawaii	USA	Bizarre		Planning	https://www.kualoa.com	49-560 Kamehameha Hwy, Kaneohe, HI 96744	21.51996	-157.83790		THE filming location of Jurassic Park, Lost, Hawaii Five-O, and dozens of other movies! Horseback riding, ATV tours, and ziplines through the valley you KNOW from the movies. ~$45-60 per activity. Serge: This is the dino valley. Els: Where is Jeff Goldblum?
Lava Ocean Entry – Kalapana (als actief)	Hawaii	USA	Bizarre		Planning	https://www.lovebigisland.com/big-island/lava-viewing/	Kalapana, Pahoa, HI 96778	19.36252	-154.96674		See REAL lava flowing into the ocean — volcanic rock that magnifies the Earth in real time! Not always active — check the Hawaii Volcanoes Observatory website before visiting. Boat trips available (~$200 p.p.) for a closer view. One of the most bizarre nature events in the world.
Liliha Bakery – Coco Puffs	Hawaii	USA	Restaurant		Planning	https://www.lilihabakery.com	515 N Kuakini St, Honolulu, HI 96817	21.32383	-157.85807		The one and only Coco Puff from Hawaii — chocolate cream puff with haupia filling. Open 24/7. Honolulu's most beloved bakery with a locally legendary reputation. ~$3-5 per Coco Puff. Also ask for the chantilly cake. Serge: test as a Belgian chocolate expert.
Little Beach – Maui (naturisten+zondagsfeest)	Hawaii	USA	Naturist		Planning		Makena State Park, Wailea, HI 96753	20.65444	-156.44250		Hawaii's best-known informal nudist beach — be patient past Big Beach towards the rocks. Every SUNDAY: spontaneous drum circle and dance party at sunset. LEGENDARY. FREE. Officially not allowed but legally tolerated. America the Beautiful for parking.
Little Beach Sunday Drum Circle	Hawaii	USA	Bizarre		Planning		Little Beach, Makena State Park, Kihei, HI 96753	20.63493	-156.45180		EVERY SUNDAY EVENING: semi-naked drum circle on the nudist beach at sunset! Guitarists, fire-eaters, dancers, and tourists mingling in freedom. FREE. Arrive early for parking. Starts ±16:00, highlight at sunset. Viral content guaranteed.
Loco Moco bij Cafe 100 – Hilo	Hawaii	USA	Restaurant		Planning	https://www.cafe100.com	969 Kilauea Ave, Hilo, HI 96720	19.71443	-155.07711		Inventor of the Loco Moco — rice + hamburger + fried egg + brown gravy. Opened in 1946. More than 30 variations of Loco Moco on the menu. ~$8-15. Hilo's rainy weather makes this comfort food absolutely justified.
Lumahai Beach – South Pacific film	Hawaii	USA	Bizarre		Planning	https://www.gohawaii.com/islands/kauai/regions/north-shore/lumahai-beach	Lumahai Beach, Hanalei, HI 96714	22.20593	-159.49757		THE beach from the movie South Pacific (1958) — completely pristine and remote. DANGEROUS swimming due to strong currents — DO NOT enter the sea. Just admire. FREE. Serge: this is Hollywood, but for real.
Makapuu Lighthouse Trail	Hawaii	USA	Nature		Planning	https://dlnr.hawaii.gov/dsp/parks/oahu/makapuu-point-state-wayside/	Makapuu Point State Wayside, HI 96795	21.31068	-157.64926		Easy 2.5km coastal path to spectacular cliff lighthouse. January-March: chance to spot whales from the cliffs! FREE. Go early for the best light conditions. Perfect content for @roamingbonbons.
Mama's Fish House – Maui	Hawaii	USA	Restaurant		Planning	https://www.mamasfishhouse.com	799 Poho Pl, Paia, HI 96779	20.92902	-156.36705		Hawaii's undisputed number 1 restaurant — fresh fish on the menu caught within hours. The menu lists the name of the fisherman and the vessel. Hawaii regional at its best. Book weeks in advance. ~$70-100 p.p. Romantic and unforgettable.
Manoa Falls Trail – Honolulu	Hawaii	USA	Nature		Planning	https://www.alltrails.com/trail/us/hawaii/manoa-falls-trail	3860 Manoa Rd, Honolulu, HI 96822	21.33305	-157.80155		Rainforest trail with 45m waterfall right behind Honolulu — totally unexpected! Parking app required: ~$5. 2.5km loop, muddy after rain — shoes you don't mind wearing. Jurassic Park scenes were filmed here. Els: you might see a dinosaur.
Maui Brewing Co. – Kihei	Hawaii	USA	Brewery/Distillery		Planning	https://www.mauibrewingco.com	605 Lipoa Pkwy, Kihei, HI 96753	20.74952	-156.43787		Hawaii's most famous craft brewery — Big Swell IPA, Bikini Blonde, and Pineapple Mana Wheat. Brewery tours available on weekends. Spacious terrace with a view of the brewing process. ~$7-12 per pint. Serge: This is what Duvel would be if Duvel were Hawaiian.
Maui Ocean Center – zeeschildpadtunnel	Hawaii	USA	Museum		Planning	https://www.mauioceancenter.com	192 Maalaea Rd, Wailuku, HI 96793	20.79328	-156.51160		Best marine life aquarium in Hawaii with a walk-through underwater dome for sea turtles. On-site humpback whale research center — chance to ask real biologists questions. ~$40 p.p., good for a half-day. Both children and adults are impressed.
Mauna Kea Summit Observatories	Hawaii	USA	Bizarre		Planning	https://www.ifa.hawaii.edu/maunakea/	Mauna Kea Summit Rd, Hilo, HI 96720	19.80885	-155.46757		14 international observatories at 4,205m — the BEST place on Earth for stargazing! FREE visit to the summit. Visitor Center at 2,800m with telescopes, free in the evening. NECESSARY: acclimatize at the visitor center for at least 30 min. 4x4 required — F-150 go!
Merrie Monarch Festival	Hawaii	USA	Festival		Planning	https://www.merriemonarch.com	Afook-Chinen Civic Auditorium, 50 E Puainako St, Hilo, HI 96720	19.71807	-155.06945		Hilo's world-famous hula festival — the Olympics of the hula world. Every year in April. HARD to get tickets — waiting list years in advance. FREE street party surrounding the festival: parade, crafts market. Hilo itself is charming and cheaper than Maui.
Musubi Mama's – Spam Musubi	Hawaii	USA	Restaurant		Planning	https://www.yelp.com/biz/musubi-mama-honolulu	2427 S Beretania St, Honolulu, HI 96826	21.29444	-157.82442		Hawaii's most iconic street food: Spam Musubi — a sushi roll with spam and rice. Sounds terrible, tastes surprisingly good. This IS the fast food of Hawaii. ~$3-5 each. Serge: give it a chance. Els: momentarily forgot it's spam.
Na Pali Coast Zodiac Boat Tour	Hawaii	USA	Aviation		Planning	https://www.napalicoast.com	Port Allen Marina, Eleele, HI 96705	21.90146	-159.58713		Hawaii's most spectacular coastline from a rubber speedboat! Na Pali cliffs, 1,200m high, are inaccessible by land — boat or helicopter. ~$140-175 p.p. Summer only (May-September). Serge: this is the best $150 you will spend.
Pearl Harbor Aviation Museum	Hawaii	USA	Aviation		Planning	https://www.pearlharboraviationmuseum.org	319 Lexington Blvd, Honolulu, HI 96818	21.35992	-157.96164		WWII aircraft, including a bullet-riddled hangar still exactly as it was on December 7, 1941. F-15, Zero, and Dauntless dive bombers in an operational museum on Ford Island. ~$25 p.p. Combine with USS Arizona Memorial — perfect same-day Pearl Harbor experience.
Plate Lunch bij Rainbow Drive-In	Hawaii	USA	Restaurant		Planning	https://www.rainbowdrivein.com	3308 Kanaina Ave, Honolulu, HI 96815	21.27596	-157.81456		Iconic Hawaii 'plate lunch' spot — open since 1961, still lines stretching onto the sidewalk. Macaroni salad + two scoops of rice + meat: THIS is what locals eat, not poke. ~$10-14. Cash recommended. Barack Obama ate here as a child. Enough said.
Poipu Beach – Sea Turtle Basking	Hawaii	USA	Nature		Planning	https://www.gohawaii.com/islands/kauai/regions/south-shore/poipu-beach	Poipu Beach Park, Koloa, HI 96756	21.87363	-159.45480		Popular beach on Kauai where Hawaiian monk seals (ENDANGERED!) just lie sleeping. FREE beach. Turtles are also regularly present at sunset. NPS volunteers keep the public at a distance — respect the animals.
Pololu Valley Lookout + Trail	Hawaii	USA	Nature		Planning	https://www.lovebigisland.com/big-island/pololu-valley/	Pololu Valley Lookout, Kapaau, HI 96755	20.20358	-155.73385		Spectacular view of sea cliffs and a secluded black sand beach. Steep descent to the beach (~500m). Muddy after rain — sturdy shoes required. FREE and almost no tourists. The 'real' Hawaii that the majority never sees.
Polynesian Cultural Center	Hawaii	USA	Entertainment/sports		Planning	https://www.polynesia.com	55-370 Kamehameha Hwy, Laie, HI 96762	21.63916	-157.92091		Six Polynesian 'villages' (Fiji, Samoa, Tonga, Tahiti, Marquesas, Hawaii) on one site. Live shows, canoe demos, fire dancing, and an evening buffet package available. ~$60 p.p. base, more for all-inclusive. Completely re-ridicted by BYU Utah — original.
Puka Dog – Hot Dog Hawaii-style	Hawaii	USA	Restaurant		Planning	https://www.pukadog.com	2360 Kiahuna Plantation Dr, Koloa, HI 96756	21.87931	-159.45927		HOT DOG in a toasted bun seared with a hot iron — with tropical relish and lilikoi mustard. Bizarre concept, incredibly tasty. The only original Puka Dog in Poipu, Kauai. ~$10-12. Vegetarian options too. Serge: this is the sausage he deserves after Waimea Canyon.
Punalu'u Bake Shop – Big Island	Hawaii	USA	Restaurant		Planning	https://www.bakeshophawaii.com	95-5642 Mamalahoa Hwy, Naalehu, HI 96772	19.06126	-155.58590		Southernmost bakery in the US — Hawaiian sweet rolls, macadamia nut treats. Naalehu is also the southernmost town in the US. Two records for one stop. ~$5-10. Free parking and outdoor seating. Perfecto na Punalu'u black sand beach.
Punalu'u Black Sand Beach	Hawaii	USA	Bizarre		Planning	https://www.lovebigisland.com/big-island-beaches/punaluu-black-sand-beach/	Punalu'u, Pahala, HI 96777	19.14433	-155.50896		BLACK volcanic sand beach — one of the few in the world! Hawksbill and green sea turtles simply sunbathe on the beach here. FREE. Not a tourist trap, just bizarre nature at its best. America the Beautiful valid for parking zone.
Road to Hana – Sacred Pools	Hawaii	USA	Scenic Route		Planning	https://www.nps.gov/places/pools-of-oheo.htm	Oheo Gulch, Hana, HI 96713	20.66362	-156.04290		Famous Maui route with 600 curves, 50+ waterfalls, and bamboo forests. Ohe'o Gulch (Seven Sacred Pools) = NPS site, America the Beautiful Pass valid! Start EARLY: it gets crowded very quickly. Bring bread and lunch — few restaurants along the way.
Road to Hana – Waianapanapa Black Sand	Hawaii	USA	Bizarre		Planning	https://www.gohawaii.com/islands/maui/regions/hana/wainapanapa-state-park	Waianapanapa State Park, Hana, HI 96713	20.78349	-155.99771		Hawaii's SECOND black sand beach — but this is the most dramatically situated! Lava arches, blowholes, green cliffs, and a blue-tinted cave with legends. $10 p.p. Reservations required via Hawaii DLNR! Popular — book weeks in advance.
Sea Life Park Hawaii	Hawaii	USA	Entertainment/sports		Planning	https://www.sealifeparkhawaii.com	41-202 Kalanianaole Hwy, Waimanalo, HI 96795	21.31512	-157.66481		Dolphin swimming, shark diving, and sea lion shows — all in one place. ALSO: 'wolphin' present (hybrid between dolphin and orca) — the only one on Earth! ~$45 p.p. base. Dolphin experiences separate ~$150+. Serge: the wolphin is really a selling point.
Shave Ice – Matsumoto's North Shore	Hawaii	USA	Restaurant		Planning	https://www.matsumotoshaveice.com	66-087 Kamehameha Hwy, Haleiwa, HI 96712	21.59109	-158.10287		Hawaii's MOST ORIGINAL shave ice — open since 1951, world-famous among locals. Not to be confused with 'snow cones' — this is real crushed ice with real syrups. ~$4-6. Go for it. Els: sweeter than a Liège waffle but just as addictive.
Skydive Hawaii – North Shore Oahu	Hawaii	USA	Aviation		Planning	https://www.skydivehawaii.com	68-760 Farrington Hwy, Waialua, HI 96791	21.57848	-158.18242		Tandem skydiving over the North Shore with a view of the breakwater world surf spots. Drop over turquoise ocean, green mountain ridges, and sugarcane fields. ~$200-280 p.p. One of the most beautiful skydiving locations in the world. @roamingbonbons gold.
Snorkelen – Molokini Crater	Hawaii	USA	Nature		Planning		Molokini Crater, Kihei, HI 96753	20.63174	-156.49551		Partially submerged volcanic crater = perfect sheltered snorkeling lagoon. Water visibility up to 45m deep, 250+ species of fish and shark sightings possible. Boat trips from Ma'alaea Harbor ~$80-120 p.p. Book early — Maui's most popular excursion.
Surfen bij Waikiki Beach	Hawaii	USA	Entertainment/sports		Planning	https://www.gohawaii.com/islands/oahu/regions/waikiki/waikiki-beach	Waikiki Beach, Honolulu, HI 96815	21.27935	-157.82918		Learn to surf on the most iconic wave in the world — beginner-friendly and warm water. Surf lessons: ~$40-50 p.p. for 1.5 hours with an instructor. Believe it or not: almost everyone stands up after 30 min. Els and Serge on a surfboard = guaranteed viral. But: Waikiki is overtourist.
Taro Ko Chips – Hana Highway snack	Hawaii	USA	Restaurant		Planning	https://www.taroko.com	Hana Hwy area, Maui, HI 96713	20.72273	-155.99372		Handmade taro chips sold from a small farm stand along the Road to Hana. Truly artisanal — cut and fried in batches. A unique find on Maui. ~$6-8 per bag. Always sold out by noon. Stop early!
Thurston Lava Tube – Hawaii Volcanoes NP	Hawaii	USA	Nature		Planning	https://www.nps.gov/havo	Hawaii Volcanoes National Park, HI 96718	19.30149	-155.27678		Walk through a real lava tunnel — 500 years old and illuminated for tourists. Hawaii Volcanoes NP: America the Beautiful Pass valid! Otherwise, entrance fee is $35 per vehicle. Active lava flows possible — check NPS website for current access. ABSOLUTELY A MUST DO.
Upcountry Maui Lavender Farm	Hawaii	USA	Bizarre		Planning	https://www.aliikulalavender.com	1100 Waipoli Rd, Kula, HI 96790	20.73334	-156.31877		Lavender farm on the slopes of the Haleakalā — with English gardens AND hula. Lavender shortbread, lavender lemonade, and lavender honey. Elvis deserved this. Free to visit, products are affordable. Serge: this isn't Provence, but it's close.
USS Arizona Memorial – Pearl Harbor	Hawaii	USA	Historic		Planning	https://www.nps.gov/perl	1 Arizona Memorial Pl, Honolulu, HI 96818	21.36803	-157.93858		Holy site: 1,177 sailors still lie in the sunken ship. FREE boat trip to the memorial (America the Beautiful). Museum $10 recommended but not mandatory. Serge: this is the Normandystrand of the Pacific. Quiet, emotional experience.
Waikiki Banyan – Centrale ligging	Hawaii	USA	Hotel		Planning	https://www.airbnb.com	201 Ohua Ave, Honolulu, HI 96815	21.27472	-157.82093		Centrally located condo-style apartments in the heart of Waikiki — affordable option. Full kitchen, rooftop playground. No hotel service, but good for a long stay. ~$100-140/night via Airbnb. Serge: this is the smartest budget choice for Oahu.
Waikiki Trolley Hop-On Hop-Off	Hawaii	USA	Hotel		Planning	https://www.waikikitrolley.com	Royal Hawaiian Center, 2201 Kalakaua Ave, Honolulu, HI 96815	21.27931	-157.82973		Convenient day pass for tourist transport on Oahu — 4 lines through Honolulu and the surrounding area. No car needed for a day in Honolulu. ~$25-35 day pass. Not necessary if you have the F-150 with you, but handy if you don't want a car for a change.
Wailua Falls – Fantasy Island waterval	Hawaii	USA	Bizarre		Planning	https://www.lovekauai.com/wailua-falls/	Ma'alo Rd, Lihue, HI 96766	21.99156	-159.36599		THE waterfall from the Fantasy Island TV series opening — recognizable to everyone of our generation! FREE to see from the road. Short walk to the base (unofficial path, sometimes closed). Els: 'The planes! The planes!' — Serge gets the reference.
Waimea Canyon – 'Grand Canyon of Pacific'	Hawaii	USA	Nature		Planning	https://dlnr.hawaii.gov/dsp/parks/kauai/waimea-canyon-state-park/	Waimea Canyon Dr, Waimea, HI 96796	21.97077	-159.66409		FREE FREE FREE — the 'Grand Canyon of the Pacific' on Kauai. 1,100m deep, 16km long, and filled with red and green layers. Mark Twain was impressed. America the Beautiful pass: free parking. Combine with Kokee State Park above.
Waipio Valley Lookout	Hawaii	USA	Nature		Planning	https://www.lovebigisland.com/big-island/waipio-valley/	Waipio Valley Rd, Kukuihaele, HI 96727	20.11396	-155.59093		The most dramatic valley in Hawaii — 600m high green cliffs with a black sand beach. FREE lookout. The road down is 4x4 ONLY and extremely steep — the F-150 is perfect! Optional: muleback tour ($100+) to the valley floor. Serge: The F-150 does better here than any car.
Balanced Rock Park	Idaho	USA	Bizarre		Planning		Castleford, ID 83321	42.52045	-114.87194	4.6	A 48-ton rock balances on a narrow 3x17 inch pedestal! Completely unbelievable natural phenomenon. FREE. Small but MIND-BLOWING. Near Castleford, 25 min from Twin Falls. Seriously: how is this thing still standing?
Bardenay Distillery + Restaurant - Boise	Idaho	USA	Restaurant		Planning	https://bardenay.com	610 W Grove St, Boise, ID 83702	43.61404	-116.20219	4.6	America's FIRST restaurant-distillery! Makes gin, rum, and whiskey on-site. Tours available. Boise's Basque Block neighborhood. Locally developed concept. Cocktails with their own spirits are their pride. Grove Street = Boise's lively bar/restaurant strip.
Bare Mountain Resort - Boise	Idaho	USA	Naturist		Planning	https://baremountainresort.com	Hidden location, 30 min from Boise, ID	43.61502	-116.20231		AANR-affiliated naturist resort on 130 acres! 30 MINUTES from Boise! ​​In the middle of nowhere, Ponderosa Pines. Pool, hiking trails, campfire events. Open late April to mid-October. Since 1981. Couples ONLY for overnight stays. Reservation required!
Basque Block - Boise	Idaho	USA	Historic		Planning	https://basquemuseum.eus	Grove St, Boise, ID 83702	43.61520	-116.20351	4.7	BOISE has the largest Basque community outside of Spain! Basque Block: museum, bars, restaurant Leku Ona, parties. Completely unexpected for an Idaho prairie town. Bar-Gernika: best veal stews outside of Bilbao. St. Ignatius's feast day in July = Basque dancing in the street!
Big Don - Janitor Muffler Man Pocatello	Idaho	USA	Bizarre		Planning	https://roadsideamerica.com	Pocatello, ID 83201	42.89460	-112.35407	5	Giant Muffler Man dressed as a cleaner! Pocatello's craziest roadside attraction for a year. Located at a business along the main road. FREE photo stop. Almost 6 meters tall. Combine with Museum of Clean - themed day!
Big Idaho Potato Hotel	Idaho	USA	Hotel		Planning	https://airbnb.com/rooms/32011367	Orchard, ID 83625	44.06820	-114.74204	4.5	SLEEPING IN A POTATO. No, really. 6-ton promo potato from the Idaho Potato Commission. Queen bed, vinyl records, mini fridge, silo bathroom with a starry sky. 400-acre farm with Dolly the Jersey cow. 30 min from Boise. Airbnb - book months in advance! For 2 people. Instagram gold.
Birch Creek Petroglyphs	Idaho	USA	Historic		Planning	https://www.blm.gov	Birch Creek Valley, Leadore, ID 83464	44.29747	-113.11050	4.2	Ancient petroglyphs in a remote valley. BLM managed. FREE but remote. Leadero region - beautiful in combination with the Salmon River route. Summer access most reliable (unpaved road). Little-known gem for prehistory enthusiasts.
Boat Box Hot Springs	Idaho	USA	Nature		Planning	https://www.fs.usda.gov	SH-75 near Stanley, ID 83278	44.21598	-114.93011	3.6	Literally a BOAT converted into a hot spring tub! Fits only 2 people - romantic and intimate. Right along the road next to the Salmon River. FREE. Clothing optional, customary here. Stanley region. Go early or wait - but worth it!
Bogus Basin Mountain Recreation Area - Boise	Idaho	USA	Entertainment/sports		Planning	https://bogusbasin.org	2405 Bogus Basin Rd, Boise, ID 83702	43.64151	-116.20868	4.5	Boise's own ski resort! 45 min from the center. Summer: mountain biking, scenic tram, hiking. Winter: day skiing for locals. Not on Ikon, but good for a day trip. Known as 'Bogus' by locals. Charming.
Bruneau Dunes State Park	Idaho	USA	Nature		Planning	https://parksandrecreation.idaho.gov	27608 Sand Dunes Rd, Bruneau, ID 83604	42.90687	-115.71508	4.5	Largest freestanding sand dunes in North America! 470 feet high. Desert campground. Star observatory on site. Lake for swimming and fishing. Near Bruneau, South Idaho. At night: the best night skies in Idaho. America the Beautiful Pass.
Burke Ghost Town	Idaho	USA	Ghost Town		Planning	https://www.wallaceidaho.com	Burke Canyon Rd, Wallace, ID 83873	47.52889	-115.76499	3.4	Mining town built in a canyon SO NARROW that the train ran through the hotel! The railway line literally ran through the lobby of the Tiger Hotel. Boomed as a silver/lead mine in the late 1800s. 10 min drive from Wallace. Abandoned buildings are still standing. Time range: summer best access.
Center of the Universe - Wallace	Idaho	USA	Bizarre		Planning	https://www.wallaceidaho.com	Bank St & 6th St, Wallace, ID 83873	47.47160	-115.92391	4.6	City Council OFFICIALLY DECLARED: Wallace = Center of the Universe. A manhole cover marks the exact spot on Bank Street. Someone tried to route I-90 through the city – they fought back! Wallace is also the 'Silver Capital of the World'. FREE. And meant absolutely seriously. Or not.
Cleo's Ferry Museum & Nature Trail	Idaho	USA	Bizarre		Planning	https://cleosferry.com	Melba, ID 83641	43.37544	-116.52901	4.8	Birdhouse-covered path, peacocks, animal sculptures AND a graveyard! A private owner spent years building this absurdist art park. Classic American folk art at its best. 30 min from Boise. Small but special. Call for opening hours - family-run.
Cowboy Muffler Man - Wendell	Idaho	USA	Bizarre		Planning	https://roadsideamerica.com	Intermountain Motor Homes, 1894 N Frontage Rd, Wendell, ID 83355	42.77125	-114.71560	4.5	22-foot-tall cowboy in a yellow shirt and gray hat! Standing at an RV dealer along I-84. Classic American roadside kitsch at its best. FREE. Quick stop along the highway. Wendell: otherwise nothing to do, but this is enough.
Craters of the Moon	Idaho	USA	Bizarre		Planning	https://www.nps.gov/crmo	1266 Craters of the Moon Loop, Arco, ID 83213	43.62686	-113.29559	4.8	Astronauts trained here for the moon – and you can see it! Lava tubes, cinder cones, volcanic landscape. Looks like something straight out of a sci-fi movie. National Monument + Preserve. America the Beautiful pass! Best time: May-Sept. Summers are HOT on the black lava.
Custer Ghost Town	Idaho	USA	Ghost Town		Planning	https://www.fs.usda.gov	Forest Rd 074, Stanley, ID 83278	44.21646	-114.92999	4.8	Gold rush mining town from 1879. Abandoned in 1910. One street, half a mile long. Empire Saloon still standing! 600 residents at its peak. Now: zero. Near Stanley. Sawtooth NRA manages it. Perfect combination with a visit to Redfish Lake.
Dog Bark Park Inn (Sweet Willy)	Idaho	USA	Bizarre		Planning	https://dogbarkparkinn.com	2421 Business US-95, Cottonwood, ID 83522	46.04884	-116.34526	4.8	30-foot-tall beagle! Formerly a B&B, now free to view. Dennis & Frances Conklin built this wooden marvel. Gift shop with hand-carved dog sculptures. No overnight stays since 2024 - but STOP PHOTOS! Cottonwood = small Idaho County sleep town. Worth it!
Elevated Ballooning - Driggs (Teton Valley)	Idaho	USA	Aviation		Planning	https://elevatedballooning.com	Driggs, ID 83422	43.72312	-111.11107		HOTAIR BALLOON over the Teton Mountains from the IDAHO side! Sunrise over the Tetons - literally breathtaking. Max 4 people per balloon - an intimate experience. Driggs is quieter than the Jackson Hole side. May-October. Champagne toast after landing. DO IT!
Elevation 486 - Twin Falls	Idaho	USA	Restaurant		Planning	https://elevation486.com	195 River Vista Place, Twin Falls, ID 83301	42.59787	-114.47765	4.6	Fine dining on the rim of the Snake River Canyon! The name refers to the difference in elevation of the canyon. Globally inspired cuisine, indoor + outdoor. 486 meters above the canyon floor = spectacular! Sunset dining here is unforgettable.
Emma's Cafe - Bosnian - Twin Falls	Idaho	USA	Restaurant		Planning	https://emmascafetf.com	Twin Falls, ID 83301	42.55584	-114.47005	4.8	Bosnian restaurant in Twin Falls - completely unexpected! Cevapi, stuffed cabbage rolls, pljeskavica (cheese-filled!) Vegetables from their own garden. Local meat. Twin Falls has a large Bosnian diaspora since the war in the 1990s. Baklava for dessert. Real, authentic, delicious.
Ernest Hemingway's Grave - Ketchum	Idaho	USA	Historic		Planning		Ketchum Cemetery, 100 Cemetery Rd, Ketchum, ID 83340	43.68713	-114.36667	4.7	Papa Hemingway chose Ketchum to die (1961). Simple, unadorned grave. A stark contrast to his life. Ketchum was his beloved Idaho retreat. Sun Valley is 2 km away – a nice combination. FREE. Contemplative. Serge: bring The Sun Also Rises.
Evel Knievel Snake River Jump Site	Idaho	USA	Bizarre		Planning	https://twinfallsidaho.org	500 Hankins Rd, Twin Falls, ID 83301	42.56986	-114.42074	4.4	On September 8, 1974, Evel Knievel attempted to jump across the Snake River Canyon. Rocket-powered Skycycle X-2. Parachute opened too early. Epic fail! He survived. The legend did not. Monument + commemorative plaque at the visitor service. FREE. Absolute MUST for road trip folklore.
Falls Inn - Priest River area	Idaho	USA	Restaurant		Planning	https://thefallsinn.com	Priest River, ID 83856	48.18074	-116.90936	4.7	Former US Forest Service ranger station as a restaurant! The water of Torrelle Waterfall runs UNDER the building. Sandwiches and pizzas with waterfall sounds. Near Priest Lake - Northern Idaho. One of Idaho's most unique restaurant locations.
Goldbug Hot Springs	Idaho	USA	Nature		Planning	https://www.fs.usda.gov/recarea/sawtooth/recreation/recarea/?recid=75613	US-93, mile marker 282, Salmon, ID 83467	45.17524	-113.89296	4.7	YOUR FAVORITE STYLE hot springs! Already done but deserves a spot. 6 waterfall-fed clothing-optional pools on BLM grounds. 3.6 mile round-trip hike, 270m elevation gain - well deserved! Mostly clothing-free crowd, everyone friendly. FREE. South of Salmon on US-93. Arrive early for parking.
Grand Teton Brewing - Victor	Idaho	USA	Brewery/Distillery		Planning	https://grandtetonbrewing.com	430 Old Jackson Hwy, Victor, ID 83455	43.59273	-111.10242	4.7	Idaho's Teton Valley craft beer - with 90% Idaho barley! Teton Range IPA uses Idaho 7 hops: unique aroma profile. Victor = quiet side of the Tetons (versus busy Jackson). Brewpub with food. Local atmosphere. Combine with Elevated Ballooning in Driggs!
Hells Canyon	Idaho	USA	Nature		Planning	https://www.fs.usda.gov/hellscanyon	Oxbow, OR/Riggins, ID 83549	45.42002	-116.31632	4.3	DEEPEST canyon in North America! Deeper than the Grand Canyon. 8,043 feet deep at the deepest point. Whitewater rafting, jet boat tours, hiking. Riggins is the Idaho gateway town. Cannot be seen by car - boat or helicopter required.
Home	Idaho	USA	Hotel		Planning			43.57821	-116.16818	4.3	Our Starting Point
Idaho Balloon Adventures - Eagle	Idaho	USA	Aviation		Planning	https://idahoballoonadventures.com	Eagle, ID 83616	43.77370	-116.38058	4.9	Sunrise balloon ride over Treasure Valley! Municipal: Boise area, Snake River plain. Private and shared flights. Champagne landing. 1-hour flight, morning departure. Book in advance - weather permitting. Kids from 5 years old.
Idaho Potato Museum	Idaho	USA	Museum		Planning	https://idahopotatomuseum.com	130 NW Main St, Blackfoot, ID 83221	43.18955	-112.34366	4.5	Temple for the potato! World's largest potato chip. Build your own Mr. Potato Head. Potato signed by a VP! Free baked potato upon entry. Seriously. Blackfoot is 30 min from Idaho Falls. A MUST-VISIT! 'We take our potatoes seriously' - and how!
Idaho White Rose - Post Falls (lifestyle club)	Idaho	USA	Naturist		Planning	https://idahowhiterose.com	Post Falls, ID 83854	47.71796	-116.95159		Inland Northwest's premier lifestyle club! Post Falls = 30 min from Coeur d'Alene. Safe, clean, sexy, and judgment-free. Couples and select single females. Events schedule online. Find us via Kasidie. Reserve via website.
Johnny Sack Cabin	Idaho	USA	Nature		Don't Skip		4598 S Big Springs Loop Rd, Island Park, ID 83429, USA	44.50026	-111.25498	4.8	
Kirkham Hot Springs	Idaho	USA	Nature		Planning	https://www.fs.usda.gov	Forest Rd 582, Garden Valley, ID 83622	44.18337	-115.96059	4.7	FREE wild hot springs in a river gorge! Springs flow directly into the South Fork Payette River. Some sections are also accessible in winter. Garden Valley, 1.5 hours from Boise. Idaho's most popular hot springs. Come early!
Koenig Distillery & Winery - Caldwell	Idaho	USA	Brewery/Distillery		Planning	https://koenigdistillery.com	20928 Grape Ln, Caldwell, ID 83605	43.58219	-116.81200	5	Idaho's leading potato vodka and wine! The farm-to-glass potato processing is fascinating. Wineries in the Treasure Valley – unexpectedly good. Caldwell, 30 min from Boise. Free tasting with a small entrance fee.
Last Stoplight on I-90 - Wallace	Idaho	USA	Bizarre		Planning	https://www.wallaceidaho.com	Bank St, Wallace, ID 83873	47.47160	-115.92568	5	The LAST traffic light on Interstate 90 was in Wallace! Removed in 1991 to build a tunnel. The city CELEBRATED this as a cultural monument. Now a replica as a tourist attraction. Wallace: the city that held the government back. RESPECT.
Lava Hot Springs	Idaho	USA	Nature		Planning	https://lavahotsprings.com	430 E Main St, Lava Hot Springs, ID 83246	42.61948	-112.00638	4.7	Natural geothermal springs of 38-46°C! City pools, private springs, Olympic pool. Little resort town with vintage charm. Warm all year round. Combo with Downtown Hot Springs. Idaho's ultimate relaxation after the skiing phases. Highly recommended!
Leku Ona Basque Restaurant - Boise	Idaho	USA	Restaurant		Planning	https://lekuona.com	117 S 6th St, Boise, ID 83702	43.61402	-116.20181	4.2	AUTHENTIC Basque cuisine in the heart of Boise! An unexpected culinary adventure: txistorra, kokotxas, porrusalda. At the famous Basque Block. Boise = the largest Basque expat community outside of Spain. Els: here you feel like you're in Bilbao for a moment. Almost.
Lionhead Natural Water Slides	Idaho	USA	Nature		Planning	https://fs.usda.gov	Coolin, ID 83821	48.47964	-116.84946	4.5	FREE natural rock slides in the forests of North Idaho! Hidden gem – accessible only via a hiking trail. Cold stream water. Mountain setting. No crowds of tourists. Priest Lake region. Summer only. Bring: swimwear, water sandals, and a sense of adventure.
Lower Mesa Falls Observation Site	Idaho	USA	Nature		Don't Skip		Forest Rd 348, Ashton, ID 83420, USA	44.17513	-111.31459	4.8	
Map Rock Petroglyph Site	Idaho	USA	Historic		Planning	https://www.blm.gov	Map Rock Rd, Melba, ID 83641	43.38485	-116.64587	4.3	12,000 years old! Prehistoric map of the Upper Snake River. Hunter-gatherers carved into the river, landscapes, and routes. Nationally Significant petroglyph site. Managed by the BLM. FREE. Outside Melba, 30 min from Boise. Visit early in the morning – best light.
Mesa Falls Visitor Center	Idaho	USA	Nature		Don't Skip		Upper Mesa Falls Rd, Ashton, ID 83420, USA	44.18779	-111.32783	4.7	
MickDuff's Brewing - Sandpoint	Idaho	USA	Brewery/Distillery		Planning	https://mickduffs.com	220 Cedar St, Sandpoint, ID 83864	48.27638	-116.54992	4.4	Sandpoint microbrewery on Main Street! Huckleberry Wheat beer: typical Idaho flavor. Fresh pub food + beer menu with 10+ taps. Sandpoint = beautiful city on Lake Pend Oreille. Combine with Schweitzer Mountain and the lake.
Milner's Gate - Twin Falls	Idaho	USA	Restaurant		Planning	https://milnersgate.com	205 Shoshone St N, Twin Falls, ID 83301	42.55688	-114.46921	4.5	Industrial-chic tri-level pub in Twin Falls center. Reinvented American pub food: good quality. Craft beer, cocktails, extensive menu. Modern look in a historic building. Local favorite. Casual atmosphere.
Museum of Clean	Idaho	USA	Museum		Planning	https://museumofclean.com	711 S 2nd Ave, Pocatello, ID 83201	42.85960	-112.44176	4.7	A MUSEUM about cleaning. No, we aren't crazy. 70,000 objects: vacuum cleaners, laundry detergent commercials, brooms through the ages. Founded by Don Aslett, America's 'Mr. Clean'. A completely absurd concept, brilliantly executed. Pocatello. Unique. Funny. Go!
Niagara Springs - Wendell	Idaho	USA	Nature		Planning	https://parksandrecreation.idaho.gov	Wendell, ID 83355	42.77574	-114.70422		IMPRESSIVE waterfall in the cliffs of Snake River Canyon! Crystal-clear spring erupts from the lava rock face. FREE. Small state park. Beautiful in combination with Balanced Rock. Near Wendell along I-84. Little visited. Unexpectedly beautiful.
Northwest Passage Scenic Byway (US-12)	Idaho	USA	Scenic Route		Planning	https://visitidaho.org	US-12 tussen Lewiston en Lolo Pass, ID	46.42519	-117.00032		Lewis & Clark route! Follows the Clearwater + Lochsa Rivers. Drive through the Clearwater National Forest. 202 miles from Lewiston to the Montana border. Ravers and fishing waters along the way. Autumn colors are extraordinary. Sometimes narrow and winding.
Oasis Bordello Museum - Wallace	Idaho	USA	Bizarre		Planning	https://www.wallacebordellomuseum.com	605 Cedar St, Wallace, ID 83873	47.47263	-115.92353	4.6	Last brothel in Idaho closed in 1988 - by the FBI! Still completely intact: rooms, 'work clothes', diaries. Interviewed sex workers described the atmosphere in detail. Wallace had 5 officially tolerated brothels until the 1980s! Run by the grandson of an owner. HISTORICAL AND SHAMELESS.
Old Idaho State Penitentiary	Idaho	USA	Historic		Planning	https://history.idaho.gov/old-idaho-pen	2445 Old Penitentiary Rd, Boise, ID 83712	43.60279	-116.16200	4.8	Prison built by the prisoners themselves (1870-1973). Riots, fire, real criminals. Closed after major riots in 1973. Self-guided tours of cells and punishment chambers. Boise's most haunted attraction. Locals just call it 'The Pen'. Highly recommended.
PATRIOT Motorsport Adventures - St.Anthony Sand Dune Rentals	Idaho	USA	Entertainment		Don't Skip		867 Red Rd, St Anthony, ID 83445, USA	44.00930	-111.77963	4.9	
Payette Brewing - Boise	Idaho	USA	Brewery/Distillery		Planning	https://payettebrewing.com	733 S Pioneer St, Boise, ID 83702	43.61341	-116.21548	4.6	Boise's most famous craft brewery! Award-winning IPAs. Nat 20 Session IPA: local favorite. Large taproom with terrace. On-site food trucks. Garden City/Boise border – popular neighborhood. Great American Beer Festival medal winners.
Perrine Memorial Bridge	Idaho	USA	Historic		Don't Skip		Jerome, ID 83338, USA	42.60081	-114.45359	4.8	
Pilgrim's Market - Coeur d'Alene	Idaho	USA	Restaurant		Planning	https://pilgrimsmarket.com	1316 N 4th St, Coeur d'Alene, ID 83814	47.68747	-116.78005	4.7	Gourmet deli + restaurant with organic, local food. Yak burger is the local legend. Organic and vegan options. Juice bar, handmade ice cream, hot soup bar. Coeur d'Alene alternative foodie spot. Good value for money. Healthy and tasty.
Ponderosa Pine Scenic Byway (SH-21)	Idaho	USA	Scenic Route		Planning	https://visitidaho.org	SH-21 tussen Boise en Stanley, ID	43.54304	-116.12939	5	130 miles from Boise through gold-dumping history to Sawtooth. Idaho City en route: gold rush town with panning for gold. Boise National Forest canopies of Ponderosa pines. Lowman: hot springs access and rest. Autumn: MAGNIFICENT spectacle of colors.
Redfish Lake	Idaho	USA	Nature		Planning	https://www.fs.usda.gov/sawtooth	Redfish Lake Rd, Stanley, ID 83278	44.15840	-114.90714		One of Idaho's most beautiful lakes. Seriously special. Sawtooth Mountains reflected in turquoise water. Fjord-like canyon lake. Campsites, kayak rentals. Salmon swim upstream here (heroic - 900 km!). Stanley: 1,000 inhabitants at 1,900 m. COLD at night!
Riverside Hot Springs Inn & Spa - Lava Hot Springs	Idaho	USA	Hotel		Planning	https://riversidehotsprings.com	280 E Main St, Lava Hot Springs, ID 83246	42.61941	-112.01584	4.3	Hotel with private geothermal hot spring pools! Right on the Portneuf River. Adults Only resort. Romantic and quiet. Lava Hot Springs walk-bare-feet-town atmosphere. Book well in advance of the season. Sometimes only $100/night!
Robert Limbert Visitor Center	Idaho	USA	Nature		Don't Skip		1266 Craters Loop Road, Arco, ID 83213, USA	43.46206	-113.56173	4.7	
Sawtooth National Recreation Area	Idaho	USA	Nature		Planning	https://www.fs.usda.gov/sawtooth	Star Route, Ketchum, ID 83340	43.68074	-114.36366	4.8	756,000 acres of wild mountain landscape. 40 peaks above 3,000m. Redfish Lake - turquoise water, sawtooth backdrop. ICONIC. Hiking, fishing, kayaking, campgrounds. Sun Valley + Ketchum are the gateway. The America the Beautiful pass works here. An absolute must in summer.
Sawtooth Scenic Byway (SH-75)	Idaho	USA	Scenic Route		Planning	https://visitidaho.org	SH-75 tussen Shoshone en Stanley, ID	42.94151	-114.40494	4.8	116 miles through the heart of the Sawtooth NRA. Galena Summit: a view that makes you forget to breathe. Ketchum, Sun Valley, and Stanley along the route. Following the Salmon River at the end: epic. Best time to drive: June–Oct. Winter weather is unpredictable.
Schweitzer Mountain Resort - Sandpoint	Idaho	USA	Entertainment/sports		Planning	https://schweitzer.com	10000 Schweitzer Mountain Rd, Sandpoint, ID 83864	48.36738	-116.62341	4.6	Northern Idaho's largest ski resort. On Ikon Pass! 2,900 acres. View over Lake Pend Oreille = WOW. Sandpoint: one of Idaho's most beautiful towns. Summer: gondola open for hikers and mountain bikers. Perfect after a visit to Coeur d'Alene.
Shaddow Domain - Idaho Falls	Idaho	USA	Bizarre		Planning	https://shaddowdomain.com	Idaho Falls, ID 83402	43.49266	-112.04075	4.9	Shop + museum full of curiosities and artifacts! Horror theme, vintage kitsch, strange collections. Idaho Falls' most mysterious establishment. Small, dark, fascinating. Think Weird Museum light. Combines well with the Potato Museum route.
Shoshone Bird Museum of Natural History	Idaho	USA	Museum		Planning	https://shoshonebirdmuseum.org	323 S Rail St W, Shoshone, ID 83352	42.93650	-114.41062	4.5	Private museum with 4,000+ stuffed birds! Three generations of the Young family built this. Next to the Mammoth Cave, which they discovered themselves. 100% family-built and managed. Shoshone = small town, big taxidermy adventure.
Shoshone Falls	Idaho	USA	Nature		Planning	https://tfid.org/shoshone-falls	4155 Shoshone Falls Grade, Twin Falls, ID 83301	42.59186	-114.40004	4.8	NIAGARA OF THE WEST - and actually 45 feet HIGHER than Niagara! 212 feet high, 900 feet wide at Snake River. Best visited: spring (snowmelt) - spectacular volume. Summer: less water but always beautiful. Twin Falls day trip essential. State park entrance.
Shoshone Ice Caves	Idaho	USA	Bizarre		Planning	https://shoshoneicecaves.com	1674 Hwy 75, Shoshone, ID 83352	42.94768	-114.40428	4.5	1,000-foot lava tube with ice - all year round! Temperature: -8 to 0°C. In the summer! Bring a coat. Known as 'spooky' - footsteps and voices heard. Indian princess Edahow buried here? No one knows. Most visited: May-Sept. Next to Craters of the Moon!
Skydive Sun Valley	Idaho	USA	Aviation		Planning	https://skydivesunvalley.com	Hailey Airport, 803 Airport Rd, Hailey, ID 83333	43.50961	-114.30486	4.2	Tandem skydive over the Sawtooth Mountains! Hailey Airport next to Sun Valley resort. Drops from 15,000 feet. 60-second free fall. Sawtooth panorama from the air = surreal. Summer only. Book early in the season.
Soda Springs Geyser (Controlled)	Idaho	USA	Bizarre		Planning	https://www.soda-springs.com	272 W 2nd S, Soda Springs, ID 83276	42.65515	-111.61506	4.5	THE ONLY controlled geyser in the world! Timered. Goes off every hour. Warm spring water gushes upwards. Accidentally drilled in 1937 during swimming pool construction. FREE to see from the parking lot. Soda Springs = charming little carbonate water town.
Spirit of Boise Balloon Classic	Idaho	USA	Festival		Planning	https://spiritofboise.com	Ann Morrison Park, 1000 Americana Blvd, Boise, ID 83702	43.61091	-116.22055	4.7	Annual balloon festival in Ann Morrison Park, Boise! Last weekend in August. Morning launches + Nite Glow Spectacular. Dozens of balloons. Free to watch. Since 1991. One of Boise's most beloved events. If the timing is right (Aug): ABSOLUTELY catch it!
SpringHill Suites by Marriott Idaho Falls	Idaho	USA	Hotel		Don't Skip		665 River Walk Dr, Idaho Falls, ID 83402, USA	43.49207	-112.04667	4.6	
SpringHill Suites by Marriott Island Park Yellowstone	Idaho	USA	Hotel		Don't Skip		4292 US-20, Island Park, ID 83429, USA	44.50014	-111.33608	4.5	
SpringHill Suites by Marriott Rexburg	Idaho	USA	Hotel		Don't Skip		1177 S Yellowstone Hwy, Rexburg, ID 83440, USA	43.80188	-111.80954	4.4	
Sun Meadow Resort - Worley	Idaho	USA	Naturist		Planning	https://sunmeadowresort.com	Worley, ID 83876	47.40074	-116.91712	4.7	AANR naturist resort in North Idaho forest pines! 75 acres. Two pools (indoor + outdoor) + large spa. Western Naturist Gathering location. Family-friendly. Completely cloth-free: everyone join in! Near Coeur d'Alene. Camping + lodge rooms.
Sun Valley Resort ⛷️ Ikon	Idaho	USA	Ski Resort		Planning	https://www.sunvalley.com	1 Sun Valley Rd, Sun Valley, ID 83353	43.69419	-114.35424	4.7	Ikon Pass: 7 DAYS. Ski trip starting point! Dollar Mountain = BEST place for beginners in the Northwest. Treeless, wide, quiet, and separated from the main mountain. Serge: Bald Mountain = beautiful bowls + groomed runs. Town Ketchum = more affordable than Sun Valley Village itself. Book lessons for Els immediately upon arrival!
Sun Valley Ski Resort	Idaho	USA	Entertainment/sports		Planning	https://sunvalley.com	Sun Valley Rd, Sun Valley, ID 83353	43.69632	-114.35633	4.7	IKON PASS! America's first chairlift (1936). Bald Mountain. 7 lifted days included on Ikon. Dollar Mountain for beginners. Warren Miller filmed here for decades. Sun Valley: glamour + authentic mountain town mix. Ketchum next door. Hemingway's favorite hangout.
Sunbeam Hot Springs	Idaho	USA	Nature		Planning	https://www.fs.usda.gov	US-75, near Sunbeam, ID 83278	44.27102	-114.73424	4.6	Geothermal springs flowing directly into the Salmon River! Natural stone pools on the riverbank. FREE. Clothing-optional atmosphere (remote location). Near Stanley – combine with Redfish Lake and Sawtooth drives. Accessible in winter too – contrast of warm water and snow!
The Cedars Floating Restaurant - Coeur d'Alene	Idaho	USA	Restaurant		Planning	https://thecedarsrestaurant.com	1 Marina Dr, Coeur d'Alene, ID 83814	47.68003	-116.80446	4.5	The region's only FLOATING restaurant! 1.2 million pound artificial island on the Spokane River head. Prime rib and fresh fish are the stars. Surrounding Coeur d'Alene lake views. Reserve. Unique concept, solid food.
The Limelight Hotel - Ketchum/Sun Valley	Idaho	USA	Hotel		Planning	https://limelighthotels.com/ketchum	151 S Main St, Ketchum, ID 83340	43.51870	-114.31502	4.5	Boutique hotel in the heart of Ketchum/Sun Valley. Skiers' favorite with a modern mountain aesthetic. Walking distance from the Hemingway bar (Sun Valley Lodge). Winter: premium prices. Off-season: more affordable. Mountain modern design, good service.
The Warehouse - Boise (lifestyle club)	Idaho	USA	Naturist		Planning	https://the-warehouseboise.com	Boise, ID 83702	43.66244	-116.16304	4.4	Treasure Valley's only private lifestyle social club! Kink and swingers. BYOB facility. Themed nights: Rainbow Rave, Pineapple Nights, etc. Members-only: vetting required via website. 18+. Dress code. Consent-first policy. Pre-registration required.
Turf Club Twin Falls	Idaho	USA	Restaurant		Planning	https://www.turfclubtwinfalls.com	195 River Vista Place, Twin Falls, ID 83301	42.59787	-114.47765	4.5	Fine dining WITH a hidden speakeasy bar! Snake River Canyon view. Reimagined steakhouse classics. Seasonal local produce. Speakeasy: behind a secret door in the lounge! Book in advance. The Canyon side is the most beautiful. One of Idaho's best restaurant concepts.
Wallace Brewing Company - Wallace	Idaho	USA	Brewery/Distillery		Planning	https://wallacebrewing.com	610 Bank St, Wallace, ID 83873	47.47145	-115.92321	4.6	Microbrewery in the heart of the historic silver city of Wallace! RedLight Irish Red Ale + 1910 Black Lager are top choices. No in-house kitchen – but The 1313 Club is next door. 1313 Club: poutine is legendary. Combine with the Center of Universe and Bordello Museum!
Warfield Distillery & Brewery - Ketchum	Idaho	USA	Brewery/Distillery		Planning	https://warfieldbrewery.com	220 N Main St, Ketchum, ID 83340	43.68050	-114.36355	4.2	Brewery + distillery combination in the Sun Valley region. Ketchum's hippest spot. Local crowd and skiers. House spirits + craft beer. No choice needed! Combo with Hemingway's grave for a themed day. Open year-round. Mountain town charm.
Weir Creek Hot Springs	Idaho	USA	Nature		Planning	https://www.fs.usda.gov	Lochsa River Rd, Kooskia, ID 83539	46.14377	-115.98479	4.2	Hidden hot springs ALONG the Lochsa River! Short and easy trail (< 1 mile). Clothing-optional atmosphere. Near the Northwest Passage Scenic Byway (US-12). Lochsa River = famous whitewater + wild nature. FREE. Good alternative to Goldbug style.
Yellowstone Bear World	Idaho	USA	Theme Park		Don't Skip		6010 S 4300 W, Rexburg, ID 83440, USA	43.73883	-111.86583	4.5	
Yellowstone Zone of Death (ID kant)	Idaho	USA	Bizarre		Planning	https://www.nps.gov/yell	Zone of Death Trailhead, Island Park, ID 83429	44.42422	-111.37096		Legal TRAP: 50 km² Idaho side of Yellowstone. Due to federal jury requirements, murder can go unpunished here! Constitutional vacuum discovered by law professors. Never tested. Fortunately. FREE entry. Feeling a bit anxious is normal.
Al's #1 Italian Beef - Chicago	Illinois	USA	Restaurant		Planning	https://alsbeef.com	1079 W Taylor St, Chicago, IL 60607	41.86931	-87.65402		Inventor of the CHICAGO ITALIAN BEEF sandwich (1938)! Dip your bun in the cooking liquid. 'Wet' or 'dry' is the choice. Taylor Street, Little Italy. Legendary address. Guaranteed queue. Cash register on the outside. The Bear TV series made this dish cool again. But Al's was there first.
Alinea - Chicago	Illinois	USA	Restaurant		Planning	https://alinearestaurant.com	1723 N Halsted St, Chicago, IL 60614	41.91343	-87.64806		3 Michelin stars. Molecular gastronomy theater. Grant Achatz: food as art-performance. 16-22 courses. Wednesday-Sunday. Reservations required months in advance. WORLD'S best restaurant in various rankings. For a special occasion: birthdays in 1969 perhaps?
American Oddities Museum - Alton	Illinois	USA	Museum		Planning	https://americanodditiesmuseum.com	301 Piasa St, Alton, IL 62002	38.93541	-90.14014		Stuffed 'mermaid', vampire coffin, hundreds of bizarre objects! Private museum of pure roadside curiosities. Alton = Illinois' most bizarre town (also the most 'haunted'). Serious competition for Ripley's, but local and authentic. Combine with Wadlow Statue for Alton Day.
Anderson Japanese Gardens - Rockford	Illinois	USA	Nature		Planning	https://andersongardens.org	318 Spring Creek Rd, Rockford, IL 61107	42.28927	-89.05883		Best Japanese garden outside Japan – according to the experts! Designed by Hoichi Kurisu. Waterfalls, teahouse, rock formations. Rockford, 90 min from Chicago. Spring: cherry blossoms. Summer: lush greenery. Japanese culture workshops all year round.
Bishop Hill Swedish Colony	Illinois	USA	Historic		Planning	https://bishophillil.com	Bishop Hill, IL 61419	41.19792	-90.11441		Utopian Swedish religious community founded in 1846! The entire village is now a historic landmark. Swedish shops, artisans, P.L. Johnson's restaurant. Bishop Hill: 125 inhabitants. Completely out of this world. Christmas here = magical Scandinavian idyll.
Blue Lake Resort - Erie	Illinois	USA	Naturist		Planning	https://bluelakeresort.org	Erie, IL 61250	41.65642	-90.07929		Illinois' ONLY AANR-affiliated naturist resort! 20 acres in Rock River Valley, NW Illinois, 2 hours from Chicago. Swimming lake, jacuzzi, volleyball, camping + rooms. NOT clothing-optional - full nudity mandatory! (Practically Belgian.) May through October. Book in advance. +1-309-507-6897.
Cahokia Mounds UNESCO	Illinois	USA	Historic		Planning	https://cahokiamounds.org	30 Ramey St, Collinsville, IL 62234	38.65492	-90.05920		Prehistoric city larger than medieval London! 20,000+ inhabitants between 700-1400 AD. UNESCO World Heritage Site. 80 earthen mounds surrounding a large square. Woodhenge. FREE! Visitor center with explanations. Collinsville, just outside St. Louis. Most underrated site in the US.
Casey World's Largest Things	Illinois	USA	Bizarre		Planning	https://seecasey.org	Casey, IL 62420	39.29920	-87.99253		One small town - TWELVE world's largest records! Giant rocking chair (56ft), barber pole, golf ball, key, corn fork... All invented by one man: Jim Bolin. Casey's Casey Welcome Center provides a map of all locations. FREE. Route I-70 Exit 129. Allow 2 hours. ABSOLUTELY DO IT!
Chicago Architecture Helicopter Tour	Illinois	USA	Aviation		Planning	https://airchicago.com	Midway Airport, Chicago, IL 60638	41.78678	-87.75219		Helicopter over Chicago's iconic skyline! Lake Michigan, Millennium Park, Navy Pier from above. Departure from Midway or Meigs Field area. Various operators available. Sunset flight = absolute top photos for @roamingbonbons.
Chicago Riverwalk	Illinois	USA	Nature		Planning	https://www.chicago.gov/riverwalk	Wacker Dr & Michigan Ave, Chicago, IL 60601	41.88831	-87.62443		1.25-mile promenade along the Chicago River in the city center! Kayak rentals, restaurants, art, fountains. FREE walking. Architecture tours depart from here. Best view of the Chicago skyline: Riverwalk sunset. Combine with the Architecture Boat Tour for a complete river experience.
Chicago Skydeck - Willis Tower	Illinois	USA	Aviation		Planning	https://theskydeck.com	233 S Wacker Dr, Chicago, IL 60606	41.87880	-87.63650		412 meters high on protruding glass balconies! Skydeck Chicago on the 103rd floor. View of 4 states. Glass floor-balconies: literally AIR under your feet. Sears Tower = Willis Tower. Formerly the tallest building in the world. Book online. Avoid rush hour.
Cross at the Crossroads - Effingham	Illinois	USA	Bizarre		Planning	https://crossusa.org	I-57 & I-70, Effingham, IL 62401	39.14807	-88.51410		198-foot-tall METAL CROSS - just barely no FAA permit required! 'Cross at the Crossroads': exactly 1 foot below the aviation limit. Visible from the I-57 and I-70 intersection. FREE. Effingham, central Illinois. Whether you are religious or not - it is impressive.
Fermilab - Batavia	Illinois	USA	Museum		Planning	https://www.fnal.gov/pub/visiting	Pine St, Batavia, IL 60510	41.84064	-88.27957		Particle accelerator where the Higgs boson was almost discovered! Freely accessible grounds with a herd of buffalo on the lawn. Wilson Hall observation deck: free. Visitor center with explanations. Batavia, 45 min from Chicago. Where quantum physics and bison become friends.
Friends Night Out (FNO) - Aurora/Chicago	Illinois	USA	Naturist		Planning	https://www.friendsnightout.com	Aurora, IL 60505	41.75799	-88.29477		Private members-only lifestyle club in the Chicago area! On-premise and off-premise events. BYOB facility. Aurora location. Theme nights, mixers. Vetting via website required. More of an 'adult social club' style than a hard swinger club.
Garden of the Gods - Shawnee	Illinois	USA	Nature		Planning	https://www.fs.usda.gov/shawnee	Garden of the Gods Rd, Herod, IL 62947	37.60156	-88.37526		Spectacular sandstone rock formations in Southern Illinois! Millions of years of erosion. Hiking trails between the rocks. Shawnee National Forest. FREE. America the Beautiful pass. Herod, the southernmost tip of Illinois – another world. Spring and autumn: perfect weather conditions.
Gemini Giant Muffler Man - Wilmington	Illinois	USA	Bizarre		Planning	https://roadsideamerica.com	810 E Baltimore St, Wilmington, IL 60481	41.31059	-88.13855		Astronaut Muffler Man with rocket - along Route 66! Gemini Giant (1965) at the Launching Pad Drive-In. Classic fiberglass Muffler Man converted into an astronaut. Wilmington, Route 66, I-55. FREE photo stop. Iconic image of the Space Race era Americana.
Girl & the Goat - Chicago	Illinois	USA	Restaurant		Planning	https://girlandthegoat.com	800 W Randolph St, Chicago, IL 60607	41.88467	-87.64765		Stephanie Izard's James Beard Award restaurant! Serves small plates full of creative flavors. Everything wood-fired. West Loop restaurant row. Warm, busy, delicious. Book far in advance—months sometimes. Top Chef winner. Goat dishes are the star. Amazing.
Goose Island Salt Shed BrewPub - Chicago	Illinois	USA	Brewery/Distillery		Planning	https://www.gooseisland.com/saltshedpub	1221 W Blackhawk St, Chicago, IL 60642	41.91376	-87.65452		Chicago's most famous craft brewery! Bourbon County Stout. Clybourn Ave taproom: original location since 1988. Brewery tours available. Barrel aging program. Bourbon County Stout = annual event (Black Friday release). Now part of AB InBev, but has remained top quality.
Green Mill Jazz Club - Chicago	Illinois	USA	Entertainment		Planning	https://greenmilljazz.com	4802 N Broadway, Chicago, IL 60640	41.96920	-87.65999		Al Capone's FAVORITE speakeasy - now a legendary jazz club! Opened in 1907. Capone had his own table with a view of both doors. Still live jazz every night. Uptown neighborhood. Sundays: Poetry Slam (for over 35 years!). One of the best-preserved authentic jazz venues in the US.
Haymarket Pub & Brewery - Chicago	Illinois	USA	Brewery/Distillery		Planning	https://www.haymarketbeer.com/	737 W Randolph St, Chicago, IL 60661	41.87894	-87.64766		Haymarket Pub & Brewery in the Pilsen Corridor! Beers brewed after Chicago labor history. Haymarket Riot (1886) = theme. Historic and tasty. Large taproom. Pub food. Politically conscious beer. Pilsen neighborhood: Chicago's Mexican-American cultural heart.
Hippie Memorial - Arcola	Illinois	USA	Bizarre		Planning	https://roadsideamerica.com	Arcola, IL 61910	39.68476	-88.30644		Bob Moomaw's conceptual anti-Reagan monument full of 60s memorabilia! Scooters, murals, hippie paraphernalia, Volkswagen vans. Private property, but visible from the road. Arcola: also known as the 'Broomcorn Capital of the World'. FREE. Early in the morning for the best light.
Kaskaskia Dragon - Vandalia	Illinois	USA	Bizarre		Planning	https://roadsideamerica.com	Vandalia, IL 62471	38.96060	-89.09368		11-meter metal dragon that REALLY breathes FIRE! Coins in the slot = dragon blows flames. Spectacular! Vandalia, central Illinois. FREE to see, pay for fire. Under a bridge along the road. Don't underestimate it. Kids go completely wild. So do we.
Koval Distillery - Chicago	Illinois	USA	Brewery/Distillery		Planning	https://koval-distillery.com	5121 N Ravenswood Ave, Chicago, IL 60640	41.97507	-87.67421		Chicago's FIRST micro-distillery after Prohibition (2008)! Organic grains, single barrel. Whiskey, gin, liqueurs. Ravenswood, Chicago North. Tours + tastings. Winner of international awards. Owners are former ethics professors! Pure story.
Leaning Tower of Niles	Illinois	USA	Bizarre		Planning	https://www.niles-library.org	6300 W Touhy Ave, Niles, IL 60714	42.01325	-87.78391		94-foot-tall REPLICA of the Leaning Tower of Pisa - in Illinois! Built in 1934 as decoration for a swimming pool. Seriously. Niles, northern Chicago suburb. FREE to view. No line (this isn't Italy). Even more crooked than the original in some photo angles.
Lifestyle Playtime - Chicago	Illinois	USA	Naturist		Planning	https://www.lifestyleplaytime.com	Chicago, IL 60601	41.88399	-87.61971		Chicago's premium swingers event organizer! Private venue in the Chicago area. Couples and select singles. Theme events, couples' nights, parties. Register via website + vetting. The Chicago lifestyle scene is active and well-organized.
Lou Mitchell's - Chicago	Illinois	USA	Restaurant		Planning	https://loumitchellsrestaurant.com	565 W Jackson Blvd, Chicago, IL 60661	41.87783	-87.64214		Breakfast legend since 1923 - Route 66 starting point! Free Milk Duds upon entry. Free donut for ladies. Marble rye toast + egg dish + coffee = Chicago morning. Jackson Blvd, close to the Route 66 start. Wait in line. Cash recommended. Pure nostalgia.
Luna Café - Granite City	Illinois	USA	Restaurant		Planning	https://lunacaferoute66.com	201 E Chain of Rocks Rd, Granite City, IL 62040	38.76191	-90.08879		Al Capone's Route 66 hangout – now a restaurant! Opened in 1924. Capone had a secret meeting room there. Dishes named after gangsters. Themed menu. Route 66 museum atmosphere while you eat. Granite City, just across the St. Louis Bridge.
Metropolis Superman Museum	Illinois	USA	Bizarre		Planning	https://www.supermuseummetropolis.com	517 Market St, Metropolis, IL 62960	37.15257	-88.73275		Superman's OFFICIAL hometown - Illinois declared it law! 15-foot-tall Superman bronze statue in the town square. Super Museum: 70,000+ Superman items in one place. Local newspaper is called the 'Metropolis Planet'. Really. Right next to the Mississippi. Stop on the way to Kentucky.
Moonshine, Illinois	Illinois	USA	Bizarre		Planning	https://www.atlasobscura.com	Moonshine, IL 62445	39.17343	-88.31421		Town with 2 inhabitants and 1 building - but WORLD-FAMOUS citizens! Moonshine Store: open Friday + weekend. A place of pilgrimage for decades. In the middle of the absolute middle of nowhere in Illinois. 'Best burger in the state' - say visitors who drive there specifically. Call for opening hours. Cash. Small. Unforgettable.
Nine Mile Prairie - Springfield area	Illinois	USA	Nature		Planning	https://www.illinois.gov	Shawnee National Forest, Vienna, IL 62995	37.41533	-88.89784		Rim Rock + Pounds Hollow in Shawnee National Forest! Hiking trails through hills, forests, and waterfalls. Southern Illinois has a completely different character from the rest. FREE. Unpaved roads to the most beautiful spots. Autumn: beautiful foliage. Spring: wildflowers.
Oz Park - Chicago	Illinois	USA	Bizarre		Planning	https://www.chicagoparkdistrict.com/parks-facilities/oz-park	2021 N Burling St, Chicago, IL 60614	41.92100	-87.64516		City park COMPLETELY dedicated to the Wizard of Oz! Life-size bronze Dorothy, Tin Man, Cowardly Lion, Scarecrow. Lincoln Park neighborhood, Chicago. FREE. Charming and completely unexpected. Who expects an Oz temple in Chicago?
Pequod's Pizza - Chicago	Illinois	USA	Restaurant		Planning	https://pequodspizza.com	2207 N Clybourn Ave, Chicago, IL 60614	41.92195	-87.66435		Yelp's #1 pizza in the US 2024! Deep dish with a caramelized crust. The cheese melts on the edges = crispy + soft in one bite. Lincoln Park location + Morton Grove original. Wait in line. It is worth the wait. Seriously. Italian beef on the pizza: Chicago combination that changes your life.
Pink Elephant Antique Mall - Livingston	Illinois	USA	Bizarre		Planning	https://pinkelephantantiquemall.com	I-55 & Route 66, Livingston, IL 62058	39.01614	-89.74979		Giant pink elephant + ice cream stand + bizarre kitsch statues outside! Route 66 roadside classic at its absolute best. Inside: endless rooms full of vintage Americana. I-55, halfway between Springfield and St. Louis. FREE to view from the outside. Shopping costs whatever it takes.
Pizzeria Uno - Chicago	Illinois	USA	Restaurant		Planning	https://www.pizzeriauno.com	29 E Ohio St, Chicago, IL 60611	41.89229	-87.62690		Where deep dish pizza was INVENTED in 1943! Rudy Malnati Sr. came up with the recipe here. Historic. River North. Tourists come, locals sniff – but it is authentic. Order takes 45 min – pizza needs to bake. Patience! A historic must-do for every Chicago visitor.
Revolution Brewing - Chicago	Illinois	USA	Brewery/Distillery		Planning	https://revbrew.com	2323 N Milwaukee Ave, Chicago, IL 60647	41.92368	-87.69808		Chicago's largest independent craft brewery! Anti-Hero IPA = their icon. Various seasonal releases. Logan Square. Large taproom + full restaurant. Produce 100,000 kegs per year - truly huge. Milwaukee Avenue taproom = best atmosphere.
Robert Wadlow Statue - Alton	Illinois	USA	Bizarre		Planning	https://www.visitalton.com	College Ave & 5th St, Alton, IL 62002	38.90352	-90.14503		Life-size statue of the TALLEST man ever! Robert Wadlow (1918-1940): 2.72 m and still growing when he died. Bronze statue to his exact scale - shockingly large. Alton, Mississippi River. Free. Combine with the nearby American Oddities Museum.
Route 66 Corridor - Chicago to Springfield	Illinois	USA	Scenic Route		Planning	https://www.illinoisroute66.org	Adams St, Chicago tot Springfield, IL	39.80066	-89.64493		Starting point of the MOTHER ROAD: Chicago to Springfield! Adam Street in Chicago = official starting point of Route 66. Dwight, Pontiac, Bloomington, Lincoln, Springfield. Pontiac: free Route 66 Museum + Walldog murals. Note: follow the old 'alignment' for the true Route 66 atmosphere.
Shawnee Hills Wine Trail	Illinois	USA	Scenic Route		Planning	https://www.shawneewinetrail.com	Pomona, IL 62975	37.62811	-89.33676		16+ wineries in the rolling South of Illinois! Autumn: grape harvest + foliage = perfect combination. Some wineries also host festivals in September-October. Pomona, Alto Pass, Cobden - charming small communities. A good alternative to Napa if you are driving through Illinois anyway.
Superdawg Drive-In - Chicago	Illinois	USA	Restaurant		Planning	https://www.superdawg.com	6363 N Milwaukee Ave, Chicago, IL 60646	41.99678	-87.78703		Drive-in hotdog stand with stuffed animals on the roof since 1948! Maurice and Flaurie - hotdog couple look down on customers. Chicago-style hotdog: NEVER ketchup. Only mustard + vegetables. NW Chicago. Curb service the original way. American heritage at its most animalistic.
The Palmer House Hilton - Chicago	Illinois	USA	Hotel		Planning	https://www.palmerhousehiltonhotel.com	17 E Monroe St, Chicago, IL 60603	41.88031	-87.62674		Chicago's oldest hotel (1871) - rebuilt after the Great Chicago Fire! BIRTHPLACE of the chocolate brownie (1893)! Fabulous Loop lobby: frescoed ceilings, crystal chandeliers. Historic + luxury + central Loop location. Name: Palmer House. Visited before? Then a nostalgic return.
Volo Auto Museum	Illinois	USA	Museum		Planning	https://www.volocars.com	27582 Volo Village Rd, Volo, IL 60073	42.32703	-88.17121		500+ vintage cars + movie vehicles + celebrity cars! Batmobile, Ghostbusters Ecto-1, Back to the Future DeLorean. Creepy doll collection as a bonus. Harvest Hosts location. Volo, 1 hour north of Chicago. Kids and parents alike will go wild.
World's Largest Catsup Bottle	Illinois	USA	Bizarre		Planning	https://catsupbottle.com	800 S Morrison Ave, Collinsville, IL 62234	38.66244	-89.98206		170-foot-tall ketchup bottle as a roadside water tower! Built in 1949 as an advertisement for Brooks Catsup. Never demolished. Now protected as a historic landmark. Locals are proud of it. Collinsville, 15 min from St. Louis. Free photo stop. The Statue of Liberty for hot dog lovers.
Wrigley Rooftops B&B-stijl - Chicago	Illinois	USA	Hotel		Planning	https://wrigleyrooftops.com	3633 N Sheffield Ave, Chicago, IL 60613	41.94828	-87.65406		Rooftop stands ABOVE the Cubs - unique Chicago sports experience! Houses next to Wrigley Field rent out rooftop seats. Sleep with a view of the field as a bonus. Somber or festive depending on the Cubs results. Phenomenal content for @roamingbonbons baseball episode.
Amish Country - Shipshewana/Middlebury	Indiana	USA	Bizarre		Planning	https://exploreshipshe.com	Shipshewana, IN 46565	41.67283	-85.58026		Largest Amish community outside Ohio and Pennsylvania! Horse-and-wagons in traffic. No electricity. Shipshewana Market: Wednesday + Friday. Grand and authentic. Amish quilts, furniture, cakes: honest, top quality. NE Indiana. Time travel to 1850. No irony.
Bluespring Caverns - Bedford	Indiana	USA	Nature		Planning	https://bluespringcaverns.com	1459 Bluespring Caverns Rd, Bedford, IN 47421	38.79619	-86.54603		Longest navigable underground river in the US! Boat tour through the illuminated caves. Blind fish swim along. Bedford (Limestone Capital of the World). Families + geologist types: this is the place for you. Guided boat tours every hour. Open year-round.
Bob Ross Experience - Muncie	Indiana	USA	Bizarre		Planning	https://minnetrista.net	1200 N Minnetrista Pkwy, Muncie, IN 47303	40.20510	-85.38789		ORIGINAL studio where The Joy of Painting was filmed! Recreated interior. Dozens of Bob Ross paintings. Interactive exhibition. Make your own 'happy trees'. Minnetrista Museum on the Ball family estate. Muncie, 1 hour from Indianapolis. Pilgrimage for a generation.
Cloud Country Balloon Rides - Indianapolis	Indiana	USA	Aviation		Planning	https://ccballoon.com	Indianapolis area, IN	39.83619	-86.17518		Sunrise balloon ride over the Indiana countryside! 1-hour flight. Fields, forests, misty morning air. Indianapolis + surroundings. Small groups. Champagne toast after landing. Weather dependent. Book well in advance.
Clubhouse 2050 - Indianapolis	Indiana	USA	Naturist		Planning	https://kasidie.com	Indianapolis, IN 46200	39.76909	-86.15802		Members-only lifestyle club for swingers, BDSM, and exhibitionists! Private rooms available on-premise. Couples and singles welcome. Find us via Kasidie ​​+ sign up. Indianapolis. Broad crowd: from curious to experienced.
Columbus Indiana - Architectuur Stad	Indiana	USA	Bizarre		Planning	https://columbus.in.us	Columbus, IN 47201	39.12656	-85.97132		Small city with 70+ buildings by WORLD-FAMOUS architects! I.M. Pei, Eero Saarinen, Richard Meere in one small town. 6th wealthiest concentration of architecture in the US. Architecture tour of the city center = a must. Why here? Cummins Engine paid the best architects. Period.
Conner Prairie Living History Museum	Indiana	USA	Museum		Planning	https://www.connerprairie.org	13400 Allisonville Rd, Fishers, IN 46038	39.98453	-86.02881		Interactive historical park where you STEP into the story! 1836 Indiana. Actors stay completely in character. Balloons, animals, forge, prairie life. Fishers, just north of Indianapolis. Best living history museum in the Midwest. Really.
DeBrand Fine Chocolates Tour - Fort Wayne	Indiana	USA	Bizarre		Planning	https://debrand.com	560 E Dupont Rd, Fort Wayne, IN 46825	41.17817	-85.13401		CHOCOLATE FACTORY TOUR + tasting in Indiana! DeBrand: award-winning fine chocolates. Made in Fort Wayne. Factory tour through glass walls to see how it is made. Serge: this is Belgian-level quality, but Hoosier. Fort Wayne. Tours multiple times a day. MANDATORY.
Fair Oaks Farms - Fair Oaks	Indiana	USA	Bizarre		Planning	https://fofarms.com	856 N 600 E, Fair Oaks, IN 47943	41.01115	-87.27800		Largest working farm as a TOURIST ATTRACTION! 36,000 cows. Cheese production. Calf birth camera. Adventure Dairy, Pig Adventure, Crop Adventure. Fair Oaks, NW Indiana along I-65. Children: overwhelmed. Adults: too. Unique concept.
Fern Hills Club - Bloomington	Indiana	USA	Naturist		Planning	https://fernhillsclub.com	7230 S Rockport Rd, Bloomington, IN 47403	39.07030	-86.60401		Indiana's most famous AANR naturist resort! 83 acres of hardwood forest in the hills of S-Indiana. 52-foot round pool. Volleyball, petanque, shuffleboard. Couples and families welcome. Call first. Blooming-ton area. Spring through October. 100% AANR.
Flick Statue - Hammond	Indiana	USA	Bizarre		Planning	https://visithammondindiana.com	South Shore Welcome Center, Hammond, IN 46320	41.57103	-87.46259		Bronze statue of the tongue-frozen Flick! From A Christmas Story - the triple-dog-dare tongue-frozen pole scene. The film is set in North Indiana. This is Flick's hometown. South Shore Welcome Center. FREE. Christmas season: extra fitting. No licking the pole.
Grabill Country Sales - Grabill	Indiana	USA	Bizarre		Planning	https://roadsideamerica.com	13706 First St, Grabill, IN 46741	41.21013	-84.96857		Bakery + department store FULL of stuffed animals! Amish area of ​​Indiana. Totally unexpected taxidermy. Cheerful atmosphere despite the hundreds of dead stares. Grabill, NE Indiana Amish country. FREE to visit as a shop. Also buy Amish pie.
Grave in the Road - Franklin	Indiana	USA	Bizarre		Planning	https://roadsideamerica.com	Morgantown Rd, Franklin, IN 46131	39.56567	-86.19683		A GRAVE in the middle of the road - cars drive around it! Nancy Barnett buried on a hill in 1831. The family defended the grave with a rifle when they wanted to build a road. The state built two lanes AROUND it. FREE. Franklin, 30 min from Indianapolis. Short stop.
Hall of Heroes Superhero Museum - Elkhart	Indiana	USA	Museum		Planning	https://hallofheroesmuseum.com	1915 Cassopolis St, Elkhart, IN 46514	41.67921	-85.94067		FIRST superhero museum in the world - in a barn in Indiana! Originally founded by one fan. Now thousands of items. Original Batman cowl, rare comics, superhero merchandise. Elkhart, Northern Indiana. Small but absolutely unique. Comic book fans: this is Mecca. Don't miss it.
Holiday World Resort Cabins - Santa Claus	Indiana	USA	Hotel		Planning	https://www.holidayworld.com	452 E Christmas Blvd, Santa Claus, IN 47579	38.11934	-86.91421		Sleep IN Santa Claus's amusement park resort! Holiday World = one of the best theme parks in the USA. Splashin' Safari water park included. Christmas theme all year round. Honestly, that is. Summer only. Early booking required.
Indiana Dunes National Park	Indiana	USA	Nature		Planning	https://www.nps.gov/indu	1100 N Mineral Springs Rd, Porter, IN 46304	41.63097	-87.08790		NATIONAL PARK on Lake Michigan - no one knows it exists! Sand dunes up to 60 meters high right by the lake. Mount Baldy: living dune that swallowed a child (and survived). America the Beautiful pass valid! 90 min from Chicago. Best addition to a visit to Chicago.
Indiana Medical History Museum - Indy	Indiana	USA	Museum		Planning	https://www.imhm.org	3045 W Vermont St, Indianapolis, IN 46222	39.76985	-86.21328		Psychiatric hospital frozen in time (1896-1994)! Original laboratories, autopsy theater, medical instruments. Left completely intact. Slightly creepy. Indianapolis. Limited opening hours - check in advance. For medical history nerds: Mecca. For others: genuinely fascinating.
Indiana Statehouse Architecture + Soldiers Monument	Indiana	USA	Historic		Planning	https://www.in.gov/cap	200 W Washington St, Indianapolis, IN 46204	39.76871	-86.16286		Impressive City Hall with a free tour! Soldiers & Sailors Monument: 86 meters high with an observation platform. Top: free elevator ride up. Indianapolis panorama. FREE. Monument Circle = heart of Indianapolis. Great American monumental tradition at its best.
Indianapolis Motor Speedway + Aviation	Indiana	USA	Entertainment		Planning	https://www.indianapolismotorspeedway.com	4790 W 16th St, Indianapolis, IN 46222	39.78741	-86.23840		Indy 500 home – holiest track in the USA! IMS Museum with historic race cars. Hall of Fame. Track tours: driving on real asphalt! Indy 500 in May = a whole different world. Museum year-round. Track tours on request.
Iozzo's Garden of Italy - Indianapolis	Indiana	USA	Restaurant		Planning	https://iozzos.com	946 S Meridian St, Indianapolis, IN 46225	39.75419	-86.15954		Italian restaurant with a heritage dating back to the 1900s! Fred Iozzo's granddaughter runs it now. Authentic recipes. Legendary meatballs. Homemade desserts. Won 'Best New Restaurant' + 'Best Italian' awards. S Meridian, Indianapolis. Reserve.
John's Famous Stew - Indianapolis	Indiana	USA	Restaurant		Planning	https://johnsfamousstew.com	1146 Kentucky Ave, Indianapolis, IN 46221	39.75263	-86.17785		The same stew on the menu for over 100 years! Indianapolis legend. Pork tenderloins, stews, peach cobbler that makes you cry. Kentucky Avenue. Cheap, authentic, local. The oldest restaurant in Indianapolis that hasn't changed at all. Lunch crowds are huge. Go early.
Kiwanis Indiana Balloon Fest - Bedford	Indiana	USA	Festival		Planning	https://indianaballoonfest.com	Bedford, IN 47421	38.86116	-86.48721		Big balloon festival in September with Pyromaniac skydivers! Spark-performing parachutists in the evening. Seriously. Dozens of hot air balloons. Night Glow + daytime launches. Bedford, South Indiana. September. Free parking. Beer and wine garden.
KokoMantis - Kokomo	Indiana	USA	Bizarre		Planning	https://visitkokomo.org	Downtown Kokomo, IN 46901	40.48755	-86.13065		Giant Praying Mantis sculpture in the city center! Kokomo named it after its own name. Makes sense. Combine with Old Ben (the world's largest preserved bull)! Kokomo: more bizarre things than you expect. FREE photo stop. Kokomo Center. Quick to do.
Market Street Catacombs - Indianapolis	Indiana	USA	Bizarre		Planning	https://historicindianapolis.com	Market St, Indianapolis, IN 46204	39.76860	-86.16166		REAL catacombs beneath the streets of Indianapolis! 20,000 m² tunnel network from the 1880s. Originally for cooling and storage. Limited tours available through Historic Indianapolis. FREE to know they exist. Book tours via website.
Milktooth - Indianapolis	Indiana	USA	Restaurant		Planning	https://milktoothindianapolis.com	534 Virginia Ave, Indianapolis, IN 46203	39.75926	-86.14670		Award-winning breakfast restaurant with James Beard nominations! Creative brunch menu. Seasonal local produce. Fletcher Place neighborhood. Small space, big expectations. Weekend lines are epic. Weekday: better. Indianapolis' most renowned restaurant for breakfast.
New Harmony - Utopian Ghost Town	Indiana	USA	Historic		Planning	https://visitnewharmony.com	New Harmony, IN 47631	38.12977	-87.93503		Two utopian communes in the same location (1814 + 1825)! Rappites + Owenites built a dream – both failed. Roofless Church: open-air cathedral for all faiths. Labyrinth, historic buildings, silkworms. SW Indiana, 30 min from Evansville. Unknown but special.
Old Ben - World's Largest Steer - Kokomo	Indiana	USA	Bizarre		Planning	https://visitkokomo.org	Highland Park, Kokomo, IN 46901	40.46877	-86.14070		Preserved bull of 1,100 kg in a city park! Old Ben lived 1902-1910. Weighed: more than any other bull. Now mounted behind glass in Highland Park. FREE. Park in the park and walk to the stable door. Kokomo: more bizarre than you thought. Always.
Pigeon River Fish Hatchery	Indiana	USA	Bizarre		Planning	https://www.in.gov/dnr	5245 E SR 120, Mongo, IN 46771	41.69693	-85.29552		Indiana's largest warm-water fish farm! You can see the tanks full of trout. FREE. Mongo, NE Indiana. Small but unexpected. Combine with Amish Country drives. Quick stop. Kids love it.
Potato Creek State Park - North Liberty	Indiana	USA	Nature		Planning	https://www.in.gov/dnr/state-parks	25601 State Rd 4, North Liberty, IN 46554	41.53576	-86.36088		State park where finding real GOLD is possible! Gold panning in the creek is a legal activity here. Kayaking, cycling, hiking, camping. North Liberty, 20 min from South Bend. Children: gold fever. Adults: a bit too.
Reel One Indy - Indianapolis	Indiana	USA	Naturist		Planning	https://reeloneindy.com	Indianapolis, IN 46251	39.73000	-86.27000		Indiana's oldest and only woman-owned lifestyle club (est. 1992)! 3 floors + 16,000 m² facility. Really big. Open Wednesday + Friday + Saturday. Couples and singles. On-premise. Longest-running club in the state. Call ahead.
Rotary Jail Museum - Crawfordsville	Indiana	USA	Bizarre		Planning	https://rotaryjail.org	225 N Washington St, Crawfordsville, IN 47933	40.04385	-86.90175		ROTATING PRISON - the only one that still really rotates! Built in 1882. Cells rotate like a carousel. 32 tons of iron rotated via a single lever. Brilliant and dangerous. Prisoners lost fingers in the mechanism. Oops. Crawfordsville, 45 min from Indianapolis. Must see!
Santa Claus Brewing Company	Indiana	USA	Restaurant		Planning	https://santaclausbrewing.com	7200 E CR 1450 N, Santa Claus, IN 47579	38.09751	-86.92313		Brewery IN the city of Santa Claus - as unique as it sounds! Christmas-themed beer + good food all year round. Near Holiday World theme park. Want to taste Christmas in August? You can here. Unique location. Good beers. Weird but amazing.
Santa Claus, Indiana	Indiana	USA	Bizarre		Planning	https://santaclausind.org	Santa Claus, IN 47579	38.11271	-86.91733		A CITY officially named Santa Claus! All year round. The post office stamps all mail with 'Santa Claus IN'. Santa's territory: Christmas atmosphere in August. The Holiday World theme park is here—one of the best in the US! Summer: Splashin' Safari water park. Perfect stopover.
Shapiro's Deli - Indianapolis	Indiana	USA	Restaurant		Planning	https://shapiros.com	808 S Meridian St, Indianapolis, IN 46225	39.75631	-86.15960		Legendary Jewish deli in Indianapolis – since 1905! Corned beef, pastrami, matzo ball soup. Self-service cafeteria style. Portion sizes are inhuman. S Meridian St. Lunch favorite of locals. Best deli outside New York? Many say yes.
Sun Aura Resort - Lake Village	Indiana	USA	Naturist		Planning	https://sunauraresort.com	Lake Village, IN 46349	41.13756	-87.44883		300-acre clothing-optional resort in Northern Indiana! Since the 1930s. RV + tent camping. Lake Village, close to the Illinois border. 21+ only. Couples and singles welcome. I-65 route - convenient stopover.
Sun King Brewing - Indianapolis	Indiana	USA	Brewery/Distillery		Planning	https://www.sunkingbrewing.com	135 N College Ave, Indianapolis, IN 46202	39.76908	-86.14473		Indianapolis' largest and most award-winning craft brewery! Sunlight Cream Ale + Wee Mac Scottish Ale are the classics. 3-building campus downtown Indianapolis. Great American Beer Festival medalists. Live music + food. Ideal post-IMS race stop.
Sun Shower Country Club	Indiana	USA	Naturist		Planning	https://sunshowercountryclub.com	Roselawn, IN 46372	41.14771	-87.27862		120+ acres naturist resort in North Indiana woods! Swimming pool, hiking trails, peaceful atmosphere. Roselawn, NW Indiana. Family-friendly. AANR affiliated. Easily accessible from the Chicago Corridor.
The Prewitt Restaurant & Lounge - Columbus	Indiana	USA	Restaurant		Planning	https://theprewittrestaurant.com	310 5th St, Columbus, IN 47201	39.20349	-85.92092		Fine dining in a renovated 1920s cinema! Green eggs and ham on the breakfast menu. Seriously. Rooftop igloos in winter for private tables. Columbus: combine with an architecture tour. Creative American menu. Best diner in town.
Three Floyds Brewing - Munster	Indiana	USA	Brewery/Distillery		Planning	https://www.3floyds.com	9750 Indiana Pkwy, Munster, IN 46321	41.53559	-87.51673		Indiana's MOST FAMOUS craft brewery - top 20 nationally! Zombie Dust, Alpha King, Gumballhead, Dark Lord (legendary). Brewpub next to the brewery. Distillery as well. Munster, NW Indiana, near the Chicago border. Dark Lord Day = annual pilgrimage day for beer geeks.
Turkey Run State Park	Indiana	USA	Nature		Planning	https://www.in.gov/dnr/state-parks	8121 Park Rd, Marshall, IN 47859	39.88375	-87.20172		Spectacular sandstone canyons + hanging back hikes! Turkey Run State Park: Indiana's most beautiful state park. Suspension bridges over gorges. Scramble through gullies. Marshall, IN. Autumn: beautiful foliage. America the Beautiful pass NOT valid - state park.
Upland Brewing - Bloomington	Indiana	USA	Brewery/Distillery		Planning	https://uplandbeer.com	350 W 11th St, Bloomington, IN 47404	39.17353	-86.53748		Indiana University's favorite craft brewery! Tart & Funk program: wild fermentations, sour beers. Bloomington campus town atmosphere. Groote taproom. Combine with a visit to Fern Hills naturist resort. Strawberry Wheat is their bestseller.
West Baden Springs Hotel	Indiana	USA	Hotel		Planning	https://www.frenchlick.com/hotels/west-baden-springs-hotel	8538 W Baden Ave, West Baden Springs, IN 47469	38.56661	-86.61859		Stay UNDER the largest church dome ever built! French Lick Resort complex. Casino. Spa. 5-star service. West Baden + French Lick = double resort day. SW Indiana, 2 hours from Indianapolis. Fairytale historic. One night minimum for the experience.
World's Largest Ball of Paint	Indiana	USA	Bizarre		Planning	https://www.atlasobscura.com/places/worlds-largest-ball-of-paint	10696 N County Rd 200 W, Alexandria, IN 46001	40.39842	-85.71081		Started as a baseball in 1977. Now a 2,700kg MONSTER PAINTBALL! 27,000+ layers of paint. Almost spherical. Almost. YOU GET TO paint a layer - choose your own color! Private barn in Alexandria. Call/email for an appointment. FREE (donations welcome). Pure American obsession. REQUIRED.
Wyandotte Caves	Indiana	USA	Nature		Planning	https://www.in.gov/dnr/state-parks	7315 S Wyandotte Cave Rd, Leavenworth, IN 47137	38.22883	-86.29385		Prehistoric caveman caves in South Indiana! Monument Mountain: largest underground mountain in the US. Amber-colored stalactite formations. Early prehistoric use. Leavenworth area. Harrison Crawford State Forest. Guided tours. Combines well with Bluespring Caverns.
Yats - Cajun/Creole - Columbus	Indiana	USA	Restaurant		Planning	https://yatscajuncreole.com	325 4th St, Columbus, IN 47201	39.20215	-85.92185		Cajun & Creole cuisine in the architectural capital of Indiana! Jambalaya, red beans, gumbo - New Orleans in Columbus IN. Affordable, authentic, locally loved. Columbus: also take an architecture tour while you're there. Simple concept, great flavors.
7 Hills Brewing - Dubuque	Iowa	USA	Brewery/Distillery		Planning	https://7hillsbrewing.com	Medical Associates Suite, Dubuque, IA 52001	42.52924	-90.69629		Dubuque's creative craft brewery with a view of the brewery! Open kitchen concept for beer. See the equipment while you drink. Brisket burgers + mac & cheese variations. Dubuque. Millwork District atmosphere. Combine with Brazen restaurant for a Dubuque day.
Albert the Bull - Audubon	Iowa	USA	Bizarre		Planning	https://audubon-iowa.com	612 S Division St, Audubon, IA 50025	41.71739	-94.92351		30-ton concrete bull - the largest in the world! Built in 1964 as a symbol of Audubon County cattle ranching. FREE. Along US-71. Quick stop for an epic photo. Audubon, central Iowa. Everything in Iowa has a 'world's largest'. Combine with Squirrel Cage Jail for a bizarre Iowa day.
Amana Colonies	Iowa	USA	Historic		Planning	https://www.amanacolonies.com	220 45th Ave, Amana, IA 52203	41.79995	-91.87072		7 villages founded by a religious community (1855) - now a tourist destination! German immigrants. Wool, furniture, wine, beer - everything homemade. Ox Yoke Inn Restaurant: all-you-can-eat German dinner. Legendary. Amana, E-Iowa near I-80. The perfect time to relax on the Chicago-Des Moines route.
American Gothic House - Eldon	Iowa	USA	Bizarre		Planning	https://americangothichouse.net	American Gothic Park, Eldon, IA 52554	40.92040	-92.21791		THE house from Grant Wood's famous painting (1930)! You can stand in front of the house with a pitchfork - cost: free. Small visitor's room with a backdrop of the painting. Eldon, SE Iowa. The house is habitable and private - exterior only. For every art lover: a pilgrimage. For others: recognition.
Balloon Rides Iowa - Des Moines Area	Iowa	USA	Aviation		Planning	https://balloonridesdesmoines.com	Des Moines area, IA	41.58422	-93.62178		Sunrise balloon ride over the Iowa farmlands! Des Moines and surroundings. Champagne landing. Corn, soybeans, and wind turbines from above—truly beautiful. Spring and summer. Weather dependent. Book in advance. Small groups.
Big Grove Brewery - Iowa City/Des Moines	Iowa	USA	Brewery/Distillery		Planning	https://biggrovebrewery.com	1225 S Gilbert St, Iowa City, IA 52240	41.64673	-91.53279		Iowa's best farm-to-table craft brewery! Local ingredients for both beer and food. Award-winning. Iowa City: large patio + fire pits + play area for children. Des Moines + Cedar Rapids locations too. Thai green curry + IPA = unexpected but perfect combo.
Biggest Collection of Salt & Pepper Shakers - Traer	Iowa	USA	Museum		Planning	https://roadsideamerica.com	501 2nd St, Traer, IA 50675	42.19334	-92.46769		16,000+ sets of salt and pepper shakers! Started in 1948. Ruth Rasmussen started this as a hobby. Never stopped. Traer, central Iowa. Small farming town. FREE (small donation appreciated). For lovers of the absurd: this is the pinnacle.
Black Angel - Iowa City Cemetery	Iowa	USA	Bizarre		Planning	https://www.iowa-city.org	Oakland Cemetery, Iowa City, IA 52240	41.66980	-91.52003		Bronze angel that turned BLACK after decades - no one knows why! Ursula Feldvary's gravestone (1912). Once gold-colored, now raven black. Legend: kisses the dead on the spot. Pregnant women are not allowed to approach. Oakland Cemetery, Iowa City. FREE. For a bronze thing: oppressively present.
Brazen Open Kitchen - Dubuque	Iowa	USA	Restaurant		Planning	https://brazenopenkitchen.com	900 Jackson St, Dubuque, IA 52001	42.50348	-90.66374		Farm-to-table restaurant with an OPEN kitchen – you can see everything! Chef Kevin Scharpf: no freezer, everything fresh and local. Millwork District, Dubuque. Industrial-chic interior. Menu changes constantly with the season. Perhaps the best restaurant in Iowa. Make a reservation.
Breitbach's Country Dining - Balltown	Iowa	USA	Restaurant		Planning	https://breitbachs.com	563 Balltown Rd, Balltown, IA 52074	42.63904	-90.86909		Iowa's OLDEST restaurant + bar - opened in 1852! Fat Germans built this on a hill overlooking Mississippi. All-you-can-eat Irish stew, Iowa catfish, bratwurst. Balltown: 75 inhabitants. View over Mississippi: dazzling. Miss Guy Fieri passed through here. Cash only. Go early.
Buddy Holly Crash Site - Clear Lake	Iowa	USA	Historic		Planning	https://www.clearlakeiowa.com	Gull Ave & 315th St, Clear Lake, IA 50428	43.15274	-93.20271		Airfield from which the plane carrying Buddy Holly, Valens, and Bopper departed! February 3, 1959. Clear Lake is 10 minutes from Mason City. 'The Day The Music Died' - Don McLean's American Pie is about this. Memorial at the cornfield where it crashed. FREE. Combine with Surf Ballroom. Emotional but historic.
Captain Kirk Future Birthplace - Riverside	Iowa	USA	Bizarre		Planning	https://www.traveliowa.com	Kirk Ave, Riverside, IA 52327	41.47974	-91.58128		Kirk was born HERE on March 22, 2228 – officially Star Trek canon! Riverside declared it themselves in 1985. Gene Roddenberry said OK. Bronze Kirk statue + USS Riverside model + Voyage Home Museum. In bloom: Trek Fest in June – Trekkies from everywhere. FREE monument. Museum: small entrance fee. Pure genius of a small town with 900 inhabitants.
Club G Lifestyle Club - Des Moines	Iowa	USA	Naturist		Planning	https://desmoineslifestylesclub.com	Des Moines, IA 50300	41.58961	-93.61640		Des Moines' only private lifestyle club - 6,500 m²! Open every Saturday + some Fridays. Couples and singles. Members-only. Fully verified. Apply via website + wait for approval. Midwest lifestyle at its best. Far from conservative.
Confluence Brewing - Des Moines	Iowa	USA	Brewery/Distillery		Planning	https://confluencebrewing.com	1235 Thomas Beck Rd, Des Moines, IA 50315	41.56859	-93.63160		Des Moines' most beloved local craft brewery! Des Moines IPA: their flagship. Bike-themed branding. Loyal to local ingredients + community events. Slipway tasting room on the Des Moines River. Cyclist-friendly: High Trestle Trail connection.
Decorah Eagles / Vesterheim Museum	Iowa	USA	Bizarre		Planning	https://www.vesterheim.org	523 W Water St, Decorah, IA 52101	43.30407	-91.79201		Vesterheim: the world's most comprehensive Norwegian-American museum! Decorah is the 'capital' of Norwegian-American heritage. Calfskin, rosemaling, Viking ships—all here. Decorah in NE Iowa: an almost Scandinavian landscape. Bald-legged eagles nest here in large numbers during the winter.
Elwood - World's Largest Concrete Gnome	Iowa	USA	Bizarre		Planning	https://www.reimangardens.com/	Reiman Gardens, 1407 University Blvd, Ames, IA 50011	42.02266	-93.60991		Elwood: 15-foot-tall concrete gnome with a pointed hat! Beat all other concrete gnomes by meters. Ames, Iowa State University city. FREE. Ames City Centre. Combine with an Iowa State campus visit.
Fenelon Place Elevator - Dubuque	Iowa	USA	Bizarre		Planning	https://fenelonplaceelevator.com	512 Fenelon Pl, Dubuque, IA 52001	42.49634	-90.66943		SHORTEST AND STEEPEST funicular railway in the world! 65-foot-high, 296-foot-long incline - up in 35 seconds. Built in 1882 by a banker who wanted to get home faster. Dubuque. April–November. Panoramic view of Mississippi. Just $4 up and down. Uniquely American.
Field of Dreams Movie Site - Dyersville	Iowa	USA	Bizarre		Planning	https://fieldofdreamsmoviesite.com	28963 Lansing Rd, Dyersville, IA 52040	42.49445	-91.05398		'Is this Heaven? No, it's Iowa.' - Kevin Costner, 1989. Original farm + cornfield + baseball field from the movie. You CAN play on the field - gloves and balls available. Dyersville, NE Iowa. Seasonal. MLB played here in 2020! Sometimes unexpectedly dynamic. Honestly beautiful outside the hype.
Flying Mango - Des Moines	Iowa	USA	Restaurant		Planning	https://flyingmango.com	4345 Hickman Rd, Des Moines, IA 50310	41.61515	-93.67772		Caribbean BBQ + live blues in Des Moines - completely unexpected! Smoked ribs, jerk chicken, mango salsa. Live blues music in the evening. The atmosphere is 100% not Iowa. Des Moines Beaverdale neighborhood. One of Iowa's most unique restaurants. Surprisingly excellent.
Grotto of the Redemption - West Bend	Iowa	USA	Bizarre		Planning	https://www.westbendgrotto.com	300 N Broadway Ave, West Bend, IA 50597	42.96402	-94.44490		'Eighth Wonder of the World' - 9 caves full of gemstones + fossils! Father Paul Dobberstein built this over 42 YEARS (1912-1954). Largest collection of minerals + rocks as religious art. West Bend, N-Iowa. Free walking outside. Small entrance fee for the museum. Absolutely overwhelming. Nothing comparable on Earth.
Hamburg Inn No. 2 - Iowa City	Iowa	USA	Restaurant		Planning	https://hamburginn.com	214 N Linn St, Iowa City, IA 52245	41.66406	-91.53135		Presidential dinner with the legendary Pie Shake! Every 4 years: Iowa caucuses = every candidate eats here. Pie mixed into a milkshake. Scientifically sound. 1948. Nothing has changed. Nothing is required. Iowa City. Lunch without questions.
High Trestle Trail Bridge - Madrid	Iowa	USA	Bizarre		Planning	https://www.inhf.org	Madrid, IA 50156	41.87795	-93.81567		Half-mile-long bike bridge 60 meters high - LIGHTS UP at night! Nighttime lighting makes it look like a tunnel in a mine shaft. Des Moines River Valley below. Spectacular at sunset. FREE. Madrid, 30 min from Des Moines. Bikes available via nearby rental. ICONIC Iowa.
Hotel Julien Dubuque	Iowa	USA	Hotel		Planning	https://hoteljuliendubuque.com	200 Main St, Dubuque, IA 52001	42.49626	-90.66436		Iowa's OLDEST hotel - opened in 1839! Al Capone stayed here. Mississippi River panorama. Historicly restored. Capone's Suite: stay where the gangster slept. Dubuque, E-Iowa. Riverfront location. Capone apparently had a preference for Iowa.
Iowa State Fair - Des Moines	Iowa	USA	Festival		Planning	https://www.iowastatefair.org	E 30th St & E University Ave, Des Moines, IA 50317	41.60057	-93.55840		BUTTER SCULPTURE of a cow + other livestock - Iowa's holiest tradition! August. 11 days. 1 million visitors. Fried butter on a stick. Fried Oreos. Fried everything. Cattle, pig, and poultry shows. Everything Iowa. If the timing is right (Aug 2027): DO NOT SKIP. Americana at its best.
L.V. Campground - Coggon	Iowa	USA	Naturist		Planning	https://lvcampgroundllc.com	Coggon, IA 52218	42.28082	-91.53044		Iowa's only clothing-optional nudist camp - adults only! 5 acres, 25 hookups, 4 small cabins, 3 larger cabins. LGBTQ+ friendly. Various themed events. Coggon, Delaware County, 30 min from Cedar Rapids. Not an AANR, but acceptable for an Iowa stopover.
Loess Hills Scenic Byway	Iowa	USA	Scenic Route		Planning	https://www.traveliowa.com	IA-12 langs de Missouri rivier, W-Iowa	41.87800	-93.09770		Unique loestopographic hills – only 2 places on Earth like this! Only in Iowa and China. Wind erosion created these undulating hills. West Iowa along IA-12. Spectacular prairie views. Spring: wildflowers. Autumn: golden yellow grass. FREE. Few tourists. Hidden gem of Iowa.
Maquoketa Caves State Park	Iowa	USA	Nature		Planning	https://www.iowadnr.gov	10970 98th St, Maquoketa, IA 52060	42.12008	-90.77173		Iowa's most visited state park—and for good reason! 13 caves, including one large enough to DRIVE through. Beam rocks, stalactites, bat colonies. Maquoketa, E-Iowa. Self-guided. Autumn: bats leave the caves every evening. A spectacle.
Mississippi River Distilling - LeClair	Iowa	USA	Brewery/Distillery		Planning	https://mrdistilling.com	300 E 2nd St, LeClaire, IA 52753	41.59957	-90.34499		Small artisanal distillery along the Mississippi! Cow Boy Bourbon + River Baron Rye - local grains. LeClair: birthplace of Buffalo Bill Cody. Tours + tastings. Mississippi River view. Combine with Bald Eagle Bridge and Mississippi scenery.
National Balloon Classic - Indianola	Iowa	USA	Festival		Planning	https://nationalballoonclassic.com	Warren County Fairgrounds, Indianola, IA 50125	41.35727	-93.57775		Annual national balloon festival in Iowa - late July/early Aug! Dozens of hot air balloons take off simultaneously. Night Glow spectacle + daytime launches. Indianola, 20 min from Des Moines. If timing is right: ride-sharing is possible! Book flights on-site.
Old Capitol Inn - Iowa City	Iowa	USA	Hotel		Planning	https://www.oldcapitolinn.com	311 Iowa Ave, Iowa City, IA 52240	41.66126	-91.53155		B&B opposite the historic Iowa State Capitol building! Victorian style, individual rooms, local breakfast. Iowa City center. Walkable to everything. Good base for Hamburg Inn breakfast + Black Angel evening. Book well in advance during football season (U of Iowa).
Ox Yoke Inn - Amana	Iowa	USA	Restaurant		Planning	https://oxyokeinn.com	4218 220th Trail, Amana, IA 52203	41.80132	-91.87409		Legendary all-you-can-eat German buffet in the Amana Colonies! Bratwurst, sauerkraut, smoked pork - Grandma's recipe. Ox Yoke Inn has been around for decades. Tourists + locals. Amana. E-Iowa. Perfect stopover. Often fully booked on weekends - call ahead.
Pappajohn Sculpture Park - Des Moines	Iowa	USA	Bizarre		Planning	https://www.desmoinesartcenter.org	1330 Grand Ave, Des Moines, IA 50309	41.58537	-93.63476		Free open-air sculpture park with world-famous artists! Jaume Plensa, Richard Serra, Louise Bourgeois. 26 sculptures on 4.4 acres. FREE. In the heart of Des Moines. Surprisingly good for a cornfield state. Combine with a visit to the Des Moines Art Center.
Pottawattamie Squirrel Cage Jail - Council Bluffs	Iowa	USA	Bizarre		Planning	https://www.thehistoricalsociety.org/museums/squirrel-cage-jail-1.html	226 Pearl St, Council Bluffs, IA 51503	41.25780	-95.85194		THE ONLY three-dimensional rotating prison in the world! Rotates in a cylinder – prisoners stand still, cells rotate. Built in 1885. Can still be demonstrated as working. Council Bluffs, on the Nebraska border. Museum. 'Wheelbarrow' design = one guard for everything. Absurdly brilliant.
Snake Alley - Burlington	Iowa	USA	Bizarre		Planning	https://visitburlingtoniowa.com	Snake Alley, Burlington, IA 52601	40.81187	-91.10577		Steepest and most winding street in the world - steeper than Lombard St SF! Built in 1894. 5 half + 2 quarter turns in 58 meters. 'Reptile'-like zigzags down the hill. FREE to view and walk. Burlington, Mississippi River. July: Crazy Criterium bicycle race up Snake Lane.
Starbucks Restaurant - Nevada, Iowa	Iowa	USA	Restaurant		Planning	https://roadsideamerica.com	Nevada, IA 50201	42.02272	-93.45230		Has NOTHING to do with coffee - everything deep-fried + soft serve ice cream! Confusion guaranteed: Starbucks name, concept completely different. Burgers, fries, bizarre ice cream flavors: peach, watermelon, raspberry. Nevada IA, 30 min from Des Moines. Seasonal. Closes in winter - queue waiting for spring opening.
Surf Ballroom & Museum - Clear Lake	Iowa	USA	Historic		Planning	https://surfballroom.com	460 N Shore Dr, Clear Lake, IA 50428	43.13987	-93.38969		Buddy Holly, Ritchie Valens, and The Big Bopper - LAST CONCERT Feb 3, 1959! That night they flew from Mason City. The plane crashed. 'The Day the Music Died' - Don McLean sang about it in American Pie. Surf Ballroom remains unchanged. Museum, stage, memorabilia. Clear Lake, N-Iowa. The place truly leaves you speechless.
Villisca Axe Murder House	Iowa	USA	Bizarre		Planning	https://www.villiscaiowa.com	508 E 2nd St, Villisca, IA 50864	40.93071	-94.97329		On June 10, 1912, 8 people, including 6 children, were murdered with an axe. Never solved. The house still stands exactly as it did then. Day tours + OVERNIGHT STAY IN THE MURDERERS' HOUSE available! 'Most haunted house in the US' - paranormal activity reported. Villisca, SW Iowa. Book for an overnight stay. Do you dare?
Zombie Burger + Drink Lab - Des Moines	Iowa	USA	Restaurant		Planning	https://zombieburger.net	300 E Grand Ave, Des Moines, IA 50309	41.59078	-93.61363		Horror-themed burgers + zombie cocktails in Des Moines! Undead Elvis, Frankenfurter, 28 Days Later menu. Quicksand milkshakes. Dark interior. Totally wrong but so good. East Village Des Moines. Instagram-friendly. Unique. Tasty too.
Brandt's Meat Market - Lucas	Kansas	USA	Restaurant		Planning	https://www.facebook.com	212 S Main St, Lucas, KS 67648	39.05764	-98.53769		Homemade bologna from butcher Doug Brandt - right next to the Grassroots Art Center! Local meat, handmade sausage, fresh sausage. Small lunch stop in the most bizarre town in Kansas. Lucas, N-Kansas. Cash only probably. Perfect lunch after the Grassroots Art and Garden of Eden tour.
Castle Rock - Gove County	Kansas	USA	Bizarre		Planning	https://www.travelks.com	Castle Rock Rd, Quinter, KS 67752	39.06426	-100.24147		Chalk-white rock peaks in the middle of the flat prairie - completely surreal! Smaller than Monument Rocks but just as spectacular. FREE. Unpaved road. Combine with Monument Rocks for a 1-day West Kansas chalk formation tour. Dense cluster of peaks: nature's own Stonehenge.
Central Standard Brewing - Wichita	Kansas	USA	Brewery/Distillery		Planning	https://centralstandardbrewing.com	156 S Greenwood St, Wichita, KS 67211	37.68455	-97.31818		Award-winning European-style lagers and barrel-aged stouts! Old Town Wichita. Industrial-chic taproom. Czech Pilsner + Imperial Stout are the stars. Great American Beer Festival gold and silver medal winners. Best craft brewery atmosphere in Wichita.
Club G / Wichita Lifestyle (via Kasidie)	Kansas	USA	Naturist		Planning	https://kasidie.com	Wichita, KS 67200	37.69345	-97.33822		Wichita lifestyle scene via Kasidie ​​and SDC platforms! No fixed local presence known - event-based. Find and sign up via Kasidie.com. Wichita has an active lifestyle community. Most discreet of the Midwest states.
Cozy Inn - Salina	Kansas	USA	Restaurant		Planning	https://cozyburger.com	108 N 7th St, Salina, KS 67401	38.84098	-97.61009		America's smallest hamburger restaurant - 12 seats max! Opened in 1922. Identical recipe ever since. Steam-cooked sliders: onion, pickle, meat. That's it. Salina, central Kansas. I-70 stop. Mandatory. Eat 6 pieces. Still unsure? Eat 8.
Doo-Dah Diner - Wichita	Kansas	USA	Restaurant		Planning	https://www.doodahdiner.com	206 E Kellogg Ave, Wichita, KS 67202	37.67870	-97.32609		Retro diner with gigantic portions of Southern comfort food! Chicken fried steak, biscuits & gravy, homemade pie. Breakfast all day. Local legend. Wichita center. Best for lunch. Go early - line is normal.
Dorothy's House and Land of Oz - Liberal	Kansas	USA	Bizarre		Planning	https://www.kansastravel.org/liberalkansas.htm	567 E Cedar St, Liberal, KS 67901	37.03457	-100.91062		Recreation of Dorothy's house + the Land of Oz! Built in 1999. Actress-led tours of the Oz world. Liberal is also home to 'Pancake Day' - annual pancake race vs. England! Liberal, SW Kansas. Middle of nowhere but completely dedicated. Wizard of Oz fans: definitely a pilgrimage.
Eisenhower Presidential Library - Abilene	Kansas	USA	Historic		Planning	https://www.eisenhowerlibrary.gov	200 SE 4th St, Abilene, KS 67410	38.91167	-97.21069		Presidential Library + Museum + Ike's Birth and Grave House!  Small farm town - great WWII heritage.  Abiline: home of Wild Bill Hickok and Dwight D. Eisenhower.  Combine with Tallgrass Prairie for central Kansas day.  Well done museum. Less known than other presidential libraries.
Free State Brewing - Lawrence	Kansas	USA	Restaurant		Planning	https://www.freestatebrewing.com	636 Massachusetts St, Lawrence, KS 66044	38.97177	-95.23554		Kansas' FIRST legal microbrewery after Prohibition (1989)! Lawrence, university town. Lively center. Ad Astra Ale + Copperhead Pale Ale are their classics. Massachusetts Street: Kansas' most beautiful high street. Good pub food + local beers. Relax here.
Garden of Eden - S.P. Dinsmoor	Kansas	USA	Bizarre		Planning	https://lucaskansas.com/	305 E 2nd St, Lucas, KS 67648	39.05782	-98.53520		Concrete garden park + mausoleum built by Civil War veteran (1905-1927)! 150+ figures: Adam, Eve, snake, Goddess of Liberty, socialist themes. Dinsmoor lies in his glass coffin in the mausoleum - you can see him! Next to Grassroots Art Center. Must-see combo. Lucas is the most bizarre city in Kansas. Period.
Geographical Center of 48 States - Lebanon	Kansas	USA	Bizarre		Planning	https://roadsideamerica.com	US-281, Lebanon, KS 66952	39.81084	-98.56049		EXACT geographical center of the 48 contiguous states! Small monument with a chapel. In the middle of a cornfield. FREE. Lebanon: 200 inhabitants. Center of EVERYTHING. Not even a gas station. But the center. Epic trivial.
Hot Air Balloon Rides - Wichita	Kansas	USA	Aviation		Planning	https://www.travelks.com	Wichita area, KS	37.70428	-97.39488		Sunrise balloon ride over the Kansas prairie and Flint Hills! Endless horizon, sunrise over rolling grasses. Various operators available via Visit Wichita. Spring and autumn: best weather conditions. Book in advance. Spectacular minimalist view.
Kansas Aviation Museum - Wichita	Kansas	USA	Museum		Planning	https://kansasaviationmuseum.org	3350 George Washington Blvd, Wichita, KS 67210	37.63215	-97.27374		Wichita = 'Air Capital of the World' - more aircraft built than anywhere else! Beechcraft, Cessna, Learjet: all born here. Vintage aircraft in historic terminal building. Wichita. Essential for aviation enthusiasts. Near Dwight D. Eisenhower National Airport.
Kansas Cosmosphere - Hutchinson	Kansas	USA	Museum		Planning	https://cosmo.org	1100 N Plum St, Hutchinson, KS 67501	38.06595	-97.92120		Second largest space collection in the world after the Smithsonian! Apollo 13 command module. Liberty Bell 7 (James Glenn's capsule). Large Soviet space collection outside Russia. Hutchinson, central Kansas. A must for space nerds. Space museums bring their pieces here for restoration.
Kansas Underground Salt Museum - Hutchinson	Kansas	USA	Museum		Planning	https://www.underkansas.org	3650 E Ave G, Hutchinson, KS 67501	38.04374	-97.86762		600 feet underground – in an active salt mine! Elevator down. Centuries-old salt deposits form walls. Film and music tapes are stored here (perfect conditions). Hutchinson. Combine with Cosmosphere for an epic Kansas day. 14°C all year round. Bring a coat.
Keeper of the Plains - Wichita	Kansas	USA	Bizarre		Planning	https://www.keeperoftheplains.com	650 N Seneca St, Wichita, KS 67203	37.69220	-97.35181		44-foot-tall steel Native American sculpture at the confluence of 2 rivers! In the evening: a ring of fire around the base burns. Spectacular. Mid-America All-Indian Center next door. FREE. Wichita city center. Riverwalk.
Lucas - Grassroots Art Capital	Kansas	USA	Bizarre		Planning	https://www.grassrootsart.net	Main St, Lucas, KS 67648	39.05652	-98.53803		The whole city = outsider art Mecca! S.P. Dinsmoor's Garden of Eden: cement biblical scenes + homemade mausoleum. Bow Plaza: the most artistic public toilet in the world (really). Grassroots Art Center: pull-tab car, chewing gum cameos, limestone sculptures. Lucas, North Kansas. Allow half a day. Absolutely unique.
Monument Rocks - Gove County	Kansas	USA	Bizarre		Planning	https://www.travelks.com	Monument Rocks Rd, Oakley, KS 67748	38.79548	-100.76412		First National Natural Monument of the US (1968)! Chalky white rock formations 20m high in the middle of the prairie. Erosion created this 70+ million years ago: fossil seabed. FREE. Unpaved road - F-150 perfect. Gove County, W-Kansas. Sunset here = magical.
Old Cowtown Museum - Wichita	Kansas	USA	Historic		Planning	https://www.oldcowtown.org	1865 W Museum Blvd, Wichita, KS 67203	37.69367	-97.36286		Rebuilt Wild West cowtown from the 1870s! Costume demonstrations. Goldsmith, baker, sheriff. Wichita was the most lawless cowtown on the Chisholm Trail. 50+ historic buildings on 10 acres. Wichita. Family attraction. Well done.
Original Pizza Hut Museum - Wichita State University	Kansas	USA	Bizarre		Planning	https://www.wichita.edu/museums/pizzahutmuseum/index.php/	Wichita State University Innovation Campus, Wichita, KS 67260	37.68651	-97.30160		The VERY FIRST Pizza Hut building! Little red hut. Dan Carney and Frank Carney opened here in 1958. Now on the campus of Wichita State University as a museum. FREE to view from the outside. Pizza Hut was born here. Say a prayer of thanks.
Post Rock Scenic Byway	Kansas	USA	Scenic Route		Planning	https://www.travelks.com	US-24 tussen Lincoln en Luray, KS	39.48143	-98.22976		Scenic road through the post-rock limestone landscape! Pioneers cut fence posts out of the prairie soil here. Lucas is on this route—perfect combo. 90 miles from Lincoln to Luray. Spring: wildflowers. Autumn: golden grass. Little traffic.
Prairie Haven Nudist Park - Scranton	Kansas	USA	Naturist		Planning	https://www.prairiehaven.org	Scranton, KS 66537	38.78167	-95.73860		AANR-affiliated naturist park 23 miles from Topeka! 30 acres with trees, swimming pool, covered jacuzzi. Family-friendly. Couples welcome. Scranton, Eastern Kansas. May through October. Call in advance for first visit.
Sandy Lane Club - Hutchinson	Kansas	USA	Naturist		Planning	https://aanrmidwest.com	Hutchinson, KS 67501	38.06084	-97.92977		AANR-affiliated naturist club at Hutchinson! Smaller and more primitive than Prairie Haven. Families and traditional couples. Hutchinson, central Kansas. Combine with Cosmosphere + Salt Museum day.
Sunflower Hotel - Dodge City	Kansas	USA	Hotel		Planning		Dodge City, KS 67801	37.75605	-100.01880		Historic hotel in the most legendary cowtown in the US! Dodge City: Wyatt Earp, Doc Holiday, gunfights on Front Street. Front Street replica: historic shops, saloons. SW Kansas. Adjacent to Route 66. Authentic Western stop.
Tallgrass Prairie National Preserve	Kansas	USA	Nature		Planning	https://www.nps.gov/tapr	US-177, Strong City, KS 66869	38.39038	-96.53909		Last great patchwork tallgrass prairie on Earth! Flint Hills. Sunrise over undulating grasses: emotionally beautiful. Bison herd on the property. Hiking trails 3-16 km. America the Beautiful pass valid. FREE. Strong City/Cottonwood Falls base. May: red Indian grass in bloom.
Wichita Brewing Company	Kansas	USA	Restaurant		Planning	https://www.wichitabrew.com	535 N Woodlawn Blvd, Wichita, KS 67208	37.69534	-97.26368		Kansas' most acclaimed craft brewery with award-winning wood-fired pizza! Buffalo Sweat Oatmeal Cream Stout + Shaven Yak brown ale (World Beer Cup 2024 Gold!). Pizzeria + taproom. Family-friendly. Wichita. Multiple locations. The best beer in a cornfield state.
World's Largest Ball of Twine - Cawker City	Kansas	USA	Bizarre		Planning	https://www.cawkercityks.com	Wisconsin St, Cawker City, KS 67430	39.50944	-98.43307		Frank Stoeber started this in 1953. Now bigger than ever + allowed to add tourists! Annual Twine-a-Thon festival in August. Note: Iowa and Minnesota also claim 'world's largest' - Kansas is the real one! Cawker City, North Kansas. FREE. Garief: 4 streets, 1 cafe, 1 ball of rope.
World's Largest Hand-Dug Well - Greensburg	Kansas	USA	Bizarre		Planning	https://www.bigwell.org	315 S Sycamore St, Greensburg, KS 67054	37.60342	-99.29446		109 feet deep, 32 feet wide - hand-dug in 1887! Now a modern museum on top. Stairs down to the water's edge. Greensburg was 95% destroyed by a tornado in 2007 - rebuilt 100% sustainably. 'Greenest city in the US' after the tornado. Beautiful story of resilience. Small but memorable.
Apple Valley Hillbilly Garden - Marshall County	Kentucky	USA	Bizarre		Planning	https://www.facebook.com	Calvert City area, Marshall County, KY 42029	37.01845	-88.39190		Folk art playground full of wooden sculptures, toys, and Elvis busts! Family gas station converted into an outsider art museum. 3,000+ toy objects in the museum. I-24, W-Kentucky. FREE to view from the outside. Inside: small entrance fee.
Bourbons Bistro - Louisville	Kentucky	USA	Restaurant		Planning	https://bourbonsbistro.com	2255 Frankfort Ave, Louisville, KY 40206	38.25361	-85.70399		130+ bourbons on the menu + farm-to-table cuisine! Louisville Frankfort Ave - the hippest street in town. High-quality American food. Good cocktails. The right way to get to know bourbon. Reserve.
Buffalo Trace Distillery - Frankfort	Kentucky	USA	Brewery/Distillery		Planning	https://www.buffalotracedistillery.com	113 Great Buffalo Trace, Frankfort, KY 40601	38.21679	-84.87219		Kentucky's OLDEST working distillery (1773)! FREE tour and tasting! (reservations recommended) Pappy Van Winkle, W.L. Weller, Eagle Rare produced here. Frankfort, state capital. The most complete distillery experience in Kentucky. Completely free!
Cumberland Falls - Moonbow	Kentucky	USA	Nature		Planning	https://parks.ky.gov/corbin/cumberland-falls	7351 KY-90, Corbin, KY 40701	36.83861	-84.33833		The only place in the Western Hemisphere with a regular moonbow! Full moon + waterfalls + clear night = rainbow of moonlight. 68-foot waterfall - 'Niagara of the South'. Corbin, Southern Kentucky. Summer full moon night: come for this. Truly magical.
Dinosaur World - Cave City	Kentucky	USA	Bizarre		Planning	https://dinosaurworldky.com	711 Mammoth Cave Rd, Cave City, KY 42127	37.13557	-85.98102		150 life-sized dinosaur sculptures in the open air! I-65: impossible to miss. Kitsch but amazing. Fossils museum + sandpit for children. Cave City, next to Mammoth Cave. In August: witches' brew in the heat. Beautifully absurd.
Futuro House - Covington	Kentucky	USA	Bizarre		Planning	https://www.atlasobscura.com	224 Wright St, Covington, KY 41011	39.08817	-84.52643		One of only 60 remaining Futuro Houses worldwide! 26-foot diameter fiberglass flying saucer (1968 design). Private residence, but can be admired from the outside. Covington, just across the bridge from Cincinnati. FREE photo stop. UFO architecture in Kentucky!
HedoFest / Louisville Lifestyle Events	Kentucky	USA	Naturist		Planning	https://kasidie.com	Louisville area, KY	38.39644	-85.43756		Louisville lifestyle scene via Kasidie ​​platform! HedoFest: annual couples event in Louisville. Private home parties and club events. Find and sign up via Kasidie.com. Louisville has an active lifestyle community.
Kentucky Aviation Museum - Lexington	Kentucky	USA	Museum		Planning	https://kyaviationmuseum.org	Blue Grass Airport, Lexington, KY 40510	38.03737	-84.60340		Kentucky aviation history + vintage planes! Blue Grass Airport, Lexington. Small but good. Combine with Horse Farm tours. Half-day activity.
Kentucky Bourbon Trail	Kentucky	USA	Brewery/Distillery		Planning	https://www.kybourbontrail.com	Bardstown tot Frankfort, KY	37.81050	-85.46640		60 distilleries - 95% of the world's bourbon made in Kentucky! Buffalo Trace (free!), Maker's Mark, Woodford Reserve. Bardstown = Bourbon Capital of the World. Kentucky Derby + Bourbon Trail = ultimate Kentucky weekend. Book tours in advance. Maker's Mark: dip your own bottle in red wax.
Kentucky Derby Hot Air Balloon - Louisville	Kentucky	USA	Aviation		Planning	https://balloonlouis.com	Louisville area, KY	38.39644	-85.43756		Hot air balloon ride over the blue Kentucky bluegrass regions! Wooden fences, horse farms, Bourbond distilleries. Louisville + Bardstown area. Spring + early summer. Champagne toast. Book in advance. Unique Kentucky perspective.
Kentucky Reptile Zoo - Slade	Kentucky	USA	Bizarre		Planning	https://www.kyreptilezoo.org	200 L&E Railroad St, Slade, KY 40376	37.79312	-83.70395		One of the world's largest venomous snake collections! National Geographic + Animal Planet filmed here. Venomous snake shows. Contributing to antivenom research. Slade, Red River Gorge region. Not for the faint-hearted. Scientifically fascinating.
Louisville Slugger Museum	Kentucky	USA	Museum		Planning	https://www.sluggermuseum.com	800 W Main St, Louisville, KY 40202	38.25714	-85.76351		120-foot baseball bat leans against the museum! 68,000 pounds of steel. Factory made here in 1884. Working factory + museum. See real MLB bat production. Louisville downtown. Whiskey Row. Every MLB star ordered their bat here.
Maker's Mark Distillery - Loretto	Kentucky	USA	Brewery/Distillery		Planning	https://www.makersmark.com	3350 Burks Spring Rd, Loretto, KY 40037	37.64687	-85.34897		The only distillery with a signature red wax dip! You can dip your OWN bottle. Unique souvenir. National Historic Landmark. Beautiful estate. Loretto, Bourbon County. Tours several times a day. Book in advance.
Maker's Mark Distillery Star Hill Farm B&B	Kentucky	USA	Hotel		Planning	https://www.makersmark.com	3350 Burks Spring Rd, Loretto, KY 40037	37.64687	-85.34897		Stay overnight *on* the Maker's Mark distillery grounds! Star Hill Farm: Victorian house on the estate. Private tour. Dip your own bottle. Loretto, West Kentucky bourbon country. One of Kentucky's most unique overnight stop options.
Mammoth Cave National Park	Kentucky	USA	Nature		Planning	https://www.nps.gov/maca	1 Mammoth Cave Pkwy, Mammoth Cave, KY 42259	37.18699	-86.10124		Longest cave system in the world - 680+ kilometers explored! 1-6 hour tours available. Historic Wild Cave Tour. America the Beautiful pass valid! Cave City as base. I-65 corridor. Blind fish + dormice + ancient rocks.
Muth's Candies - Louisville	Kentucky	USA	Restaurant		Planning	https://www.muthscandy.com	630 E Market St, Louisville, KY 40202	38.25326	-85.74079		Louisville's OLDEST candy store (1921) - original Modjeska recipe! Modjeska: caramel-dipped marshmallow. Iconic Kentucky. Handmade. Small shop. Great heritage. Louisville NuLu neighborhood. Bourbon balls too. Take home as a souvenir.
My Old Kentucky Home State Park	Kentucky	USA	Historic		Planning	https://parks.ky.gov/bardstown/my-old-kentucky-home	501 E Stephen Foster Ave, Bardstown, KY 40004	37.80042	-85.45883		Federal Hill mansion - inspiration for Stephen Foster's 'My Old Kentucky Home'! Bardstown, Bourbon Capital of the world. Musical in the summer on the lawn. Combine with a bourbon trail for an authentic Kentucky day. Classic Southern Kentucky atmosphere.
Proof on Main - Louisville	Kentucky	USA	Restaurant		Planning	https://www.proofonmain.com	702 W Main St, Louisville, KY 40202	38.25701	-85.76178		Fine dining at the 21c Museum Hotel – surrounded by modern art! Seasonal menu featuring Kentucky products. Innovative. Whiskey Row location. Art hotel restaurant concept: the best of both worlds. Reserve now. Unique for a special evening.
Rabbit Hash General Store - Rabbit Hash	Kentucky	USA	Bizarre		Planning	https://rabbithashgeneralstore.com	10021 Lower River Rd, Rabbit Hash, KY 41005	38.94218	-84.84597		Town of 6 inhabitants with a DOG as mayor! Already had several dog mayors. Democratically elected. 1831 General Store along the Ohio River. Still open! Rabbit Hash, N-Kentucky along the Ohio River. FREE to visit. Store with local crafts. Uniquely American.
Ramsey's Diner - Lexington	Kentucky	USA	Restaurant		Planning	https://www.ramseysdiners.com	496 E High St, Lexington, KY 40507	38.03688	-84.49313		Lexington's most beloved Southern diner! Country ham, biscuits, fried chicken, chess pie. Restaurant-level home cooking. Lexington town centre. Local legend. Breakfast + lunch. Wait outside: always a line.
Red River Gorge Geological Area	Kentucky	USA	Nature		Planning	https://www.fs.usda.gov/detail/dbnf	Natural Bridge Rd, Stanton, KY 40380	37.79790	-83.70364		Spectacular limestone arcades + 100+ natural bridges! Daniel Boone National Forest. FREE basic entry. World-class climbing wall. 100+ routes. Stanton, Eastern Kentucky. 1 hour from Lexington. Autumn: explosion of colors in the gorges.
The Brown Hotel - Louisville	Kentucky	USA	Hotel		Planning	https://www.brownhotel.com	335 W Broadway, Louisville, KY 40202	38.24651	-85.75784		Historic grand hotel from 1923 - home of the Hot Brown! Georgia Revival architecture. Louisville's most iconic hotel. Downtown Louisville. Everything within walking distance. Kentucky Derby week: book well in advance. Stay WHERE the Hot Brown sandwich was born.
Thomas Merton's Hermitage - Gethsemani	Kentucky	USA	Historic		Planning	https://www.mertoncenter.org	3642 Monks Rd, Trappist, KY 40051	37.66303	-85.52868		The cottage where famous monk and writer Thomas Merton lived! Abbey of Gethsemani: active Trappist monastery. Monastery shop: cheese and bourbon fruitcake (literally). Trappist, KY. Peace and silence guaranteed. FREE. Visits are welcome and you can even book retreats.
Vent Haven Museum - Fort Mitchell	Kentucky	USA	Museum		Planning	https://venthavenmuseum.com	33 W Maple Ave, Fort Mitchell, KY 41011	39.05301	-84.55195		The only museum IN THE WORLD dedicated to ventriloquism + puppets! 900+ ventriloquist puppets stare at you. Utterly creepy. For Mitchell, Cincinnati border area. Tours by appointment. One of a kind. If the puppets talk at night? Run away.
Wigwam Village Motel - Cave City	Kentucky	USA	Hotel		Planning	https://wigwamvillage.com	601 N Dixie Hwy, Cave City, KY 42127	37.14497	-85.94562		Sleep in a 20-foot-high concrete tipi! 15 concrete wigwams as hotel rooms. Retro Americana 1937. Mammoth Cave is 15 min away. Perfect themed overnight stay. Cave City, KY. I-65 corridor. Original Wigwam Village #2. Only 3 left in the US.
Woodford Reserve - Versailles	Kentucky	USA	Brewery/Distillery		Planning	https://www.woodfordreserve.com	7855 McCracken Pike, Versailles, KY 40383	38.11171	-84.81108		Kentucky's most scenic distillery! National Historic Landmark. Stone buildings from the 1800s. Versailles (pronounced 'Ver-SALES' here), Central KY. Small batch bourbon. Premium quality. Tours are thorough and educational.
World's Tallest Three-Story Building - Morganfield	Kentucky	USA	Bizarre		Planning	https://roadsideamerica.com	Morganfield, KY 42437	37.68338	-87.91669		Building that CLAIMS to be the tallest three-story building in the world! Including the groundwater level, the 4th layer is below ground. Morganfield, West Kentucky. FREE. Logical absurdity at its best. Photo and drive on. Quick stop.
Abandoned Six Flags - New Orleans	Louisiana	USA	Bizarre		Planning	https://roadsideamerica.com	12301 Lake Forest Blvd, New Orleans, LA 70128	30.04762	-89.93327		Six Flags New Orleans abandoned after Katrina (2005) - never reopened! 140 acres of post-apocalyptic amusement park in the wild. Not legally accessible - but visible from the outside. NO East. Urban exploring legend. FREE to view. Will eventually be demolished.
Abita Mystery House	Louisiana	USA	Bizarre		Planning	https://www.abitamysteryhouse.com	22275 LA-36, Abita Springs, LA 70420	30.47737	-90.03599		'DARRELL' - half dog, half alligator! Plus thousands of bizarre objects. John Preble's outsider art collection in multiple buildings. Art cars, arcade machines, mosaics, antique scrap. Abita Springs, 30 min from New Orleans. A little gem outside the city. Completely unexpectedly absurdist.
Atchafalaya Basin Swamp	Louisiana	USA	Nature		Planning	https://www.atchafalayabasininfo.com	Henderson, LA 70517	30.31325	-91.79039		Largest swamp landscape in North America - 1.4 million acres! Boat tours, kayak, airboat. Henderson, central Louisiana. Filming location for Robert Flaherty's 'Louisiana Story'. Autumn: spectacular bird migration.
Bayou Allure Clothing Optional B&B - Baton Rouge	Louisiana	USA	Naturist		Planning	https://bayouallure.com	Baton Rouge, LA 70811	30.53458	-91.12571		Clothing-optional bed & breakfast in Baton Rouge! 30 min from New Orleans. Private setting, adults only. Bayou view. Unique Louisiana naturist B&B experience.
Bayou Zipline Adventure - New Orleans	Louisiana	USA	Aviation		Planning	https://bayouzipline.com	New Orleans area, LA	29.97397	-90.14950		Zipline OVER the Louisiana bayou - with alligators below! Adrenaline rush + wildlife guaranteed. New Orleans surroundings. Combined well with a swamp tour. Perfect content for @roamingbonbons.
Café Du Monde - New Orleans	Louisiana	USA	Restaurant		Planning	https://www.cafedumonde.com	800 Decatur St, New Orleans, LA 70116	29.95754	-90.06186		Open 24/7 SINCE 1862 - beignets + café au lait. Period. Decatur Street, French Market. Powdered sugar on everything around you. And on you. A must-stop. No choice. Do it. Night: the most wonderful time. Drunk people + beignets = New Orleans.
Central Grocery - Muffuletta	Louisiana	USA	Restaurant		Planning	https://www.centralgrocery.com	923 Decatur St, New Orleans, LA 70116	29.95884	-90.06112		INVENTOR of the Muffuletta sandwich (1906)! Round bread with Italian sausage, salami, olive relish. Decatur Street, French Quarter. Cash only. Normal line. Eat half: this is a sandwich for two people.
Colette New Orleans - Lifestyle Club	Louisiana	USA	Naturist		Planning		New Orleans, LA 70130	29.93356	-90.07001		New Orleans' most famous lifestyle club - one of the best in the US! $200/year or $30 per night membership. On-premise. Couples and select singles. Sign up via website + membership options. New Orleans is the most open city in America. Fitting.
Commander's Palace - New Orleans	Louisiana	USA	Restaurant		Planning	https://commanderspalace.com	1403 Washington Ave, New Orleans, LA 70130	29.92888	-90.08423		Garden District's most iconic fine dining restaurant! 25-cent martinis during weekend brunch (there is a limit - but...). James Beard Award winners learned here. Emeril Lagasse trained here. Victorian dining palace. Dress code. Book weeks in advance. Garden District.
Dooky Chase's Restaurant - New Orleans	Louisiana	USA	Restaurant		Planning	https://www.dookychaserestaurant.com	2301 Orleans Ave, New Orleans, LA 70119	29.96822	-90.07849		Leenda Chase's legend - 'Queen of Creole Cuisine' (1941)! The place where Thurgood Marshall and MLK discussed the strategy for civil rights. Best Creole gumbo in the world. Fried chicken legendary. Treme neighborhood, New Orleans. Reserve. Meeting place of the civil rights movement.
Galatoire's - New Orleans	Louisiana	USA	Restaurant		Planning	https://www.galatoires.com	209 Bourbon St, New Orleans, LA 70130	29.95496	-90.06904		French Quarter institution since 1905 – unchanged! Overly buttery sauces. Sometimes a 2-hour wait in line. 'Old guard' New Orleans dining: loud, festive, decadent. Bourbon Street. Dress code after 5:00 PM. Friday lunch: the real test of who understands New Orleans.
Hotel Monteleone - New Orleans	Louisiana	USA	Hotel		Planning	https://hotelmonteleone.com	214 Royal St, New Orleans, LA 70130	29.95425	-90.06760		Home to the SPINNING Carousel Bar + literary legend! Tennessee Williams, William Faulkner, and Truman Capote slept here. Royal Street, French Quarter. 1886. Historic and stylish. Literary Trail designation. Every room has a story.
Indian Hills Nudist Park - Slidell	Louisiana	USA	Naturist		Planning	https://www.louisiananudist.com	2484 Gause Blvd W, Slidell, LA 70460	30.30562	-89.84494		AANR-affiliated naturist park 30 min from New Orleans! Swimming pool + hot tub. Adults only but family-friendly atmosphere. Slidell, N Louisiana. Since 1971. Couples welcome. Perfect naturist stop in the Deep South.
Laura Plantation - Vacherie	Louisiana	USA	Historic		Planning	https://www.lauraplantation.com	2247 Louisiana Hwy 18, Vacherie, LA 70090	30.00851	-90.72541		Louisiana's most honestly told plantation tour! Explicit about slavery. Creole architecture. Br'er Rabbit stories trace back to tales that originated HERE. Vacherie, Great River Road. Book in advance. Small groups. Powerful.
Marie Laveau's Tomb - St. Louis Cemetery #1	Louisiana	USA	Bizarre		Planning	https://saveourcemeteries.org	425 Basin St, New Orleans, LA 70112	29.95940	-90.07161		Grave of New Orleans' MOST FAMOUS Voodoo Queen (1881)! The only tourist tour cemetery in New Orleans (guide required). XXX scratched once again by pilgrims asking for a wish. French Quarter border. Film Interview with a Vampire photo location as well.
Muriel's Restaurant Séance Room	Louisiana	USA	Bizarre		Planning	https://www.muriels.com	801 Chartres St, New Orleans, LA 70116	29.95846	-90.06319		Restaurant with a SECRET Séance room on the 2nd floor! Every evening, a table is reserved for the ghost of Pierre Antoine Lepardi Jourdan. Chartres Street, French Quarter. Food + supernatural atmosphere = unique Louisiana dinner. Reserve + ask for the séance room.
Museum of Death - New Orleans	Louisiana	USA	Museum		Planning	https://www.museumofdeath.net	227 Dauphine St, New Orleans, LA 70112	29.95602	-90.06994		Paintings of serial killers, Dr. Kevorkian's Thanatron, autopsy videos! New Orleans branch of the infamous LA + SD museum. For strong stomachs. Utterly creepy and fascinating. French Quarter. 18+. Not for the faint of heart. We are going.
Natchitoches Christmas Festival	Louisiana	USA	Festival		Planning	https://www.christmasfestival.com	Natchitoches, LA 71457	31.76072	-93.08627		Oldest inhabited city in Louisiana + EPIC Christmas Festival! This December: 300,000 lights along the river. The movie Steel Magnolias was filmed here! Natchitoches, NW Louisiana. If the timing is right (Dec 2027 route option): SPECTACULAR.
New Orleans Historic Voodoo Museum	Louisiana	USA	Museum		Planning	https://www.voodoomuseum.com	724 Dumaine St, New Orleans, LA 70116	29.95983	-90.06389		Real human skulls, voodoo dolls, Rougarou (man-alligator-head)! Founded by Charles Massicot Gandolfo. Authentic voodoo items. French Quarter. Small but truly oppressive. Marie Laveau voodoo queen heritage. New Orleans culture in its most uncomfortable form.
NOLA Brewing Company	Louisiana	USA	Brewery/Distillery		Planning	https://www.nolabrewing.com	3001 Tchoupitoulas St, New Orleans, LA 70115	29.92005	-90.08126		New Orleans' most acclaimed craft brewery! Mechanical Bull IPA + NOLA Brown are the star performers. Tchoupitoulas St, Garden District nearby. Tours on Saturdays. Large taproom. The best local beer in Louisiana.
Old New Orleans Rum Distillery	Louisiana	USA	Brewery/Distillery		Planning	https://www.oldneworleansrum.com	2815 Frenchmen St, New Orleans, LA 70119	29.98655	-90.05924		Louisiana's first rum distillery in modern times! Sugarcane-based. Local raw materials. Frenchmen Street, Marigny. Tours + tastings. Small and authentic. Rum is Louisiana's true distilling tradition (Creole heritage).
Roosevelt Hotel (Waldorf Astoria) - New Orleans	Louisiana	USA	Hotel		Planning	https://www.therooseveltneworleans.com	130 Roosevelt Way, New Orleans, LA 70112	29.95425	-90.07198		1893 Grand Hotel - Huey Long's favorite hangout! Sazerac Bar: home of the original Sazerac cocktail. The lobby is an incredible architectural statement. Center New Orleans, Warehouse District. The Christmas decorations here are legendary.
Southern Seaplane - New Orleans	Louisiana	USA	Aviation		Planning	https://southernseaplane.com	1 Seaplane Dr, Belle Chasse, LA 70037	29.86398	-90.00025		Seaplane over the Mississippi Delta and bayous! Unique perspective on the river meanders + bayou patterns. Belle Chasse Airport, 20 min from New Orleans. Tours of 30-90 min. Make a reservation. Water landing experience.
St. Louis Cemetery #3	Louisiana	USA	Historic		Planning	https://saveourcemeteries.org	3421 Esplanade Ave, New Orleans, LA 70119	29.98523	-90.08665		Above-ground 'oven tombs' - Louisiana's iconic cemeteries! New Orleans builds tombs above ground due to water levels. Rows of white crypts. Completely surreal. Esplanade Avenue, Mid-City. 150+ years of burial history. Can be visited independently.
Statue of Ignatius J. Reilly - New Orleans	Louisiana	USA	Bizarre		Planning	https://roadsideamerica.com	Canal Street bij Bourbon, New Orleans, LA 70130	29.95130	-90.06607		Bronze statue of A Confederacy of Dunces' main character! Toby's Corner, Canal Street. John Kennedy Toole's novel won the Pulitzer Posthumously. FREE photo stop. For literary pilgrims: hallowed ground.
Swamp Tour - Honey Island Swamp	Louisiana	USA	Nature		Planning	https://www.honeyislandswamp.com	Slidell area, LA 70460	30.32038	-89.83177		Purest Louisiana swamp experience – almost uninhabited! Alligators, turtles, herons, cypresses. Honey Island = legendary wilderness area. Slidell, 40 min from New Orleans. Spring + autumn: most wildlife active.
Acadia Air Tours - Bar Harbor	Maine	USA	Aviation		Planning	https://acadiaairtours.com	Hancock County Airport, Trenton, ME 04605	44.44510	-68.36213		Fly over Acadia National Park from the air! Vintage Cessna flights over the island coastline, Cadillac Mountain. Hancock County Airport, next to Bar Harbor. Summer only. Book early. Unique perspective on Maine's rocky coastline.
Acadia National Park	Maine	USA	Nature		Planning	https://www.nps.gov/acad	20 McFarland Hill Dr, Bar Harbor, ME 04609	44.37452	-68.25928		Maine's most visited national park - spectacular coastline! Cadillac Mountain: first sunrise point in the US (Oct-March). America the Beautiful pass valid! Bar Harbor as a base. Summer: busy. Autumn: fantastic. Carriage roads free. Jordan Pond House: popover tradition.
Allagash Brewing Company - Portland	Maine	USA	Brewery/Distillery		Planning	https://www.allagash.com	50 Industrial Way, Portland, ME 04103	43.70322	-70.31751		Maine's most famous craft brewery - award-winning Belgian-style! Allagash White: the iconic white beer of New England. Tours + tastings. Portland. White beer made in Maine - more confusing than you think, but tastier. National distribution, but Portland = the source.
Baxter State Park - Mount Katahdin	Maine	USA	Nature		Planning	https://www.baxterstateparkauthority.com	64 Balsam Dr, Millinocket, ME 04462	45.65676	-68.68691		Endpoint of the Appalachian Trail + Maine's highest mountain (5,270 feet)! Percival Baxter: private purchase → donated to Maine. Highest difficulty level AT. Extreme hikers come here for the finish. Millinocket serves as the base. Summer only. America the Beautiful pass NOT valid - separate Maine state park.
Bigfoot Sightings Sign - Rangeley	Maine	USA	Bizarre		Planning	https://roadsideamerica.com	ME-16, Rangeley, ME 04970	44.97709	-70.72783		Official sign: 'Bigfoot Sightings in This Area'! FREE. Along the road near Rangeley. Locals claim with a straight face that sightings are normal. Combine with the Wilhelm Reich Museum for a bizarre Rangeley day. Maine humor at its driest.
Cadillac Mountain - First Sunrise USA	Maine	USA	Bizarre		Planning	https://www.nps.gov/acad/planyourvisit/cadillacmountain.htm	Cadillac Mountain Rd, Bar Harbor, ME 04609	44.35190	-68.22730		FIRST PLACE in the US where the sun rises (October to March)! 466m high = highest coastal mountain along the Atlantic coast north of Brazil. Reservations are MANDATORY for timed entry for sunrise via recreation.gov. Auto road or hike. Autumn view = incredible. America the Beautiful.
Desert of Maine - Freeport	Maine	USA	Bizarre		Planning	https://www.desertofmaine.com	95 Desert Rd, Freeport, ME 04032	43.85897	-70.15641		40 acres of DESERT in Maine – created by overgrazing! Glacier sand from 12,000 years ago exposed by erosion. Tours + mineral collection. Freeport, 30 min from Portland. Half a strange natural phenomenon but completely fascinating.
Eartha - World's Largest Rotating Globe	Maine	USA	Bizarre		Planning	https://www.delorme.com	Two DeLorme Dr, Yarmouth, ME 04096	43.80815	-70.16432		World's largest rotating globe - Guinness record 1999! 41.5 feet diameter. 2.5 tons. Rotates and tilts like the real Earth. DeLorme Mapping Company lobby. Free to view. Yarmouth, 20 min from Portland. If cartography inspires you: truly special.
Eventide Oyster Co. - Portland	Maine	USA	Restaurant		Planning	https://www.eventideoysterco.com	86 Middle St, Portland, ME 04101	43.65937	-70.25124		James Beard Award nominees! Best mussels + oyster bar in New England. Oyster bar + modern New England cuisine. Portland Old Port. Crowded. Just wait, it is worth it. Brown butter lobster roll = better than the traditional version.
Fore Street - Portland	Maine	USA	Restaurant		Planning	https://www.forestreet.biz	288 Fore St, Portland, ME 04101	43.65802	-70.25092		Portland's most acclaimed fine dining – wood-fire everything! James Beard Award-winning chef Sam Hayward. Old Port. Seasonal local produce. Book weeks in advance. Probably the best farm-to-table restaurant in New England.
International Cryptozoology Museum - Portland	Maine	USA	Museum		Planning	https://www.cryptozoologymuseum.com	4 Thompson's Point Rd, Portland, ME 04102	43.65153	-70.29036		The only official museum dedicated to Bigfoot, Nessie, Yeti, etc.! Real 'evidence': hair, prints, casts. Portland. Lyle Rowland's 37-year collection. The world's ONLY cryptozoology museum. A nail in the scientific trunk. Wonderful.
Jordan Pond + Beehive Trail - Acadia	Maine	USA	Nature		Planning	https://www.nps.gov/acad/planyourvisit/jordanpond.htm	Jordan Pond Rd, Bar Harbor, ME 04609	44.33180	-68.25560		Jordan Pond: spectacular glacial lake with a perfect reflection of The Bubbles. Jordan Pond House famous for popovers and tea! Beehive Trail: intense short hike (3.5 km) with iron pins and ladders in the rock face – heart in your throat, but the reward is fantastic. Only for those without a fear of heights.
Kennebunkport Inn	Maine	USA	Hotel		Planning	https://www.kportinn.com	One Dock Square, Kennebunkport, ME 04046	43.36147	-70.47749		Charming historic inn in the heart of Kennebunkport! Walking distance to everything: harbor, restaurants, beaches. Classic Maine coastal atmosphere. Kennebunkport: also home to the Bush Sr. family. Summer: book well in advance.
Lenny the Chocolate Moose - Scarborough	Maine	USA	Bizarre		Planning	https://www.lenlibbycandies.com	419 US-1, Scarborough, ME 04074	43.58347	-70.36363		1,700 pound life-sized CHOCOLATE MOOSE! Hand-carved from solid chocolate blocks. Len Libby Candies, Scarborough. FREE to admire. Buying candy is mandatory. The most Maenai attraction you can imagine.
LL Bean Flagship + Giant Boot - Freeport	Maine	USA	Bizarre		Planning	https://www.llbean.com	95 Main St, Freeport, ME 04032	43.85771	-70.10297		16.5-foot brown boot + America's most famous outdoor store! Open 24/7/365 - no locks on the doors ever! Freeport is the outlet shopping town of Maine. FREE boot photo. Free entry to the store. The boot might be a size 400 L.L. Bean shoe or something.
Maine Lifestyle / Richmond Sauna meetups	Maine	USA	Naturist		Planning	https://kasidie.com	Richmond, ME 04357	44.10784	-69.81691		Maine's lifestyle scene is small but active via Kasidie ​​+ AFF! Richmond Corner Sauna sometimes serves as a neutral meeting place. Coordinate events via online platforms. Kasidie.com for Maine lifestyle couples. Small but discreet.
Maine Solar System Model - Presque Isle to Houlton	Maine	USA	Bizarre		Planning	https://www.umpi.edu/	US-1, Presque Isle to Houlton, ME	46.12528	-67.84166		Scale solar system spread over 40 MILES of the road! High school students built this in 1999. Unique! Sun in Orono → Pluto in Houlton = correct scale distances. US-1 along the route. FREE and infinitely large. Literally.
Paul Bunyan Statue - Bangor	Maine	USA	Bizarre		Planning	https://www.bangormaine.gov	519 Main St, Bangor, ME 04401	44.78867	-68.77832		31-foot tall Paul Bunyan – probably the most handsome in the world! In Bass Park since 1959. Axe + lumberjack gear. Stephen King gave him a cameo in 'It' – come alive. Bangor is King's hometown – a perfect match. FREE. Quick stop. Impressive.
Pemaquid Point Lighthouse	Maine	USA	Historic		Planning	https://www.pemaquidpointlight.com	3115 Bristol Rd, New Harbor, ME 04554	43.83640	-69.50550		Most photographed lighthouse in New England – literally located at Maine State Quarter! Spectacular rock formations (folded granite, 500 million years old) right on the Atlantic Ocean. Fishermen's Museum next to the tower. Arrive early for the best light. $5 pp.
Portland Oyster Trail	Maine	USA	Restaurant		Planning	https://www.portlandmaine.com	Portland, ME 04101	43.66300	-70.25688		Portland = New England's food capital with oysters on every corner! Pachanga Portland, Duckfat, Eventide, Fore Street + 50+ others. Old Port: a drinkable walk past bars, oysters, and beer. Portland, ME. Food geeks come especially for this. And rightly so.
Red's Eats - Wiscasset	Maine	USA	Restaurant		Planning	https://www.redseats.com	41 Water St, Wiscasset, ME 04578	44.00207	-69.66436		'World's Best Lobster Roll' claim - and you'll believe it after the first bite! 1.5 lb lobster on a hot dog bun. NO stuffing. Pure lobster. Wiscasset. The line sometimes stretches onto the bridge. Cash only. Summer only. Lobster hanging out on both sides. Eat outside.
Richmond Corner Sauna - Richmond	Maine	USA	Naturist		Planning	https://saunamaine.com	81 Dingley Rd, Richmond, ME 04357	44.10140	-69.88919		Maine's best clothing-optional naturist B&B with Finnish saunas! Sunbathing area, indoor heated pool, hot tub. Open year-round – rare for Maine. Richmond, central Maine. Book now. Formerly swingers too – now purely naturist.
Shipyard Brewing Company - Portland	Maine	USA	Brewery/Distillery		Planning	https://www.shipyard.com	86 Newbury St, Portland, ME 04101	43.66170	-70.24838		Portland's most famous craft brewery - Export Ale classic! Brewery tours through historic cast-iron building. Portland downtown. Export Ale + Pumpkinhead Ale. Pumpkinhead in autumn = Maine beer tradition. Best stop after Eventide Oyster Co.
Stephen King's House - Bangor	Maine	USA	Bizarre		Planning	https://www.bangormaine.gov	47 W Broadway, Bangor, ME 04401	44.80241	-68.78530		Stephen King's real house! Private residence - view from the outside. Spiderweb-iron fence with bats and spiders. Bangor. King still lives there (seasonal). FREE photo stop. Stan de Man: Bangor is the base of King's horror universe.
The Inn at Portland Headlight	Maine	USA	Hotel		Planning	https://headlightinn.com	Portland area, ME 04106	43.65012	-70.24160		Historic B&B close to Portland Head Lighthouse! Visible from the coastal walk. Cape Elizabeth, 15 min from Portland. Authentic Maine stay. Sunrise over the ocean from your room.
Thunder Hole - Acadia	Maine	USA	Nature		Planning	https://www.nps.gov/acad	Ocean Path, Bar Harbor, ME 04609	44.31913	-68.18998		SOOT-LOUD popping sea cave during stormy seas! Seawater + air trapped in the cave = cannon explosion. Ocean Drive, Acadia National Park. America the Beautiful Pass. Best time: 2 hours after low tide during moderate waves. Wait.
West Quoddy Head Lighthouse - Lubec	Maine	USA	Bizarre		Planning	https://www.maine.gov	West Quoddy Head Rd, Lubec, ME 04652	44.81507	-66.95049		EASTERN point of the US + iconic candy-cane lighthouse! Built in 1808. Red and white striped. Unique design. Lubec, Downeast Maine. Far east of the continent. FREE outside the park. State park entry. Sunrise here = first sunlight in the continental US.
West Quoddy Head State Park	Maine	USA	Bizarre		Planning	https://www.maine.gov/dacf/parks/discover_history_explore_nature/parks/west_quoddy_head.shtml	973 S Lubec Rd, Lubec, ME 04652	44.81480	-66.95100		EASTERN POINT of the USA! Candy Stripe Lighthouse (1808) with red and white stripes – an absolute eye-catcher. On a clear day, you can see Canada (New Brunswick) 5 km away. FIRST place in the US to see the sunrise (Oct-March). Walking path along spectacular tidal pools. $4 pp.
Wild Blueberry Land - Columbia Falls	Maine	USA	Bizarre		Planning	https://www.wildblueberryland.com	1067 US-1, Columbia Falls, ME 04623	44.64844	-67.70694		Dome building shaped like a giant blueberry + mini-golf + Willy Wonka vibe! Every hole: blueberry theme. Private farm behind it. Columbia Falls, Downeast Maine. Blueberries = Maine's sacred fruit. Delightfully kitschy and completely devoted.
Wilhelm Reich Museum - Rangeley	Maine	USA	Bizarre		Planning	https://www.wilhelmreichtrust.org	19 Orgonon Circle, Rangeley, ME 04970	45.00551	-70.74062		Lab of controversial psychoanalyst + 'cloudbusters' inventor! Reich believed he could manipulate 'orgone energy'. The FDA burned his books. The FDA! Rangeley, NW Maine. Beautiful mountains. One of the most bizarre scientist-museums in America.
Addu Nature Park	Maldives	Maldives	Nature		Planning	https://visitmaldives.com/en/places/addu-nature-park	Eydhigali Kilhi, Hithadhoo, Addu City 19020	-0.58930	73.07828	4.4	The park protects wetlands, mangroves and coastal habitats around Eydhigali Kilhi and Koattey. Gentle cycling, birdwatching and guided canoe outings make it suitable for a slower activity level, although reaching Addu requires a domestic flight.
Artificial Beach	Maldives	Maldives	Nature		Planning	https://visitmaldives.com/	Boduthakurufaanu Magu, Malé 20000	4.17403	73.51783	4.4	This man-made urban beach provides a swimming area and evening gathering place on Malé’s eastern waterfront. It is less idyllic than an outer island but convenient during a city stay and close to cafés and the airport ferry route.
Dhigurah Island	Maldives	Maldives	Nature		Planning	https://visitmaldives.com/	Dhigurah, Alifu Dhaalu Atoll 00070	3.52535	72.92298		Dhigurah is unusually long by Maldivian standards, with a forested path leading to an extended sandbank. The surrounding South Ari Atoll is famous for whale-shark excursions, which can be enjoyed with minimal physical effort from a guided boat.
Fulidhoo Island	Maldives	Maldives	Nature		Planning	https://visitmaldives.com/	Fulidhoo, Vaavu Atoll 10010	3.68027	73.41580	4.9	Tiny Fulidhoo combines a relaxed village, attractive beach and frequent sightings of rays near the harbor. The island is easily walkable and less hectic than Maafushi, though the longer speedboat transfer costs more.
Grand Friday Mosque	Maldives	Maldives	Historic		Planning	https://islamicaffairs.gov.mv/	Orchid Magu, Malé 20190	4.17778	73.50755	4.6	The golden-domed mosque and Islamic Centre form one of Malé’s most recognizable landmarks. Visit outside prayer periods, wear modest clothing and combine it with Republic Square and the waterfront.
Gulhi Island	Maldives	Maldives	Nature		Planning	https://visitmaldives.com/	Gulhi, Kaafu Atoll 08070	3.99040	73.50949		Gulhi is a small local island with a pleasant bikini beach, calm lagoon and a quieter feel than Maafushi. It suits an easy-going beach day and can be combined with Maafushi using scheduled ferries or speedboats.
Guraidhoo Island	Maldives	Maldives	Nature		Planning	https://visitmaldives.com/	Guraidhoo, Kaafu Atoll 08080	3.89765	73.46897	4.3	Guraidhoo provides a more residential local-island atmosphere with access to nearby reefs and sandbanks. Accommodation and food are relatively affordable, while organized boat excursions should be booked through a guesthouse.
Hanifaru Bay	Maldives	Maldives	Nature		Planning	https://baa-atoll.com/hanifaru-bay	Hanifaru Bay, Baa Atoll	5.18518	73.10369	4.4	This protected UNESCO biosphere site can host spectacular seasonal gatherings of manta rays, especially from roughly May through November. Entry is regulated, scuba diving is prohibited inside the bay and visits must use an authorized operator.
Hukuru Miskiy	Maldives	Maldives	Historic		Planning	https://visitmaldives.com/en/places/hukuru-miskiy-and-munnaaru	Medhuziyaaraiy Magu, Malé 20195	4.17792	73.51086	4.6	Built from carved coral stone in the seventeenth century, this is one of the Maldives’ most important historic buildings. Non-Muslim visitors should dress conservatively and may need permission to enter, while the exterior and old cemetery remain worthwhile.
Hulhumale Beach	Maldives	Maldives	Nature		Planning	https://visitmaldives.com/	Nirolhu Magu, Hulhumalé 23000	4.20873	73.54226	4.4	Hulhumalé offers a long, accessible beach without requiring an expensive resort transfer. Local-island dress rules apply outside designated tourist sections, and the promenade works well for an easy sunset walk or bike ride.
Hulhumale Central Park	Maldives	Maldives	Nature		Planning	https://hda.gov.mv/	Huvandhumaa Hingun, Hulhumalé 23000	4.21614	73.54320	4.5	This modern public park has shaded paths, lawns, playgrounds and cafés amid Hulhumalé’s planned urban landscape. It is a low-effort stop that combines well with the beach and nearby mosque.
Isdhoo Old Mosque	Maldives	Maldives	Historic		Planning	https://visitmaldives.com/en/places/old-mosque-laamu-isdhoo	Isdhoo, Laamu Atoll 15030	2.12698	73.57994	4.7	This historic coral-stone mosque is associated with important Maldivian copperplate records and early Islamic history. It lies well outside the standard resort circuit, making it most practical as part of a longer Laamu Atoll stay.
Ithaa Undersea Restaurant	Maldives	Maldives	Restaurant		Planning	https://www.conradmaldives.com/dine/ithaa-undersea-restaurant/	Conrad Maldives Rangali Island, Alifu Dhaalu Atoll 20077	3.61757	72.72327	4.4	Ithaa serves meals inside a glass-walled dining room about five meters beneath the lagoon. It is an exceptional but expensive experience, and outside guests must arrange resort access and transfers well in advance.
Kuruhinna Tharaagandu	Maldives	Maldives	Historic		Planning	https://visitmaldives.com/en/places/kuruhinna-tharaagandu	Kaashidhoo, Kaafu Atoll 08010	4.95722	73.46432		These archaeological remains preserve evidence of a Buddhist monastery dating from before the Maldives became Islamic. The site is modest and remote but rewards travelers interested in the country’s largely overlooked pre-Islamic history.
Maafushi Island	Maldives	Maldives	Nature		Planning	https://visitmaldives.com/en/places/maafushi	Maafushi, Kaafu Atoll 08090	3.94146	73.49017		Maafushi is the Maldives’ best-developed budget-tourism island, with guesthouses and competitively priced snorkeling, sandbank and dolphin trips. It is busier than smaller islands but makes an efficient and affordable base reached by public ferry or speedboat.
Maldives National Museum	Maldives	Maldives	Museum		Planning	https://visitmaldives.com/en/experience/culture	Chaandhanee Magu, Malé 20196	5.10330	73.07195	4.1	The compact national museum introduces Maldivian royal history, traditional crafts, coins, weapons and Buddhist-era artifacts. It is an easy indoor stop that pairs naturally with Sultan Park and the nearby historic mosques.
Maldives Whale Submarine	Maldives	Maldives	Bizarre		Planning	https://whalesubmarine.com.mv/	Laccadive Sea, departure from Malé, Malé 20000	4.17779	73.51152	4	This tourist submarine descends below the surface without requiring guests to swim or dive. Marine sightings vary, but the unusual vessel suits travelers seeking an easy underwater experience near Malé.
Male Fish Market	Maldives	Maldives	Bizarre		Planning	https://visitmaldives.com/	Boduthakurufaanu Magu, Malé 20240	4.17923	73.50675	4.2	This working waterfront market offers an unfiltered look at the country’s tuna-based fishing economy. Go in the afternoon when catches arrive, expect wet floors and strong smells, and combine it with the produce market next door.
Mulee Aage	Maldives	Maldives	Historic		Planning	https://visitmaldives.com/en/places/muleeaage	Medhuziyaaraiy Magu, Malé 20195	4.17792	73.51086	4.4	This colorful early-twentieth-century building serves as the official presidential residence. The interior is generally closed, but the ornate exterior is an easy photo stop beside Hukuru Miskiy.
Rasdhoo Island	Maldives	Maldives	Nature		Planning	https://visitmaldives.com/	Rasdhoo, Alifu Alifu Atoll 09020	4.26380	72.99056	4.6	Rasdhoo is the compact capital of its atoll and a good base for lagoon cruises, snorkeling and sandbank visits. The village has enough restaurants and services for comfort while remaining small enough to explore entirely on foot.
SEA Underwater Restaurant	Maldives	Maldives	Restaurant		Planning	https://www.anantara.com/en/kihavah-maldives/restaurants/sea	Anantara Kihavah Maldives Villas, Kihavah Huravalhi, Baa Atoll 20215	4.29433	73.55843	4.8	SEA surrounds diners with windows overlooking a living coral reef and passing marine life. It pairs particularly well with a Hanifaru Bay trip, although resort transfers and the meal make this a premium splurge rather than a mid-range staple.
Soneva Fushi Cinema Paradiso	Maldives	Maldives	Entertainment/sports		Planning	https://soneva.com/resorts/soneva-fushi/experiences/cinema-paradiso/	Soneva Fushi, Kunfunadhoo Island, Baa Atoll 06170			4.8	This open-air cinema screens films beneath the stars with wireless headphones to preserve the island’s quiet atmosphere. Access is primarily intended for resort guests, making it a memorable add-on rather than a standalone excursion.
Sultan Park	Maldives	Maldives	Nature		Planning	https://visitmaldives.com/	Chaandhanee Magu, Malé 20196	5.10330	73.07195	4.4	Sultan Park is a landscaped green refuge in densely built Malé, created on part of the former royal palace grounds. It is best used as a quiet break between the National Museum, markets and mosques.
The Muraka	Maldives	Maldives	Hotel		Planning	https://www.conradmaldives.com/stay/the-muraka/	Conrad Maldives Rangali Island, Alifu Dhaalu Atoll 20077	3.61757	72.72327	4.5	The Muraka is a two-level residence whose main bedroom sits beneath the Indian Ocean. An overnight stay is wildly beyond a mid-range budget, but architecture enthusiasts can ask whether limited tours or dining packages are available while visiting the resort.
Thulusdhoo Island	Maldives	Maldives	Entertainment/sports		Planning	https://visitmaldives.com/	Thulusdhoo, Kaafu Atoll 08040	4.37428	73.65178	4.5	Thulusdhoo is known for surfing, local guesthouses and a broad choice of water excursions. Non-surfers can enjoy the beach, lagoon and boat trips while watching experienced riders at the famous Cokes break.
Trans Maldivian Seaplane Flight	Maldives	Maldives	Aviation		Planning	https://www.transmaldivian.com/	Velana International Airport, Hulhulé 22000	4.19619	73.53010	3.9	A Twin Otter seaplane transfer provides extraordinary aerial views of reefs, lagoons and tiny islands. Flights normally operate as resort transfers rather than simple sightseeing tours, so choose a destination served by seaplane and verify baggage limits.
Ukulhas Island	Maldives	Maldives	Nature		Planning	https://visitmaldives.com/	Ukulhas, Alifu Alifu Atoll 09030	4.21427	72.86576		Ukulhas is a tidy local island recognized for environmental initiatives, a long tourist beach and accessible house-reef snorkeling. It offers a comfortable middle ground between basic village tourism and costly resort islands.
Utheemu Ganduvaru	Maldives	Maldives	Historic		Planning	https://visitmaldives.com/en/places/utheemu-ganduvaru	Utheemu, Haa Alifu Atoll 01030	6.83681	73.11235		This preserved wooden palace was the childhood home of national hero Sultan Muhammad Thakurufaanu. Its carved interiors and guided stories provide rare insight into life beyond beaches, but reaching the far-northern island requires careful flight and boat planning.
Vaadhoo Bioluminescent Beach	Maldives	Maldives	Bizarre		Planning	https://visitmaldives.com/	Vaadhoo, Raa Atoll 05080				Glowing plankton can occasionally produce the celebrated “sea of stars” effect along Vaadhoo’s shoreline. The phenomenon is natural, unpredictable and never guaranteed, so treat it as a possible bonus rather than the sole reason for traveling there.
Villingili Island	Maldives	Maldives	Nature		Planning	https://visitmaldives.com/	Villingili, Malé Atoll	4.17331	73.48828	4.6	A short public ferry ride from Malé reaches a quieter residential island with beaches and vehicle-light streets. Walk or rent bicycles locally, observe conservative local customs and return before the last scheduled ferry.
Assiniboine Park Zoo - Winnipeg	Manitoba	Canada	Nature		Planning	https://www.assiniboinepark.ca	2595 Roblin Blvd, Winnipeg, MB R3R 2N7, Canada	49.87123	-97.24007		Canadian zoo with polar bears and Polish wolf! Journey to Churchill experience: polar bear exhibits. Winnipeg West Side. Combine well with the Human Rights Museum. Russian polar bears here + prairie animals.
Canadian Museum for Human Rights - Winnipeg	Manitoba	Canada	Museum		Planning	https://www.humanrights.ca	85 Israel Asper Way, Winnipeg, MB R3C 0L5, Canada	49.89085	-97.13101		THE ONLY museum in the world entirely dedicated to human rights! Ranked as one of Canada's most beautiful buildings. Indigenous rights, Holocaust, LGBTQ+ stories. The Forks, Winnipeg. Beside the rivers. Architectural masterpiece. Opened in 2014.
Churchill - Beluga Whales Snorkelen	Manitoba	Canada	Nature		Planning	https://www.frontiersnorth.com	Churchill River, Churchill, MB, Canada	58.71766	-94.12286		60,000+ beluga whales in the Churchill River in July-August! Snorkeling WITH the whales is possible – unique in the world. Kayak tours among the belugas. Summer (July-August): best season. Gentle + curious = close to you.
Churchill - Northern Lights Viewing	Manitoba	Canada	Bizarre		Planning	https://www.travelmanitoba.com	Churchill, MB R0B 0E0, Canada	58.76794	-94.16958		Visible 300 days a year – directly under the aurora oval! Winter (Nov-Feb): longest nights, best intensity. Frontiers North Lodge + private guides. Dog sled tours during the day, aurora at night. One of the world's best Northern Lights destinations.
Churchill - Polar Bears	Manitoba	Canada	Nature		Planning	https://www.frontiersnorth.com	Churchill, MB R0B 0E0, Canada	58.76794	-94.16958		Polar bear capital of the world - 1,000 km north of Winnipeg! October-November: bears wait on the ice of Hudson Bay. Tundra Buggy tours with Frontiers North Adventures. Only accessible by plane or train - no road! Time Magazine's Greatest Places 2023. Absolute bucket list.
Exchange District - Winnipeg	Manitoba	Canada	Historic		Planning	https://exchangedistrict.org	King St & McDermot Ave, Winnipeg, MB R3B, Canada	49.89747	-97.14174		Winnipeg's historic district with 150+ heritage buildings! Former grain trading capital of Canada. Now: restaurants, galleries, bars, theaters. Northern Lights casino nearby. Best neighborhood for exploring the city in Winnipeg.
Hecla Grindstone Provincial Park	Manitoba	Canada	Nature		Planning	https://www.gov.mb.ca/hecla-grindstone	PTH 8, Riverton, MB R0C 2R0, Canada	50.59671	-97.01804		Icelandic heritage on an island in Lake Winnipeg! Hecla Island: Viking settlers in 1875. Goose sanctuary. Autumn: migratory bird spectacle. Riverton, 160 km N of Winnipeg. Ferry to the island. Campsite + lodge.
Helicopter Northern Lights Tour - Churchill	Manitoba	Canada	Aviation		Planning	https://www.travelmanitoba.com	Churchill, MB R0B 0E0, Canada	58.76794	-94.16958		Helicopter over the aurora borealis above the Canadian submarines! November-February. Churchill. Unique aerial perspective of the lights. Limited availability - ask Churchill operators. Ultimate Manitoba aerial experience.
International Peace Garden - Boissevain	Manitoba	Canada	Bizarre		Planning	https://peacegarden.com	2702 Peace Garden Dr, Dunseith, ND/MB grens	53.76086	-98.81388		Cross-border garden park - half Canada, half USA! Gardens, monument, clock tower on the border. Boissevain, S-Manitoba. Atlas Obscura listing. Symbolic and calm. Free to wander around the gardens.
Lake Winnipeg - Grand Beach	Manitoba	Canada	Nature		Planning	https://www.travelmanitoba.com	Grand Beach, MB R0E 0S0, Canada	50.55621	-96.63360		Canada's largest freshwater beach - 3 km of white sand! Lake Winnipeg: 5th largest freshwater lake in the world. Grand Beach, 90 km north of Winnipeg. Warm water (relatively speaking for Canada!). Busy in summer. When you forget you are in the prairies.
Lazy Bear Lodge - Churchill	Manitoba	Canada	Hotel		Planning	https://lazybearexpeditions.com	313 Kelsey Blvd, Churchill, MB R0B 0E0, Canada	58.76586	-94.16487		Hand-built stone + wood lodge in Churchill - the ultimate Polar Bear HQ! Built by local pioneer Wally Daudrich from boreal forest wood. Warm, rustic, epic. Meals included. Churchill is 1,000 km from Winnipeg. Fly there. Sometimes all-inclusive Polar Bear packages.
Lifestyle Manitoba / Kasidie Events	Manitoba	Canada	Naturist		Planning	https://kasidie.com	Winnipeg, MB, Canada	49.89542	-97.13851		Manitoba lifestyle scene via Kasidie ​​and SDC platforms! No fixed club address found - event-based. Winnipeg has an active online lifestyle community. Find and sign up via Kasidie.com. Private home events + occasional club nights.
Little Limestone Lake - Manitoba	Manitoba	Canada	Bizarre		Planning	https://www.travelmanitoba.com	Little Limestone Lake, MB, Canada	53.78333	-99.31667		More that changes COLOR depending on temperature! Turquoise, blue, green, white - all due to calcium carbonate. Northern Manitoba. Fly or drive a long way. FREE but remote. Atlas Obscura favorite. Almost unknown outside Canada.
Narcisse Snake Dens - Narcisse	Manitoba	Canada	Bizarre		Planning	https://www.naturenorth.com	Narcisse, MB R0E 1J0, Canada	49.98244	-96.87330		Largest concentration of snakes in the WORLD - spring mating! Tens of thousands of redband snakes emerge from caves in May. Narcisse, N of Winnipeg. FREE. May + autumn (September-October). Snakes everywhere. EVERYWHERE. If you don't find that scary: perfect.
Nonsuch Brewing Co. + Restaurant - Winnipeg	Manitoba	Canada	Restaurant		Planning	https://www.nonsuchbrewing.com	125 Pacific Ave, Winnipeg, MB R3B 0M3, Canada	49.90032	-97.13411		Manitoba-based craft brewery with a farm-to-table restaurant! Serves sharing plates with local ingredients alongside their beers. Exchange District, Winnipeg. Award-winning beers. Best brewery-restaurant combo in Manitoba.
Nonsuch Brewing Company - Winnipeg	Manitoba	Canada	Brewery/Distillery		Planning	https://www.nonsuchbrewing.com	125 Pacific Ave, Winnipeg, MB R3B 0M3, Canada	49.90032	-97.13411		Manitoba's leading craft brewery - multiple awards!  Exchange District. Modern but authentic.  Mixed fermentation beers: saisons, sours, barrel-aged.  Restaurant next to the brewery.  The pride of Winnipeg beer scene.
One Great City Brewing - Winnipeg	Manitoba	Canada	Brewery/Distillery		Planning	https://onegreatcitybrewing.com	584 Wall St, Winnipeg, MB R3G 2T7, Canada	49.88491	-97.18331		Winnipeg Jets-themed brewery - local pride! NHL hockey + craft beer = Winnipeg at its best. Wall Street, Winnipeg West End. IPA + pale ale focus. Ideal for a hockey night.
Pilehenge - Rural Municipality of Rosser	Manitoba	Canada	Bizarre		Planning	https://www.atlasobscura.com	RM of Rosser, MB R0H 0Z0, Canada	49.98676	-97.42930		Cluster of concrete SPIRINS in the middle of the Manitoba prairies! NW of Winnipeg. 'Cement Cemetery' old nickname. Often confused with a Stonehenge replica, but it is something else. FREE. Accessible off-road. Prairie art installation that no one explains.
Polar Bear Tundra Buggy Tour - Churchill	Manitoba	Canada	Aviation		Planning	https://www.frontiersnorth.com	Churchill, MB R0B 0E0, Canada	58.76794	-94.16958		Tundra Buggy drives past polar bears on their own territory! Not technical aviation, but the most spectacular Manitoba adventure. October-November. Frontiers North Adventures. 2-3 day programs available. Extremely safe. The only one in the world.
Riding Mountain National Park	Manitoba	Canada	Nature		Planning	https://www.pc.gc.ca/riding-mountain	Wasagaming, MB R0J 2H0, Canada	50.65861	-99.96833		Manitoba's only national park - elk, bear, wolf, lynx! Wasagaming as a base: small resort town in the park. Climbing GroRiding Mountain (756m). America the Beautiful NOT valid - Parks Canada pass. Autumn: beautiful colors + elk rutting season.
Riding Mountain Scenic Drive - PTH 10	Manitoba	Canada	Scenic Route		Planning	https://www.pc.gc.ca	PTH 10 N naar Dauphin, MB	51.94168	-100.66101		Road from Winnipeg to Riding Mountain through rolling prairies! Colors from yellow-green (summer) to gold (autumn). Chance of spotting elk and canoes along the way. Take PTH 10 or PTH 5 heading north. Autumn: absolutely stunning colors in October.
Segovia Tapas Bar & Restaurant - Winnipeg	Manitoba	Canada	Restaurant		Planning	https://www.segoviatapasbar.com	484 Stradbrook Ave, Winnipeg, MB R3L 0J9, Canada	49.87727	-97.14547		Best Spanish tapas in Western Canada - authentic! Featured in Canada's 100 Best Restaurants. Osborne Village, Winnipeg. Sherry + sangria + txistorra. Reserve. Good wine list.
SMITH Restaurant at Inn at the Forks	Manitoba	Canada	Restaurant		Planning	https://www.innforks.com/smith	75 Forks Market Rd, Winnipeg, MB R3C 4L8, Canada	49.88802	-97.12958		Winnipeg's most award-winning farm-to-table restaurant! Local Manitoba products. Chef-driven menu. Rustic-urban interior by the rivers. Weekend brunch is a social event for locals. Reserve for dinner.
The Forks Market Food Hall - Winnipeg	Manitoba	Canada	Restaurant		Planning	https://www.theforks.com	1 Forks Market Rd, Winnipeg, MB R3C 4L8, Canada	49.88707	-97.13145		20+ local food stalls in a historic horse stable facility! Pickerel (whale) + perogies + bannock + Winnipeg specialties. The Common: 40+ craft beers + wines on tap. Winnipeg's best food market. Perfect for everyone: large groups, solo, family.
The Forks National Historic Site - Winnipeg	Manitoba	Canada	Historic		Planning	https://www.theforks.com	1 Forks Market Rd, Winnipeg, MB R3C 4L8, Canada	49.88707	-97.13145		6,000 years of history in one place – earliest human habitation in the region! Former horse stable facilities now used as a market and restaurants. Red and Assiniboine rivers meet here. FREE grounds. The Forks Market included. Winnipeg's social heart. Food, art, culture.
The Inn at the Forks - Winnipeg	Manitoba	Canada	Hotel		Planning	https://www.innforks.com	75 Forks Market Rd, Winnipeg, MB R3C 4L8, Canada	49.88802	-97.12958		Boutique hotel at THE FORKS location - everything within walking distance! Modern design. View of the river confluence. SMITH Restaurant in the hotel. Winnipeg city center. Best location in the city. Book well in advance in summer.
Winnipeg Art Gallery - Qaumajuq	Manitoba	Canada	Museum		Planning	https://www.wag.ca	300 Memorial Blvd, Winnipeg, MB R3C 1V1, Canada	49.88951	-97.15056		Largest Inuit art collection IN THE WORLD! Qaumajuq (2021) expansion = architectural highlight. 13,000 Inuit works visible in a single vault wall. Winnipeg Center. The most powerful Indigenous arts collection in Canada.
Annapolis Historic District	Maryland	USA	Historic		Planning	https://www.visitannapolis.org	Downtown Annapolis, MD 21401	38.97790	-76.48953		Colonial capital, the country's oldest state capital. Marine Academy campus: free to walk. Waterfront sailors' bars for lunch.
Antietam Battlefield National Cemetery	Maryland	USA	Historic		Planning	https://www.nps.gov/anti	5831 Dunker Church Rd, Sharpsburg, MD 21782	39.47420	-77.74451		Bloodiest day of the American Civil War: 23,000 dead in one day. National Parks Pass: FREE. The silence here is physically palpable. Impressive and austere at the same time.
Antrim 1844 Country Inn	Maryland	USA	Hotel		Planning	https://www.antrim1844.com	30 Trevanion Rd, Taneytown, MD 21787	39.65478	-77.17305		Antebellum plantation converted into a boutique inn. Restaurant in the old barn, wine cellar, orchard. Els: romantic getaway vibes. Serge: also agree.
Assateague Island Wild Ponies	Maryland	USA	Nature		Planning	https://www.nps.gov/assa	7206 National Seashore Ln, Berlin, MD 21811	38.24922	-75.15562		Wild ponies simply walk across the beach. FREE with a National Parks Pass. Legendary: feral for 500 years after a ship sank. Camping on the beach with ponies visiting your tent — surreal.
Bald Eagle spotting (Conowingo Dam)	Maryland	USA	Nature		Planning	https://www.americanrivers.org/river/susquehanna-river	Conowingo, MD 21918	39.67793	-76.15908		Hundreds of bald eagles gather here in November to catch fish. No admission fee — parking along the road. Birders and photographers from all over come for this.
Baltimore's 'The Block' nightlife area	Maryland	USA	Bizarre		Planning		Baltimore St, Baltimore, MD 21202	39.28990	-76.60607		Baltimore's historic erotic entertainment district has existed for 150 years. Although it has shrunk, it is still a bizarre mix of bars, clubs, and gambling halls. Not for everyone, but definitely an Americana curiosity.
Blackwater National Wildlife Refuge	Maryland	USA	Nature		Planning	https://www.fws.gov/refuge/blackwater	2145 Key Wallace Dr, Cambridge, MD 21613	38.44485	-76.11955		Bald eagles, ospreys, and Great Blue Herons present in massive numbers. Autumn: migratory birds in breathtaking numbers. Car drive-through circuit: perfect for the F-150.
Bowen's Inn (Solomons Island)	Maryland	USA	Restaurant		Planning	https://bowensinnmd.com	14630 Solomons Island Rd S, Solomons, MD 20688	38.32037	-76.45772		Waterfront seafood bar on Solomon Islands. Oysters, crab soup, fish of the day. Local fisherman's table next to tourists = authentic.
Calvert Marine Museum	Maryland	USA	Museum		Planning	https://www.calvertmarinemuseum.com	14200 Solomons Island Rd, Solomons, MD 20688	38.33110	-76.46444		Fossils 15-20 million years old. Picking up shark teeth from the cliffs on the beach = a free, bizarre activity. Imagine: seas where Maryland is now located.
Catoctin Mountain Orchard	Maryland	USA	Brewery/Distillery		Planning	https://www.catoctinmountainorchards.com	15036 N Franklinville Rd, Thurmont, MD 21788	39.64840	-77.39479		Cider with a view of the Catoctin Mountains. Camp David is located nearby (not open to visitors, but a fun fact). Taste hard cider in the shadow of presidential security.
Catoctin Mountain Park (Presidential Retreat area)	Maryland	USA	Nature		Planning	https://www.nps.gov/cato	6602 Foxville Rd, Thurmont, MD 21788	39.62680	-77.43978		National Parks Pass: free. Camp David is next to it but is not visible. Waterfalls, deer, and presidential mystique. Hiking trails through hemlock forests.
Chesapeake Bay Beach Club	Maryland	USA	Hotel		Planning	https://www.cbbcresort.com	500 Marina Club Rd, Stevensville, MD 21666	38.97810	-76.33398		Resort directly on Chesapeake Bay: rooms with waterfront view. Perfect for a one-night stopover after Washington DC. Prices vary — much better off-season.
Chesapeake Bay Bridge	Maryland	USA	Scenic Route		Planning	https://www.mdta.maryland.gov/Chesapeake_Bay_Bridge	US-50, Annapolis, MD 21403	38.99237	-76.51947		4.3 km bridge, one of the longest over the sea in the US. If you have a fear of heights: there is a shuttle service that drives your car. The view is spectacular. Sunset photo = a must.
Chesapeake Bay Maritime Museum	Maryland	USA	Museum		Planning	https://cbmm.org/	213 N Talbot St, St. Michaels, MD 21663	38.78882	-76.22227		Maritime museum on the water in St. Michaels. Working lighthouse at the pier. Oyster boats, log canoes, and skipjacks: Chesapeake culture at its finest.
Chesapeake Naturist Beach (Sandy Point)	Maryland	USA	Naturist		Planning		Sandy Point State Park, 1100 E College Pkwy, Annapolis, MD 21409	39.01924	-76.40404		Secluded naturist beach on the shore of Chesapeake Bay. Informal, not an official AANR park but tolerated. Come early for the best spot.
Civil War Medicine Museum	Maryland	USA	Museum		Planning	https://www.civilwarmed.org	48 E Patrick St, Frederick, MD 21701	39.41378	-77.40931		Completely insane medical instruments from the war. Amputation saws, chloroform dispensers, surgical cases. Fascinating and gruesome at the same time. Typical Serge material.
Cunningham Falls State Park	Maryland	USA	Nature		Planning	https://dnr.maryland.gov/publiclands/pages/western/cunninghamfalls.aspx	14039 Catoctin Hollow Rd, Thurmont, MD 21788	39.62290	-77.46209		Largest waterfall in Maryland (78 feet): spectacular after rain. Pool at the falls: fast and refreshing. Combine with the Camp David area for a full day.
Edgar Allan Poe Museum (Baltimore)	Maryland	USA	Museum		Planning	https://www.eapoe.org/balt/poehse.htm	203 N Amity St, Baltimore, MD 21223	39.29146	-76.63306		Poe's first house in Baltimore. The city's smallest museum. Original furniture and manuscripts. Lovers of dark literature: this is the place for you.
Enchanted Forest	Maryland	USA	Bizarre		Planning	https://www.clark.com/enchanted-forest	10300 Baltimore National Pike, Ellicott City, MD 21042	39.28148	-76.86704		Abandoned fairytale park partially rebuilt in a garden center. Original fiberglass princesses and castles scattered here and there. Absolutely surreal American kitsch at its best.
Faidley's Seafood (Lexington Market)	Maryland	USA	Restaurant		Planning	https://www.faidleyscrabcakes.com	203 N Paca St, Baltimore, MD 21201	39.29169	-76.62224		Baltimore's most famous crab cake since 1886. No frills: just a bowl full of pure crab. Lexington Market included too — a bizarre folk market.
Flag Ponds Nature Park	Maryland	USA	Nature		Planning	https://www.calvertparks.org/fpp.html	872 Flag Ponds Pkwy, Lusby, MD 20657	38.44515	-76.46745		Beach where you find shark teeth in the cliffs — Miocene fossils. Clean little beach, no crowds of tourists. Els: a bucket list find when she finds a shark tooth.
Flying Dog Brewery - former Frederick location (closed)	Maryland	USA	Brewery/Distillery		Planning		1313 U.S. Ave, Frederick, MD 21701	39.42416	-77.36690		Hunter S. Thompson-inspired brewery with Ralph Steadman labels. Gonzo journalism meets craft beer. Tour on Saturday + taproom open daily.
Frederick's Carroll Creek Linear Park	Maryland	USA	Bizarre		Planning	https://www.cityoffrederick.com/carrollcreek	Carroll Creek Linear Park, Frederick, MD 21701	39.41276	-77.40796		City park full of murals along a canal. Annual festival in October with lanterns on the water. Frederick's hidden gem — photogenic.
Geppi's Entertainment Museum (closed 2018)	Maryland	USA	Museum		Planning		301 W Camden St, Baltimore, MD 21201	39.28503	-76.61993		Four floors of nostalgia: comics, TV, toys, pop culture. From Superman to Transformers to Batman. Serge is going to hang out here for hours.
Graffiti Alley - Baltimore	Maryland	USA	Bizarre		Planning		Graffiti Alley, Baltimore, MD 21201	39.31153	-76.61909		Graffiti Alley in Baltimore: one of the best legal spray-can tunnels in the US. More than 300 meters of chaos, color, and art. Free. Different every month. Photographer's paradise.
Great Falls of the Potomac	Maryland	USA	Nature		Planning	https://www.nps.gov/choh/planyourvisit/greatfalls.htm	11710 MacArthur Blvd, Potomac, MD 20854	39.00202	-77.24729		Most dramatic waterfall on the East Coast — impressive. National Parks Pass: FREE. C&O Canal Towpath: perfect bike ride along the canal.
Harborview Marina Hotel	Maryland	USA	Hotel		Planning	https://www.harbormarina.com	131 E Cromwell St, Baltimore, MD 21230	39.26215	-76.61341		Marina-side hotel in Baltimore's Locust Point neighborhood. Parking for the F-150 is no problem. Walk to Federal Hill = panoramic view of the city.
Havre de Grace Decoy Museum	Maryland	USA	Museum		Planning	https://www.decoymuseum.com	215 Giles St, Havre de Grace, MD 21078	39.53982	-76.08686		Thousands of wooden duck decoys as folk art. Sounds lame, but those things are truly artistic. Serge: I never knew duck hunting had such an aesthetic.
Heavy Seas Beer	Maryland	USA	Brewery/Distillery		Planning	https://www.hsbeer.com	4615 Hollins Ferry Rd, Halethorpe, MD 21227	39.23059	-76.67528		Pirate beer brewery with a nautical theme. Quayle's IPA and Loose Cannon are iconic. Taproom with a view of the brewery — tours available.
Herrington Harbour Marina Resort	Maryland	USA	Hotel		Planning	https://www.herringtonharbour.com/north	389 Deale Rd, Tracy's Landing, MD 20779	38.77573	-76.56495		Marina resort on Chesapeake Bay with cottages and rooms. Boat rental and watersports on site. Perfect weekend stop for a rest stop on the route.
Hotel Indigo Baltimore Downtown	Maryland	USA	Hotel		Planning	https://www.ihg.com/hotelindigo/hotels/us/en/baltimore	24 W Franklin St, Baltimore, MD 21201	39.29546	-76.61659		Boutique hotel in a historic building in downtown Baltimore. Walking distance from Inner Harbor and museums. More budget-friendly than the big brands, more character.
Inn at Perry Cabin	Maryland	USA	Hotel		Planning	https://innatperrycabin.com/	308 Watkins Ln, St. Michaels, MD 21663	38.79093	-76.22293		Historic luxury resort on the Eastern Shore. Above our budget but dream-worthy. 19th-century mansion converted into the ultimate retreat. Els: pin it for next time.
London Town and Gardens Ghost Ship	Maryland	USA	Historic		Planning	https://historiclondontown.org	839 Londontown Rd, Edgewater, MD 21037	38.94081	-76.54160		17th-century part of the city partly excavated, partly disappeared. William Brown House is the only remaining building. Ghosttown vibes with a colonial garden.
LP Steamers Crabs	Maryland	USA	Restaurant		Planning	https://www.lpsteamers.com	1100 E Fort Ave, Baltimore, MD 21230	39.27088	-76.59863		Authentic blue crabs, steamed with Old Bay, on brown paper. No cutlery, no fuss: hammer and fingers. THIS is Maryland food. Serge is going wild for this.
Maryland Racetrack / Pimlico (Preakness)	Maryland	USA	Entertainment/sports		Planning	https://www.pimlico.com	5201 Park Heights Ave, Baltimore, MD 21215	39.35286	-76.67574		Home of the Preakness Stakes, second leg of the Triple Crown. May 2027: check if timing matches route! Interesting to look around even outside of race season.
Miss Shirley's Cafe Baltimore	Maryland	USA	Restaurant		Planning	https://www.missshirleys.com	750 E Pratt St, Baltimore, MD 21202	39.28740	-76.60554		Baltimore Brunch Institute. Crab Benedict = legendary. No line? Lucky. Line? Worth it. A must-eat for anyone visiting MD.
Museum of Eastern Shore Culture	Maryland	USA	Museum		Planning	https://www.museumofeasternshorecultureatsu.org/	218 W Main St, Salisbury, MD 21801	38.35145	-75.57159		National museum of duck lure folk art. Sounds niche, but the sculptures are stunningly beautiful. Annual World Championship Carving Competition here.
National Cryptologic Museum (NSA)	Maryland	USA	Museum		Planning	https://www.nsa.gov/museum	8290 Colony Seven Rd, Annapolis Junction, MD 20701	39.11489	-76.77471		NSA's secret language and code museum: FREE and totally bizarre. Enigma machines, Cold War spy gear, learn secret codes. Next to the real NSA campus — you are being watched while you watch.
National Electronics Museum	Maryland	USA	Museum		Planning	https://www.nationalelectronicsmuseum.org	1745 W Nursery Rd, Linthicum Heights, MD 21090	39.19498	-76.68265		Radar, radio, sonar — the entire history of electronic defense. Free and close to BWI airport. Geek heaven for Serge. Els: we can't seem to leave.
National Hard Crab Derby (Crisfield)	Maryland	USA	Festival		Planning	https://www.crisfieldchamber.com/hard-crab-derby	Crisfield, MD 21817	37.98346	-75.85382		Annual crab contest on Labor Day weekend — absurd and fantastic. Crabs are given 'painted' names by the governor. Crisfield: declaring himself 'Crab Capital of the World' — deserved?
National Museum of Dentistry	Maryland	USA	Museum		Planning	https://www.dental.umaryland.edu/museum	31 S Greene St, Baltimore, MD 21201	39.28775	-76.62345		Washington's teeth are here. REAL teeth of George Washington. Ultimately bizarre museum: the entire history of brushing teeth. Els: fascinating. Serge: a bit scary.
National Road Scenic Byway	Maryland	USA	Scenic Route		Planning	https://www.nps.gov/nr/travel/nationalroad	US-40, Hagerstown to Baltimore, MD	39.63943	-77.71476		America's first federal highway (1811), now Historic US-40. Millstone markers, toll booths, historic inns. Alternative route through MD with historic stops.
Ocean City Boardwalk Bizarre Shops	Maryland	USA	Bizarre		Planning	https://www.ococean.com	Boardwalk, Ocean City, MD 21842	38.32843	-75.08650		6 km boardwalk full of fries, freak shows, and tattoo shops. Funnel cakes, buying hermit crabs as pets, photos with mermaids. Summer vibes but ultra kitsch — exactly what we are looking for.
Ocean City Inlet Jetty & Fishing Pier	Maryland	USA	Bizarre		Planning	https://www.ococean.com	S Boardwalk & 2nd St, Ocean City, MD 21842	38.33314	-75.08400		People have been fishing here for 150 years: from schoolboys to professional fishermen. Street performers, kites, sunset ritual. Free entertainment all year round.
Old Line Spirits Distillery	Maryland	USA	Brewery/Distillery		Planning	https://www.oldlinespirits.com	1700 W 41st St #420, Baltimore, MD 21211	39.33657	-76.64445		Whisky and rum distillery in Baltimore with tour and tasting. Use military-grade rice from Maryland farmers. Craft spirits Baltimore style.
Patapsco Valley State Park	Maryland	USA	Nature		Planning	https://dnr.maryland.gov/publiclands/pages/central/patapsco.aspx	8020 Baltimore National Pike, Ellicott City, MD 21043	39.29577	-76.79087		32 km of bike paths and walking paths along the river. E-bikes are perfect here. Ellicott City historic downtown = bonus stop after the park.
Patuxent River Naval Air Museum	Maryland	USA	Aviation		Planning	https://www.paxmuseum.com	22156 Three Notch Rd, Lexington Park, MD 20653	38.27675	-76.46300		FREE military aviation museum at the Navy test pilot base. Prototypes, test aircraft, and secret programs. Serge: eyes like saucers.
Patuxent River State Park (paddling)	Maryland	USA	Nature		Planning	https://dnr.maryland.gov/publiclands/pages/central/patuxentriversp.aspx	Howard and Montgomery counties, MD	39.15126	-77.24643		Kayak and canoe routes on the Patuxent River. Wilderness right next to DC suburbs — surreal contrast. Free admission, kayak rental separate.
Plummer's Island (entomologische vondsten)	Maryland	USA	Bizarre		Planning		C&O Canal towpath, near Cabin John, MD 20818	38.97122	-77.16294		Small island in Potomac where more than 10,000 insect species have been described. Accessible via the C&O Canal tow path — walking over rocks. Nerdy trip, but fascinating if you know what you are looking for.
Poe's Grave (Westminster Hall)	Maryland	USA	Bizarre		Planning	https://www.westminsterhall.org	519 W Fayette St, Baltimore, MD 21201	39.29006	-76.62353		Edgar Allan Poe is buried here, with his wife and uncle. Every year, a mysterious 'Poe Toaster' appears with roses and cognac. Free admission, bizarre tradition.
Port Discovery Children's Museum	Maryland	USA	Museum		Planning	https://www.portdiscovery.org	35 Market Pl, Baltimore, MD 21202	39.28908	-76.60630		Maybe not immediately for you, but it features a floor full of bizarre interactive art. The 'Adventure Expeditions' exhibition is also fun for adults. A kids' museum that is actually pretty cool.
Sandy Point State Park	Maryland	USA	Nature		Planning	https://dnr.maryland.gov/publiclands/pages/central/sandypoint.aspx	1100 E College Pkwy, Annapolis, MD 21409	39.02019	-76.40694		Small beach in Chesapeake Bay with a view of Bay Bridge. Birdwatching, sailing, swimming. Annapolis is nearby: combine.
ScareHouse / Field of Screams (Halloween)	Maryland	USA	Entertainment/sports		Planning	https://www.fieldofscreams.com	Olney, MD 20832	39.14571	-77.06796		Haunted attraction in October: outdoor horror route through the forest. If the timing is right (route is Oct-Nov), definitely do it. Els: maybe not. Serge: absolutely yes.
Shot Tower (Baltimore)	Maryland	USA	Historic		Planning	https://historicshots.org	801 E Fayette St, Baltimore, MD 21202	39.29073	-76.60546		234-foot-high tower where molten lead was pumped up and fell down like hail. 1828, still fully intact. Free outdoor viewing. Inside during special events.
Star-Spangled Banner Flag House	Maryland	USA	Historic		Planning	https://www.flaghouse.org	844 E Pratt St, Baltimore, MD 21202	39.28767	-76.60345		House where the original flag was made that inspired the 'Star Spangled Banner'. 1793, fully restored with period rooms. Original sewing tools on display.
Sugarloaf Mountain hike	Maryland	USA	Nature		Planning	https://www.sugarloafmd.com	7901 Comus Rd, Dickerson, MD 20842	39.25116	-77.39292		Private mountain, freely accessible by the Maddux family for 100 years. Short but steep hiking trail: 280m elevation gain. View over the Potomac valley. Perfect day trip from DC.
Swallow Falls State Park	Maryland	USA	Nature		Planning	https://dnr.maryland.gov/publiclands/pages/western/swallowfalls.aspx	2470 Maple Glade Rd, Oakland, MD 21550	39.49833	-79.41955		Maryland's most beautiful waterfall: Muddy Creek Falls, 53 feet. Old-growth hemlock forest, impressive. National Parks Pass does not work — small state park fee.
Swingers Club: The Velvet Nation	Maryland	USA	Naturist		Planning		Baltimore area MD (private — verifieer via lifestyle forums)	39.37259	-76.64127		Lifestyle club in the Baltimore area. Verify via SDC.com or Kasidie ​​for current location and events. Private membership required for entry.
Taneytown Route 140 Roadside Kitsch	Maryland	USA	Bizarre		Planning		MD-140, Taneytown, MD 21787	39.65796	-77.17437		Route 140 through Taneytown: roadside churches, dilapidated barns, and bizarre shop signs. Typical Maryland Americana countryside. Drive and take photos — free and bizarre.
Terrapin Adventures Ropes Course	Maryland	USA	Entertainment/sports		Planning	https://www.terrapinadventures.com/	8600 Foundry St, Savage, MD 20763	39.13579	-76.82560		Ziplines and climbing walls in a historic cotton factory. Nature + adrenaline = Serge is instantly won over. Historic industrial decor = bonus.
The Visionary Art Museum (American)	Maryland	USA	Museum		Planning	https://www.avam.org	800 Key Hwy, Baltimore, MD 21230	39.27985	-76.60679		Outsider art by self-taught artists: totally insane and amazing. Gigantic whirligig 55 feet high outside. Els: squeeze your eyes shut or take it all in — both works.
The Walters Art Museum	Maryland	USA	Museum		Planning	https://thewalters.org	600 N Charles St, Baltimore, MD 21201	39.29652	-76.61645		FREE museum with a collection of 55,000 works: Egyptian to modern. Not really their style, but a formidable collection for free. Good when it rains in Baltimore.
US Naval Academy Museum	Maryland	USA	Museum		Planning	https://www.usna.edu/Museum	118 Maryland Ave, Annapolis, MD 21402	38.98283	-76.48716		Free museum on the Naval Academy campus. Battle of Jutland models, admiral's uniforms, naval trophies. Annapolis is worth the visit in itself — this is the bonus.
Woodberry Kitchen	Maryland	USA	Restaurant		Planning	https://www.woodberrykitchen.com	2010 Clipper Park Rd, Baltimore, MD 21211	39.33171	-76.64582		Farm-to-table in an authentic 19th-century industrial building. Chefs using 100% local ingredients. Reservations recommended — popular with locals.
🏨 Captain's House Inn - Chatham Cape Cod	Massachusetts	USA	Hotel		Planning	https://www.captainshouseinn.com	369-377 Old Harbor Rd, Chatham, MA 02633	41.67600	-69.96400		Charming B&B in historic Chatham style on Cape Cod – a captain's house from 1839! Perfect base for the Cape Cod National Park. English gardens, full breakfast included. Chatham is the quietest and most authentic Cape Cod town. Approx. $140/night. Much cozier than the chain hotels on the Cape.
🏨 Hawthorne Hotel - Salem	Massachusetts	USA	Hotel		Planning	https://www.hawthornehotel.com	18 Washington Square W, Salem, MA 01970	42.52480	-70.89920		Salem's most famous hotel – built in 1925, right in the city center. Salem = THE witch city of America! October is a month-long celebration here (Halloween + Haunted Happenings festival). Hotel with a paranormal reputation. Close to all the Salem Witch Trial museums. Approx. $150 (October is more expensive – book well in advance).
Bash Bish Falls State Park	Massachusetts	USA	Nature		Planning	https://www.mass.gov/locations/bash-bish-falls-state-park	Falls Rd, Mt Washington, MA 01258	42.11480	-73.49740		Highest waterfall in Massachusetts - 18m double drop split by a massive granite block! So beautiful that artists have been coming here to paint for 200 years. Short walk (1.6 km). No swimming, but incredibly photogenic. FREE. In the Berkshires near the NY border.
Blue Hills Reservation - Great Blue Hill	Massachusetts	USA	Nature		Planning	https://www.mass.gov/locations/blue-hills-reservation	695 Hillside St, Milton, MA 02186	42.20510	-71.11730		Spectacular view of the BOSTON SKYLINE from the forest - a surreal combination! Skyline Trail (blue) to Great Blue Hill (215m) = 360° panorama of city and forest. 15 min from downtown Boston. 125 km of hiking trails. Eliot Tower (1877) at the top. FREE - every day.
Boston Lifestyle Events (Kasidie)	Massachusetts	USA	Naturist		Planning	https://kasidie.com	Boston area, MA 02100	42.36007	-71.05883		Boston lifestyle scene via Kasidie ​​+ private events! Boston has an active but discreet lifestyle community. Private hotel parties + home guests. Find them via Kasidie.com. Discreet style suits the New England mentality.
Cape Cod National Seashore	Massachusetts	USA	Nature		Planning	https://www.nps.gov/caco	99 Marconi Site Rd, Wellfleet, MA 02667	41.92200	-70.02200		64 km of white sandy beach, spectacular dunes, and cranberry bogs protected as a national park! Province Lands = dune landscape reminiscent of the Sahara. Bike rental and bike paths through the park. America the Beautiful pass valid. Beach parking expensive in summer - come early or bike.
Glassflowers at Harvard	Massachusetts	USA	Museum		Planning	https://hmnh.harvard.edu	26 Oxford St, Cambridge, MA 02138	42.37846	-71.11556		4,000 perfectly accurate glass flowers + plants! Leopold and Rudolf Blaschka's incredible work (1886-1936). Harvard Museum of Natural History. Cambridge. Glassblowers worked on this for 50 years. Amazing.
Harpoon Brewery - Boston	Massachusetts	USA	Brewery/Distillery		Planning	https://www.harpoonbrewery.com	306 Northern Ave, Boston, MA 02210	42.34692	-71.03440		Boston's largest craft brewery – since 1986! Harpoon IPA: New England classic. UFO Hefeweizen. Seaport District, Boston. Large taproom. Beer Hall with German-style tables. Beerfest in May + Oct. New England Beer Awards – always a medal winner.
Lake Chargoggagogg...	Massachusetts	USA	Bizarre		Planning	https://www.atlasobscura.com	Webster, MA 01570	42.05429	-71.84527		Longest place name in the US - 45 letters! 'Chargoggagoggmanchauggagoggchaubunagungamaugg' A lake near Webster. Fishing and recreation. Webster, SW Massachusetts. FREE. Only for the photo at the sign.
Legal Sea Foods - Boston	Massachusetts	USA	Restaurant		Planning	https://www.legalseafoods.com	255 State St, Boston, MA 02109	42.35952	-71.05166		Boston's iconic seafood restaurant – for 70 years! Clam Chowder: New England's best. Lobster straight from the tank. Long Wharf, Boston Harbor. Tourists and locals alike. For a reason. New England Clam Chowder here = benchmark.
Liberty Hotel - Boston	Massachusetts	USA	Hotel		Planning	https://www.libertyhotel.com	215 Charles St, Boston, MA 02114	42.36204	-71.07036		Former prison converted into a luxury hotel! Charles Street Jail (1851). Original cells as restaurant alcoves. Beacon Hill, Boston. Clink Restaurant: bar IN the old prison space. Most unique hotel conversion in New England.
Lizzie Borden House - Fall River	Massachusetts	USA	Bizarre		Planning	https://lizzie-borden.com/	230 Second St, Fall River, MA 02721	41.69895	-71.15631		The real house where Lizzie Borden (possibly) murdered her parents! 'Lizzie Borden took an axe, gave her father 40 whacks.' 1892 murder. Never convicted. House stands intact. Fall River, SE Massachusetts. Overnight stays in the murder house are also possible. Exciting!
Mapparium - Boston	Massachusetts	USA	Bizarre		Planning	https://www.marybakereddylibrary.org	200 Massachusetts Ave, Boston, MA 02115	42.34495	-71.08529		30-foot diameter stained-glass globe - you are standing INSIDE the earth! Built in 1935. An exact map of the world at the time. Mary Baker Eddy Library, Boston. Unique acoustic effect: whisper on one side = you can hear it on the other. Mandatory. No one knows this exists.
Mount Greylock State Reservation	Massachusetts	USA	Nature		Planning	https://www.mass.gov/locations/mount-greylock-state-reservation	Rockwell Rd, Lanesborough, MA 01237	42.63870	-73.16660		Highest point in Massachusetts (1,064m) with a 145 km view over 5 states on a good day! The Appalachian Trail runs over the top. Bascom Lodge (CCC building 1937) at the summit for lunch. 45 miles of hiking trails. Autumn foliage in the Berkshires = spectacular. Road open May-Nov. FREE!
Museum of Bad Art - Boston	Massachusetts	USA	Museum		Planning	https://museumofbadart.org/	Dorchester Brewing Company, 1250 Massachusetts Ave, Boston, MA 02125	42.39664	-71.12300		Dedication to art that is so BAD it’s good! Originally, the collection hung in a cinema basement next to the toilet. Now: official museum. 700+ pieces of bad art. Somerville (Boston area) + other locations. FREE (or $5). Mission: 'art too bad to be ignored'.
Paper House - Rockport	Massachusetts	USA	Bizarre		Planning	https://paperhouserockport.com	52 Pigeon Hill St, Rockport, MA 01966	42.67294	-70.63480		House made entirely of 100,000 newspapers - walls, furniture, everything! Elisa F. Stenman's hobby project as a summer house (1924-1942). Rockport, Cape Ann. April-October. Only $2. The news from 1930 literally holds your house upright.
Plymouth Rock	Massachusetts	USA	Historic		Planning	https://www.mass.gov	79 Water St, Plymouth, MA 02360	41.95900	-70.66220		Stone where the Pilgrim Fathers landed in 1620 - or something like that! 1620 inscription. Located in a neo-classical portico. Plymouth Harbor. FREE. Smaller than you expect. America's birth myth in a boulder. Symbolic.
Ponyhenge - Lincoln	Massachusetts	USA	Bizarre		Planning	https://www.atlasobscura.com	Bedford Rd, Lincoln, MA 01773	42.43919	-71.29933		30+ rocking horses in a meadow arranged like Stonehenge! Voluntarily placed by anonymous local artists. Growing. Lincoln, 20 min from Boston. FREE. Along the road. How. Why. Whose. No one knows. Perfect.
Salem Witch Board Museum	Massachusetts	USA	Bizarre		Planning	https://www.atlasobscura.com	Salem, MA 01970	42.52351	-70.89523		The only museum IN THE WORLD dedicated to the history of the Ouija board! Salem, of course. 100+ boards throughout the centuries. History of the board + paranormal connections. Salem center. Perfect Salem day completion piece.
Salem Witch Museum	Massachusetts	USA	Museum		Planning	https://www.salemwitchmuseum.com	Washington Square N, Salem, MA 01970	42.52422	-70.88794		Life-size dioramas of the witch trials of 1692! Live actors + presentation on the hysteria. Salem's most visited museum. Perfect Halloween city. Salem, 30 min from Boston. October: VERY busy but VERY worth it.
Sandy Terraces Associates - Barnstable	Massachusetts	USA	Naturist		Planning	https://www.sandyterraces.com/	570 Wakeby Rd, Marstons Mills, MA 02648	41.67197	-70.41344		AANR-affiliated naturist resort on Cape Cod! Barnstable / Marston Mills, Cape Cod. Family-oriented. Contact via AANR locator. Cape Cod + naturist combination = summer dream.
The Satanic Temple HQ - Salem	Massachusetts	USA	Bizarre		Planning	https://thesatanictemple.com	64 Bridge St, Salem, MA 01970	42.53139	-70.88913		Headquarters of The Satanic Temple - also an art gallery! World-famous religious organization (no actual worship of Satan). Art gallery + museum + gift shop. Baphomet sculpture! Salem. Perfect for the witch theme. Tours available. Provocative but serious.
The Witch House of Salem	Massachusetts	USA	Bizarre		Planning	https://www.salemweb.com/witchhouse	310 Essex St, Salem, MA 01970	42.52153	-70.89888		THE ONLY building in the world with a direct link to the Salem witch trials! Judge Jonathan Corwin's house. Interrogated defendants here. 1642 building preserved in perfect condition. Salem center. FREE outside - small entrance fee inside.
Union Oyster House - Boston	Massachusetts	USA	Restaurant		Planning	https://www.unionoysterhouse.com	41 Union St, Boston, MA 02108	42.36130	-71.05673		Oldest continuously operating restaurant in the US (1826)! JFK had a regulars' table here on the upper floor. Boston Freedom Trail nearby. Oysters at the corner bar + seafood classics. Historic + delicious + authenticity guaranteed.
USS Constitution (Old Ironsides)	Massachusetts	USA	Historic		Planning	https://www.history.navy.mil	Charlestown Navy Yard, Boston, MA 02129	42.37329	-71.05662		Oldest active naval warship in the world (1797)! Still located at the Boston Navy Yard. FREE tour on board. Charlestown, Boston. Preserved and manned by the Navy. Annual sailing.
Walden Pond State Reservation	Massachusetts	USA	Bizarre		Planning	https://www.mass.gov/locations/walden-pond-state-reservation	915 Walden St, Concord, MA 01742	42.43810	-71.34210		The historic lake of Henry David Thoreau (Walden, 1854)! 2.4 km around the crystal-clear lake. Replica of Thoreau's cabin at the original location. 600,000 visitors every year - arrive early (parking limits). Swimming allowed! A sense of true peace and philosophy. $8 pp.
Ballonvaart boven Teotihuacán	Mexico	Mexico	Aviation		Maybe	https://www.volarenglobo.com.mx	San Martín de las Pirámides, Estado de México, Mexico	19.70446	-98.83447		Zonsopgang boven de piramides vanuit een luchtballon. GEEN coords — geocode-test.
Café de Tacuba	Mexico	Mexico	Restaurant		Planning	https://www.cafedetacuba.com.mx	Tacuba 28, Centro Histórico, Ciudad de México	19.43590	-99.14017		Sinds 1912 — azulejos, enchiladas en mariachi. Betere churros dan de Brusselse wafel? Te testen.
Cenote Ik Kil	Mexico	Mexico	Nature		Don't Skip		Carretera Mérida-Valladolid km 122, Yucatán	20.66330	-88.56780		Iconische open cenote, 26m diep zwemgat met lianen. Vroeg komen = geen bussen.
Chichén Itzá	Mexico	Mexico	Historic		Planning		Tinum, Yucatán	20.68430	-88.56780		El Castillo + het beroemde slangenschaduw-effect bij equinox.
Hierve el Agua	Mexico	Mexico	Nature		Planning		San Lorenzo Albarradas, Oaxaca, Mexico	16.88874	-96.26711		Versteende watervallen + infinity-poel op een klif. GEEN coords — geocode-test!
Hotel California	Mexico	Mexico	Hotel		Maybe	https://www.hotelcaliforniabaja.com	Calle Benito Juárez, Todos Santos, Baja California Sur	23.45086	-110.22377		"Such a lovely place" — niks met de Eagles te maken, maar de margarita’s zijn top. GEEN coords.
Isla de las Muñecas (Island of the Dolls)	Mexico	Mexico	Bizarre		Planning		Xochimilco canals, Ciudad de México	19.29110	-99.09580		Honderden verminkte poppen in de bomen — creepiest boottocht van Noord-Amerika. Trajinera huren in Embarcadero Cuemanco. 🎎
La Rojeña — Jose Cuervo Distillery	Mexico	Mexico	Brewery/Distillery		Planning	https://mundocuervo.com	Calle José Cuervo 33, Tequila, Jalisco, Mexico	20.88574	-103.84094		Oudste distilleerderij van Latijns-Amerika (1795), in het stadje Tequila zelf. GEEN coords — geocode-test.
Laguna de Bacalar	Mexico	Mexico	Nature		Planning		Bacalar, Quintana Roo	18.67690	-88.39530		Lagune van zeven kleuren blauw. Gratis, stil, en mooier dan de Malediven-brochures.
Las Pozas — Edward James Surrealist Garden	Mexico	Mexico	Bizarre		Don't Skip	https://laspozasxilitla.org.mx	Camino Paseo Las Pozas, Xilitla, San Luis Potosí	21.39690	-98.99500		Surrealistische betonnen droomwereld in de jungle, gebouwd door een excentrieke Britse miljonair die bevriend was met Dalí en Magritte — ja, ónze Magritte. Trappen naar nergens, deuren naar de hemel, orchideeën overal. Reken minimum een halve dag, stevige schoenen, en neem de gids: de verhalen zijn de helft van de ervaring. Dit is exact het soort plek waarvoor Travellers 1969 bestaat.
Lucha Libre @ Arena México	Mexico	Mexico	Entertainment/sports		Planning	https://www.cmll.com	Dr. Lavista 189, Ciudad de México	19.41920	-99.15240		Gemaskerde worstelaars, vliegende lijven, bier in liters. Dinsdag/vrijdag avond.
Museo de las Momias	Mexico	Mexico	Museum		Planning	https://www.momiasdeguanajuato.gob.mx	Explanada del Panteón Municipal, Guanajuato	21.02250	-101.26520		Natuurlijk gemummificeerde lichamen — bizarre Belgische kelder-vibes maar dan écht.
Playa Zipolite	Mexico	Mexico	Naturist		Planning		Zipolite, Oaxaca	15.66080	-96.52250		Enige officiële naaktstrand van Mexico 🏖️😎 — relaxte hippie-vibe, wél straffe stroming: enkel zwemmen waar aangegeven.
Teotihuacán — Pirámide del Sol	Mexico	Mexico	Historic		Don't Skip		San Juan Teotihuacán, Estado de México	19.69250	-98.84390		Grootste piramidestad van de Amerika’s. Combineren met ballonvaart bij zonsopgang.
test	Mexico	Mexico	Bizarre		Planning			19.36747	-99.25946		
Test	Mexico	Mexico	Bizarre		Planning						
Xcaret Park	Mexico	Mexico	Theme Park		Maybe	https://www.xcaret.com	Carretera Chetumal-Puerto Juárez km 282, Playa del Carmen	20.57940	-87.12000		Eco-themapark: ondergrondse rivieren, Maya-show. Duur maar volledig dagvullend.
🏨 Black Star Farms - Suttons Bay	Michigan	USA	Hotel		Planning	https://www.blackstarfarms.com/lodging	10844 E Revold Rd, Suttons Bay, MI 49682	44.95840	-85.57530		Stay at a working winery & distillery on the Leelanau Peninsula (Sleeping Bear Dunes region)! Inn with 8 rooms surrounded by vineyards. Farmhouse wine, spirits, and cheese. Romantic, unique, perfect after Sleeping Bear Dunes. Approx. $150/night.
🏨 Landmark Inn - Marquette	Michigan	USA	Hotel		Planning	https://www.thelandmarkinn.com	230 N Front St, Marquette, MI 49855	46.54310	-87.39520		Historic boutique hotel (1930) with Art Deco interior in Marquette, the capital of Michigan's Upper Peninsula. Amelia Earhart stayed here! View of Lake Superior. Gateway to Pictured Rocks (1 hour). Cathedral ceiling, ballroom, rooftop bar. Approx. $140/night.
Bell's Brewery - Kalamazoo	Michigan	USA	Brewery/Distillery		Planning	https://www.bellsbeer.com	355 E Kalamazoo Ave, Kalamazoo, MI 49007	42.29495	-85.57899		Michigan's most famous craft brewery - Two Hearted Ale #1 beer USA! Eccentic Café + beer garden. Brewery tours available. Kalamazoo center. Oberon Wheat release in March = local holiday. Two Hearted Ale: most consistent award-winning beer in polls.
Bob-Lo Island Abandoned Park - Detroit River	Michigan	USA	Bizarre		Planning	https://roadsideamerica.com	Bois Blanc Island, Detroit River, MI	42.32972	-83.04245		Abandoned amusement park on an island in the Detroit River! Bob-Lo Island Amusement Park (1898-1993). Once popular. Private property. Views from the Detroit side of the river. Urban exploration legend. Melancholic and beautiful. A cruise past the Detroit River is the best option.
Buddy's Pizza - Detroit	Michigan	USA	Restaurant		Planning	https://www.buddyspizza.com	17125 Conant St, Detroit, MI 48212	42.41894	-83.06413		Inventor of Detroit-style pizza (1946) - thick rectangular crispy pizza! Cheese baked crispy all the way through and over the edges. Original location NE Detroit. Detroit-style pizza is trending everywhere now. This is where it all started. Reserve for weekend dinner.
Cherry Lane Resort - Adult Michigan	Michigan	USA	Naturist		Planning	https://cherrylaneresort.com	Chesterfield Township, MI 48051	42.68837	-82.83175		Michigan's Adult Playground' - 21+ only! Clothing-optional pool + camping + events. Swinger-oriented. Chesterfield Township, NE Michigan. Friday night shenanigans are legendary. 21+ ONLY. Not family naturist.
Copper Harbor - Tip of the Keweenaw	Michigan	USA	Bizarre		Planning	https://www.copperharbor.org	Copper Harbor, MI 49918	47.46831	-87.89032		Northernmost point of Michigan's Keweenaw Peninsula! End of US-41 - 1,700 km from Miami starts here. Small village: coffee, ferry to Isle Royale. Upper Michigan wild seclusion. FREE to drive. 'Tip of the Tip'. Bucket list.
Frankenmuth - Beieren in Michigan	Michigan	USA	Bizarre		Planning	https://www.frankenmuth.org	Frankenmuth, MI 48734	43.33169	-83.73802		Bavarian city in the middle of Michigan - Lederhosen, oompah, Christmas! Bronner's CHRISTmas Wonderland: the largest Christmas store in the world. Frankenmuth, Central Michigan. Time travel to Bavaria, but in the Midwest. Funny for Belgians: this is what Americans think Europe is.
Gilmore Car Museum - Hickory Corners	Michigan	USA	Museum		Planning	https://www.gilmorecarmuseum.org	6865 Hickory Rd, Hickory Corners, MI 49060	42.44069	-85.42015		Largest car museum outside the Smithsonian - 300+ historic cars! Original 1930s gas stations + dealer showrooms preserved. Hickory Corners, SW Michigan. Driving demonstrations. Car enthusiasts: this is Mecca. Seriously. Close to Kalamazoo. Easily spend half a day there.
Grand Hotel - Mackinac Island	Michigan	USA	Hotel		Planning	https://www.grandhotel.com	286 Grand Ave, Mackinac Island, MI 49757	45.85099	-84.62631		World's longest veranda (660m) + car-free island! Filming location for 'Somewhere in Time' (1980). Dress requirement: formally mandatory after 6:00 PM. Season: May-Oct. Accessible only by ferry. Book months in advance. Unforgettable.
Isle Royale National Park	Michigan	USA	Nature		Planning	https://www.nps.gov/isro	800 E Lakeshore Dr, Houghton, MI 49931	47.12289	-88.56332		Remote island national park - minimum 2 days needed! Ferry from Copper Harbor or Houghton. Wolves + moose. Zero light pollution. Hiking only. America the Beautiful pass valid. Most underrated national park in the US. Absolutely.
Kitch-iti-kipi Mirror Lake - Palms Book SP	Michigan	USA	Bizarre		Planning	https://www.michigan.gov/dnr/places/state-parks/palms-book	W12625 Kitch-iti-kipi Rd, Manistique, MI 49854	45.99580	-86.40170		Michigan's largest spring water – 60m wide, crystal clear up to 12m deep! Water is 6°C ALL year round. You float across on a self-propelled raft and look down: giant trout and spring clams bubbling up. Absolutely out of this world. Free in winter! Completely unique in the world.
Mackinac Bridge	Michigan	USA	Historic		Planning	https://www.mackinacbridge.org	Mackinac Bridge, Mackinaw City, MI 49701	45.78826	-84.73208		5th longest suspension bridge in the world - 8 kilometers long! Connects the Lower and Upper Peninsula across the Strait of Mackinac. Mackinaw City to St. Ignace. Toll: $4. Driving over open grates = slightly frightening. Mackinac Island accessible via ferry on the other side.
Mackinac Island - Car Free!	Michigan	USA	Bizarre		Planning	https://www.mackinacisland.org	Mackinac Island, MI 49757	45.86831	-84.62757		Island WITHOUT cars since 1898 - horse & carriage + bicycles only! Grand Hotel: longest veranda in the world (660m). Ferry from Mackinaw City or St. Ignace. 16 fudge shops on one island. There is literally a fudge law. Book the Grand Hotel well in advance.
Michigan's Adventure - Muskegon	Michigan	USA	Entertainment		Planning	https://www.miadventure.com	4750 Whitehall Rd, Muskegon, MI 49445	43.34241	-86.27965		Michigan's largest amusement park + water park! Shivering Timbers: top 15 wooden roller coaster in the US. Muskegon. Summer only. Six Flags Spirit Card may be valid. Combo with Sleeping Bear Dunes for a perfect day out.
Motown Museum - Detroit	Michigan	USA	Museum		Planning	https://www.motownmuseum.org	2648 W Grand Blvd, Detroit, MI 48208	42.36410	-83.08841		Studio A where Berry Gordy created the Motown Sound! The microphone where Stevie Wonder, Diana Ross, and Marvin Gaye sang. Detroit W. Grand Blvd. Hitsville, USA. Emotionally and musically amazing. Tours every hour. Book now. A must for music lovers.
Pictured Rocks National Lakeshore	Michigan	USA	Nature		Planning	https://www.nps.gov/piro	N8391 Sand Point Rd, Munising, MI 49862	46.54780	-86.57360		Spectacular colored sandstone cliffs (15-60m high!) along Lake Superior – red, orange, and brown due to minerals. 72 km long! Best viewed by BOAT (tours from Munising) or kayak. Miners Beach, Chapel Falls, and Grand Portal Point are top spots. FREE - America the Beautiful valid.
Porcupine Mountains Wilderness SP	Michigan	USA	Nature		Planning	https://www.michigan.gov/dnr/places/state-parks/porcupine-mountains-wilderness	33303 Headquarters Rd, Ontonagon, MI 49953	46.82530	-89.82030		Michigan's largest wilderness area - 36,000 acres of old-growth forest (rare in the Midwest!). Lake of the Clouds = one of the most beautiful views in Michigan. 90+ km of hiking trails. Autumn = spectacular foliage color. Upper Peninsula hidden gem. $15 day pass.
Sleder's Family Tavern - Traverse City	Michigan	USA	Restaurant		Planning	https://www.sleders.com	717 Randolph St, Traverse City, MI 49684	44.76708	-85.63544		Michigan's OLDEST bar and restaurant (1882)! Original decor. Taxidermy on the walls. Authentic. Traverse City, NW Michigan. Burgers + local beer in a historic building. Nick Nolte sandwich on the menu. Real.
Sleeping Bear Dunes NL	Michigan	USA	Nature		Planning	https://www.nps.gov/slbe	9922 Front St, Empire, MI 49630	44.81157	-86.05623		GMA's 'Most Beautiful Place in America' 2011 - and rightly so! 440-foot-high sand dunes RIGHT on Lake Michigan. Dune Climb: 150m up + sprint to the water = epic. Empire/Glen Arbor. America the Beautiful pass! Summer: perfect. Autumn: beautiful colors.
Sleeping Bear Dunes Pierce Stocking Drive	Michigan	USA	Scenic Route		Planning	https://www.nps.gov/slbe	Pierce Stocking Scenic Drive, Empire, MI 49630	44.85870	-86.05275		7-mile drive along the highest dunes with a view of Lake Michigan! Stop 9: a view that will bring you to your knees. 450 feet down. America the Beautiful pass valid. Empire, NW Michigan. Sunset here = absolute bucket list moment.
Tahquamenon Falls - Paradise	Michigan	USA	Nature		Planning	https://www.michigan.gov	Paradise, MI 49768	46.62740	-85.03739		Michigan's largest waterfall – coffee brown due to tannins in the water! Upper fall: 48 feet high, 200 feet wide. Paradise, Upper Peninsula Michigan. State park. Canoe rentals between the upper and lower falls. Autumn: golden yellow + brown water = surreal color combination.
Whispering Oaks - Oxford	Michigan	USA	Naturist		Planning	https://www.whisperingoaks.net	5864 Baldwin Rd, Oxford, MI 48371	42.88817	-83.33943		AANR-affiliated naturist resort on 200 wooded acres! 45 min from Detroit. Pool, hiking trails, RV campground. Family-friendly. May-September. Michigan's top-rated naturist resort.
Zingerman's Deli - Ann Arbor	Michigan	USA	Restaurant		Planning	https://www.zingermansdeli.com	422 Detroit St, Ann Arbor, MI 48104	42.28462	-83.74506		One of the world's best delis - Ann Arbor's pride! Sandwiches you can't close. 100+ cheeses. Ann Arbor downtown. U of Michigan campus. Food Network + Oprah + NYT wrote about it. The drive is outside, but it is absolutely worth it.
🏨 Fitger's Inn - Duluth	Minnesota	USA	Hotel		Planning	https://www.fitgers.com/inn	600 E Superior St, Duluth, MN 55802	46.78110	-92.09380		Authentic 1857 brewery conversion transformed into a boutique hotel with views of Lake Superior! Original industrial elements preserved – brick walls, beams. Close to Canal Park and Aerial Lift Bridge. On-site brewery and restaurant. Approx. $130/night. Perfect stop after North Shore Drive.
🏨 Gunflint Lodge - Grand Marais	Minnesota	USA	Hotel		Planning	https://www.gunflintlodge.com	143 S Gunflint Lake Rd, Grand Marais, MN 55604	47.98940	-90.71660		Remote wilderness lodge right on the Boundary Waters Canoe Area! Bungalows on Gunflint Lake, completely cut off from the world. Loon calls, aurora borealis opportunities, canoe trips. On-site restaurant. Deer + wolves in the garden. Approx. $150/night for a cabin. Book early.
Ax-Man Surplus Store - St. Paul	Minnesota	USA	Bizarre		Planning	https://www.ax-man.com	1639 Como Ave, St. Paul, MN 55108	44.97728	-93.16864		John Waters Dollar General' - the most bizarre store in Minnesota! Aerospace parts, laboratory equipment, everything. Bizarre karaoke soundtrack always playing. St. Paul. Browse around for FREE. You buy something. You just didn't know it yet.
Big Ole Viking - Alexandria	Minnesota	USA	Bizarre		Planning	https://runestonemuseum.org	206 Broadway, Alexandria, MN 56308	45.89022	-95.37807		28-foot Viking guards 'birthplace of America'! Kensington Runestone Museum: Norse runes in Minnesota (1362?). Alexandria, Central Minnesota. Historians are skeptical about the stone. Big Ole isn't. FREE outside. Museum: small entrance fee.
Boundary Waters Canoe Area	Minnesota	USA	Nature		Planning	https://www.fs.usda.gov/bwcaw	Ely, MN 55731	47.90324	-91.86709		1 million acres of wilderness – accessible only by canoe! No roads, no motors, no electricity. Ely, NE Minnesota. Permit required (book early!). Loon cries at night. Milky Way without light pollution. Most remote spot in the Lower 48.
Glensheen Historic Estate - Duluth	Minnesota	USA	Bizarre		Planning	https://glensheen.org	3300 London Rd, Duluth, MN 55804	46.81513	-92.05144		Victorian mansion + infamous double murder in 1977! Elizabeth Congdon + nurse murdered. 39-room mansion on Lake Superior. Duluth. Tours year-round. The murder mystery tour is the most popular. Naturally.
Gooseberry Falls State Park	Minnesota	USA	Nature		Planning	https://www.dnr.state.mn.us/state_parks/park.html?id=spk00172	3206 MN-61, Two Harbors, MN 55616	47.14230	-91.46830		5 spectacular waterfalls of the Gooseberry River right into Lake Superior! First stop on the legendary North Shore Drive. Easily accessible, 31 km of trails. Autumn = beautiful. The 5th waterfall = least visited and most romantic. Minnesota State Park sticker required ($7).
Indeed Brewing - Minneapolis	Minnesota	USA	Brewery/Distillery		Planning	https://indeedbrewing.com	711 15th Ave NE, Minneapolis, MN 55413	45.00333	-93.25193		NE Minneapolis neighborhood brewery with a great atmosphere! Day Tripper Pale Ale + Mexican Honey Imperial lager. Large patio. Food trucks. Community feel. NE Minneapolis Arts District. Best neighborhood brewery atmosphere in the Twin Cities.
Itasca State Park - Mississippi bron	Minnesota	USA	Bizarre		Planning	https://www.dnr.state.mn.us/state_parks/park.html?id=spk00181	36750 Main Park Dr, Park Rapids, MN 56470	47.23820	-95.18490		HERE begins the Mississippi! You literally step over the source of North America's longest river on stepping stones – 2,552 km further on, it flows into New Orleans! Minnesota's oldest State Park (1891). Old-growth forests, 4,000-year-old Native American earthworks. $7.
Jay Cooke State Park - Swinging Bridge	Minnesota	USA	Nature		Planning	https://www.dnr.state.mn.us/state_parks/park.html?id=spk00187	780 MN-210, Carlton, MN 55718	46.64930	-92.39070		Spectacular suspension pedestrian bridge over the wild St. Louis River with its bizarre, jagged limestone rocks. Carlton Trail along the river = fantastic. Near Duluth (30 min). Autumn leaves + turbulent water = perfect photo opportunity. Minnesota's most dramatically shaped river.
Jolly Green Giant + Sprout - Blue Earth	Minnesota	USA	Bizarre		Planning	https://www.blueearthmn.com	Giant Park, Blue Earth, MN 56013	43.65286	-94.09603		55-foot GREEN GIANT along I-90 - Ho Ho Ho! Since 1979. Blue Earth = pea-producing county. Sprout now stands next to it too. Blue Earth, SW Minnesota. FREE. Pea Memorial Park. Meant completely seriously.
Kensington Runestone Museum	Minnesota	USA	Museum		Planning	https://runestonemuseum.org	206 Broadway, Alexandria, MN 56308	45.89022	-95.37807		Mysterious runestone: Vikings in Minnesota in 1362?! Found by a farmer in 1898. Inscription in runes. Historians say: forgery. But by whom? Alexandria, Central Minnesota. A good museum about a great mystery. Debate ongoing.
Kramarczuk's - Minneapolis	Minnesota	USA	Restaurant		Planning	https://www.kramarczuks.com	215 E Hennepin Ave, Minneapolis, MN 55414	44.98797	-93.25734		Ukrainian deli + sausage master in NE Minneapolis since 1954! Kielbasa, pierogi, borscht. Everything handmade. NE Minneapolis, Ukrainian cultural heart. Cheap. Authentic. Phenomenal. Belgian sausage vs Ukrainian sausage: a debate to start while eating.
Largest Candy Store - Jordan	Minnesota	USA	Bizarre		Planning	https://minnesotaslargestcandystore.com	Hwy 169 S, Jordan, MN 55352	44.67187	-93.63583		Bright yellow building along the highway - 'Minnesota's Largest Candy Store'! Jordan, SW Minnesota. 45 min from Minneapolis. FREE to view. You will also buy candy. A monument to sugar consumption. Scarce competition for the title, but well-intentioned.
Lifestyle Minneapolis (Kasidie)	Minnesota	USA	Naturist		Planning	https://kasidie.com	Minneapolis, MN 55401	44.98365	-93.26936		Minneapolis lifestyle scene via Kasidie ​​platform! No fixed address found - event-based. Active online community. Search for Minnesota events via Kasidie.com. Private parties + hotel nights.
Mall of America - Bloomington	Minnesota	USA	Entertainment		Planning	https://www.mallofamerica.com	60 E Broadway, Bloomington, MN 55425	44.85470	-93.24195		Largest shopping mall in North America - own roller coaster INSIDE! Nicolet Park roller coaster + Sea Life aquarium + mini-golf. Bloomington, 20 min from Minneapolis. FREE entry. Attractions separate. A roller coaster in a shopping mall. Europe doesn't understand this.
Matt's Bar - Minneapolis	Minnesota	USA	Restaurant		Planning	https://www.mattsbar.com	3500 Cedar Ave S, Minneapolis, MN 55407	44.93946	-93.24765		Inventor of the JUCY LUCY – cheese fried IN the hamburger! Since 1954. Matt Bristol's creation. Cash only. Cedar Ave, Minneapolis. The cheese is melted liquid inside. Wait 3 min. Race with the '5-8 Club' to see who really invented it. Matt's was first.
Minnehaha Falls - Minneapolis	Minnesota	USA	Nature		Planning	https://www.minneapolisparks.org	4801 Minnehaha Ave S, Minneapolis, MN 55417	44.91550	-93.21050		16m waterfall RIGHT IN THE MIDDLE OF Minneapolis - the only major city in the US with a waterfall within city limits! Famous from Longfellow's poem Song of Hiawatha. In winter, the drop freezes completely = just as spectacular. Bordering a regional park. FREE. Nice stop in the Twin Cities.
North Shore Scenic Drive - US-61	Minnesota	USA	Scenic Route		Planning	https://www.exploreminnesota.com	US-61, Duluth tot Grand Portage, MN	47.93093	-89.71960		200 miles along Lake Superior's rugged coast! Split Rock, Gooseberry Falls, Tettegouche State Park. US-61 (Bob Dylan's birthplace + his famous album). FREE. Autumn: most colorful drive in Minnesota. Lake Superior looks like the ocean. Seriously.
Oakwood Club - Annandale	Minnesota	USA	Naturist		Planning	https://www.aanr.com	Annandale, MN 55302	45.26111	-94.12417		AANR-affiliated naturist resort in Central Minnesota! Annandale, 1 hour from Minneapolis. Family-friendly. Contact via AANR locator. Minnesota summer = short but intense naturist season. May through September.
Paul Bunyan & Babe the Blue Ox - Bemidji	Minnesota	USA	Bizarre		Planning	https://www.visitbemidji.com	3rd St & Beltrami Ave, Bemidji, MN 56601	47.47053	-94.88116		Minnesota's iconic duo (1937) - lumberjack + blue ox! Bemidji claims to be the ORIGINAL Paul Bunyan location. Leech Lake shore. FREE. Iconic Midwest Americana. Bemidji: also the source of the Mississippi River.
SPAM Museum - Austin	Minnesota	USA	Bizarre		Planning	https://www.spam.com/museum	101 3rd Ave NE, Austin, MN 55912	43.66937	-92.97463		FREE museum dedicated to SPAM canned meat - brilliantly executed! Hormel Foods HQ. SPAM was born here in 1937. WWII: SPAM fed the Allies. Truly historic. Austin, S-Minnesota. I-90 corridor. FREE. Amazingly serious about a spam can.
Split Rock Lighthouse - Two Harbors	Minnesota	USA	Historic		Planning	https://www.mnhs.org/splitrock	3713 Split Rock Lighthouse Rd, Two Harbors, MN 55616	47.20395	-91.36832		Minnesota's most photographed landmark! 1910 lighthouse on dramatic cliffs above Lake Superior. Two Harbors, NE Minnesota. North Shore Scenic Drive nearby. Autumn: golden trees + blue lake = perfect postcard.
Surly Brewing - Minneapolis	Minnesota	USA	Brewery/Distillery		Planning	https://www.surlybrewing.com	520 Malcolm Ave SE, Minneapolis, MN 55414	44.97324	-93.20966		Minnesota's most awarded craft brewery! Doom + Furious IPA + Darkness Stout (annual release). Large brewery campus + restaurant + beer garden. SE Minneapolis. Surly changed Minnesota's beer regulations in 2011. Real politics.
Tettegouche State Park - Palisade Head	Minnesota	USA	Nature		Planning	https://www.dnr.state.mn.us/state_parks/park.html?id=spk00269	5702 MN-61, Silver Bay, MN 55614	47.34610	-91.20660		Palisade Head and Shovel Point = most photographed spots on Lake Superior! Volcanic cliffs 60m directly above the lake. Baptism River Falls = largest waterfall entirely within Minnesota. 4 waterfalls in one park. Autumn + Lake Superior + red trees = surreal. Park sticker required.
The Saint Paul Hotel	Minnesota	USA	Hotel		Planning	https://www.saintpaulhotel.com	350 Market St, Saint Paul, MN 55102	44.94502	-93.09604		Classic grand hotel in the heart of Saint Paul (1910)! Rice Park view. F. Scott Fitzgerald's hometown. St. Paul city center. Everything within walking distance. Classic European hotel grandeur in America. Perfect for theater + dinner in the city center.
The Smack Shack - Minneapolis	Minnesota	USA	Restaurant		Planning	https://www.smack-shack.com	603 Washington Ave N, Minneapolis, MN 55401	44.98677	-93.27638		Minnesota's best lobster rolls + lobster mac & cheese! North Loop, Minneapolis. Formerly a food truck. Lobster in Minnesota: unexpected but phenomenal. Modern industrial interior. Reserve weekend dinners.
World's Largest Ball of Twine - Darwin	Minnesota	USA	Bizarre		Planning	https://www.darwinmn.com	County Rd 14, Darwin, MN 55324	45.09694	-94.41033		17,400-pound rope ball – Francis Johnson wound it for 29 YEARS! 12-foot diameter. Protected in its own gazebo. Darwin, Central Minnesota. 1.5 hours from Minneapolis. FREE. Weird Al Yankovic made a song about it. Small museum next door. Pure American bizarre obsession.
Abe's Bar-B-Q - Clarksdale	Mississippi	USA	Restaurant		Planning	https://abesbbq.com	616 State St, Clarksdale, MS 38614	34.19471	-90.56339		Clarksdale BBQ legend RIGHT at the Crossroads intersection! Built in 1924. 'Come Back Sauce' - once you taste it, you'll always come back. US-61 & US-49 intersection, Clarksdale. Barbecue + Delta beer + blues atmosphere. Robert Johnson might have sat here eating on his Coca-Cola crate.
Close Encounters - Jackson (lifestyle)	Mississippi	USA	Naturist		Planning	https://kasidie.com	Jackson, MS 39201	32.29077	-90.18462		Mississippi's only regular lifestyle club! Off-premise club (no on-site play). Events-based. Jackson area. Find it via Kasidie.com. Mississippi's laws make on-premise clubs virtually impossible.
Delta Blues Museum - Clarksdale	Mississippi	USA	Museum		Planning	https://deltabluesmuseum.org	1 Blues Alley, Clarksdale, MS 38614	34.20013	-90.57355		Blues BORN in the Mississippi Delta - this museum proves it! Muddy Waters' recorded shack is literally INSIDE the museum here. B.B. King's guitar. Robert Johnson's life story. Clarksdale, the heart of the Delta. A must for anyone who loves music.
Doe's Eat Place - Greenville	Mississippi	USA	Restaurant		Planning	https://doeseatplace.com	502 Nelson St, Greenville, MS 38701	33.41564	-91.05615		Legendary steakhouse in a former greengrocery—for 80 years! Tamales + giant T-bone steaks. Greats came here. Greenville, Delta Mississippi. Cash only. No reservations. Wait in line. Presidents, governors, rock stars: all at Doe's.
Ground Zero Blues Club - Clarksdale	Mississippi	USA	Entertainment		Planning	https://groundzerobluesclub.com	0 Blues Alley, Clarksdale, MS 38614	34.20022	-90.57360		Morgan Freeman's famous blues club in Clarksdale! Built in a former cotton warehouse. Live blues every weekend. Local musicians. Clarksdale town center. Freeman lives in Clarksdale. Sometimes he just walks in.
Lazy Magnolia Brewing - Kiln	Mississippi	USA	Brewery/Distillery		Planning	https://lazymagnolia.com	7030 Roscoe Turner Rd, Kiln, MS 39556	30.37653	-89.44932		Mississippi's first microbrewery! Southern Pecan Ale = nationally known. Kiln, South Mississippi. Brett Favre's hometown, by the way. Award-winning Southern Pecan Brown Ale. Tours + tastings available. The fact that Kiln has a brewery is special in itself.
Longwood Octagon House - Natchez	Mississippi	USA	Bizarre		Planning	https://www.natchezpilgrimage.com	140 Lower Woodville Rd, Natchez, MS 39120	31.53698	-91.40558		Largest octagonal Antebellum house in the US - NEVER finished! Construction stopped in 1861 when the Civil War broke out. Work never resumed. Upper floors rough. Downstairs completed, but the ladder is still there. Natchez. Quite a remarkable half-construction site. Unique concept.
Mammy's Cupboard - Natchez	Mississippi	USA	Bizarre		Planning	https://mammyscupboard.com	555 US-61, Natchez, MS 39120	31.47802	-91.37126		Restaurant UNDER the skirt of an 8-meter-tall mammy figure! Built in 1940. Local architect Annie Bost. Famous homemade pies + pastries. Natchez, US-61. Photo required BEFORE the dining experience. Order is important.
Margaret's Grocery - Vicksburg	Mississippi	USA	Bizarre		Planning	https://roadsideamerica.com	4535 US-61 N, Vicksburg, MS 39183	43.76799	-91.21200		Theological park of stones built by a pastor for his wife! Reverend H.D. Dennis built this as a declaration of love for Margaret Rogers. Old school bus converted into a chapel. Colorful blocks. Vicksburg, US-61 North. FREE to view. Abandoned but epic. Pure Southern folk art.
Mississippi Petrified Forest	Mississippi	USA	Nature		Planning	https://mspetrifiedforest.com	124 Forest Park Rd, Flora, MS 39071	32.51391	-90.32318		36-million-year-old petrified forest with a remarkable gemstone collection! Walking path through the fossils. Flora, central Mississippi. Privately managed. Small but special. Combine with Jackson for a day trip.
Natchez Trace Parkway	Mississippi	USA	Scenic Route		Planning	https://www.nps.gov/natr	Natchez, MS to Nashville, TN	36.16266	-86.78160		Historic 716-mile trade route through 3 states! America the Beautiful pass valid. Natchez to Nashville. No trucks. No billboards. Beautiful secluded road past historic sites. Makes: one of the most beautiful drives in the South.
Robert Johnson Crossroads - Clarksdale	Mississippi	USA	Bizarre		Planning	https://roadsideamerica.com	US-61 & US-49, Clarksdale, MS 38614	34.17216	-90.54158		THE crossroads where Robert Johnson sold his soul to the devil! Blues legend: Johnson achieved his guitar artistry through a satanic pact. 'Crossroads Blues' sung here. Eric Clapton covered it. Clarksdale, Mississippi Delta. FREE. Pure myth, but you feel something. Really.
Shack Up Inn - Clarksdale	Mississippi	USA	Hotel		Planning	https://shackupinn.com	001 Commissary Circle, Clarksdale, MS 38614	34.15971	-90.54744		Sleep in REAL sharecropper shacks on a former plantation! Hopson Plantation. Shacks modernized with air conditioning + indoor plumbing. Blues memorabilia everywhere. Live music on the premises. Clarksdale, Mississippi Delta. One of the most unique hotel experiences in the US.
Turning Angel Statue - Natchez	Mississippi	USA	Bizarre		Planning	https://roadsideamerica.com	Natchez City Cemetery, 2 Cemetery Rd, Natchez, MS 39120	31.57582	-91.39336		Grave statue looking at passing cars – say the locals! Memorial for victims of the Natchez Drug Co. explosion (1908). Natchez City Cemetery. FREE. Drivers say their heads turn along. It is an optical illusion. But still: slightly unsettling when you drive past it.
Windsor Ruins - Port Gibson	Mississippi	USA	Bizarre		Planning	https://roadsideamerica.com	Windsor Ruins Rd, Port Gibson, MS 39150	32.10829	-90.85531		23 cast-iron columns as the only remaining vestige of a grandiose plantation palace! Windsor Mansion burned down in 1890. Pillars stand like a ghostly monument. Port Gibson, Natchez Trace corridor. FREE. Incredibly photogenic. Film location. Surreal Greek temple vibe in the middle of a forest.
Witch's Grave - Yazoo City	Mississippi	USA	Bizarre		Planning	https://roadsideamerica.com	Glenwood Cemetery, 601 Calhoun Ave, Yazoo City, MS 39194	32.85026	-90.39979		The 'witch' who cursed Yazoo City - her grave broke open during the Great Fire! Legend: Kate Fortune cursed the city. Her grave chain broke during the fire of 1904. Glenwood Cemetery, Yazoo City. FREE. Chain around the cemetery. A spooky story with eerie light.
4 Hands Brewing - St. Louis	Missouri	USA	Brewery/Distillery		Planning	https://www.4handsbrewery.com/	1220 S 8th St, St. Louis, MO 63104	38.72380	-90.26573		St. Louis' best independent craft brewery! Citrus Circus IPA + Contact High Wheat. Laclede's Landing, St. Louis riverfront. Large taproom + frequent events. Anheuser-Busch is also here, but this is better.
Arabia Steamboat Museum - Kansas City	Missouri	USA	Museum		Planning	https://www.1856.com	400 Grand Blvd, Kansas City, MO 64106	39.10977	-94.58147		200 tons of pioneer goods excavated from an 1856 Mississippi shipwreck! Coffee, pots, shoes, medicine—all perfectly preserved in the river. Kansas City River Market. One of the most impressive excavation museums in America. The bottom of the Missouri River holds gold.
Arthur Bryant's BBQ - Kansas City	Missouri	USA	Restaurant		Planning	https://arthurbryants.com	1727 Brooklyn Ave, Kansas City, MO 64127	39.09148	-94.55612		Kansas City BBQ legend - Truman, Obama, and Clinton ate here! Brisket + burnt ends in a flat sandwich. Greasy fingers. No napkin helps. Brooklyn Ave, Kansas City. Since 1908. Authentic, old, tasty. KC BBQ is different from Memphis/Texas BBQ: here is the benchmark.
Boulevard Brewing - Kansas City	Missouri	USA	Brewery/Distillery		Planning	https://www.boulevard.com	2501 Southwest Blvd, Kansas City, MO 64108	39.08168	-94.59705		Midwest's most awarded craft brewery - 'Midwest's Beer'! Tank 7 Farmhouse Ale + Unfiltered Wheat. Tours daily. Kansas City SW Boulevard. Tour Hotel: sometimes free with tour admission. Since 1989. Big and still locally proud.
Bridal Cave & Thunder Mountain Park	Missouri	USA	Bizarre		Planning	https://bridalcave.com	526 Bridal Cave Rd, Camdenton, MO 65020	38.02351	-92.79194		Golf cart bar DEEP inside a cave on a mountain ridge! Bats included! Atlas Obscura lists this as truly unique - and it is true. Camdenton, Ozark Lake of the Ozarks region. If there is another drive-through golf cart bar in a bat cave, we don't know. For the most absurd drink of your life.
City Museum - St. Louis	Missouri	USA	Bizarre		Planning	https://www.citymuseum.org	750 N 16th St, St. Louis, MO 63103	38.63364	-90.20058		Not a museum – a SURREALISTIC play paradise for all ages! Giant climbing structures, cave system, rooftop Ferris wheel, secret rooms. Made from recycled industrial material. St. Louis city center. Absolutely one of the best things in the USA. Allow 4+ hours. REQUIRED!
First Sliced Bread City - Chillicothe	Missouri	USA	Historic		Planning	https://roadsideamerica.com	Chillicothe, MO 64601	39.79529	-93.55244		Sliced ​​bread was sold for the FIRST time in Childlicothe - 1928! Otto Frederick Rohwedder's invention. Klingler Bakery. Childlicothe, N-Missouri. Hwy 36. 'The greatest thing since sliced ​​bread' - this is the best and the first. FREE. Plaque at the original bakery building.
Gateway Arch - St. Louis	Missouri	USA	Bizarre		Planning	https://www.gatewayarch.com	11 N 4th St, St. Louis, MO 63102	38.62587	-90.18923		630-foot-high stainless steel arch – truly impressive up close! Tram inside the arch to the top (America's strangest ride experience). Mississippi Riverfront. Underground museum. America the Beautiful pass valid! Much larger and more sweeping up close than in photos. Unique.
Leila's Hair Museum (closed 2025)	Missouri	USA	Bizarre		Planning		1333 S Noland Rd, Independence, MO 64050	39.07606	-94.41345		600+ hairpiece wreaths and jewelry made from human hair! Victorian America preserved loved ones' hair in jewelry. Leila Cohoon's 50-year collection. Independence, 20 min from Kansas City. 'Best hair museum' - the opposite of 'worst hair day'.
Mark Twain Boyhood Home - Hannibal	Missouri	USA	Historic		Planning	https://marktwainmuseum.org	120 N Main St, Hannibal, MO 63401	39.71052	-91.35588		Tom Sawyer and Huck Finn came to life here! Samuel Clemens' birthplace + museum. Hannibal, Mississippi River. Tom Sawyer Fence Whitewashing Contest every year in July. Hwy 36 'Way of American Genius' starts here.
Meramec Caverns - Stanton	Missouri	USA	Bizarre		Planning	https://www.americascave.com	1135 Hwy W, Stanton, MO 63079	38.26271	-91.08684		Jesse James hideout + Frank Lloyd Wright-style cave formations! Jesse James hid his gang and money here. Route 66 hidden gem. Self-guided boat tour. Stanton, Route 66 corridor. Combine with a Route 66 drive for a perfect Missouri day.
Museum of Osteopathic Medicine	Missouri	USA	Bizarre		Planning	https://atsu.edu/museum	800 W Jefferson St, Kirksville, MO 63501	40.19340	-92.59257		Medical wax museum with CREEPY surgical history! Skeleton of Andrew Taylor Still (founder of osteopathy). Patient records, instruments, human remains. Kirksville, N-Missouri. For medical curiosities enthusiasts: 10/10.
Ozark Caves & Mule Trading Post	Missouri	USA	Bizarre		Planning	https://roadsideamerica.com	Branson, MO 65616	36.64413	-93.21834		Branson, Missouri: kitsch entertainment capital of America! Country music shows, neon billboards, themed restaurants. Absolutely over the top, but completely visible. Branson, SW Missouri. The Las Vegas of country music.
Ozarks Folk Center... wait: Natural Pines Resort MO	Missouri	USA	Naturist		Planning	https://naturalpinesresort.com	Linn Creek, MO 65052	38.03809	-92.71157		Adults-only clothing-optional + swingers resort in the Ozarks! Naturist and lifestyle activities. 21+. LGBT-friendly. Linn Creek, Lake of the Ozarks region. Open year-round. No pressure to participate in specific activities. The only open naturist/lifestyle resort in Missouri.
Pappy's Smokehouse - St. Louis	Missouri	USA	Restaurant		Planning	https://pappyssmokehouses.com	3106 Olive St, St. Louis, MO 63103	38.63503	-90.22414		Guy Fieri's Triple D favorite in St. Louis! Memphis-style ribs - smoked for 4-6 hours. ABSOLUTELY DELICIOUS. Olive Street, St. Louis. Line outside. Every day. No reservations. Closed when food runs out. Come early.
Route 66 Missouri - Joplin tot St. Louis	Missouri	USA	Scenic Route		Planning	https://www.missouri66.org	I-44/Route 66, Joplin tot St. Louis, MO	37.94198	-91.79692		Most beautiful stretch of Route 66 in the Midwest! Gay Parita Sinclair Station, Devil's Elbow, Meramec Caverns. Joplin to St. Louis via I-44. FREE road. Specifically follow old alignment for true 66 atmosphere. Most uninterrupted historic stretch of Route 66.
World's Largest Shuttlecocks - Kansas City	Missouri	USA	Bizarre		Planning	https://www.nelson-atkins.org	4525 Oak St, Kansas City, MO 64111	39.04496	-94.58096		Four 5.5-meter-high badminton shuttles scattered across the museum lawn! Claes Oldenburg + Coosje van Bruggen (1994). Deliberately absurdist. Nelson-Atkins Museum of Art, Kansas City. FREE exterior. Museum entrance separate. Art as a joke that you will appreciate later.
🏨 Chico Hot Springs Resort	Montana	USA	Hotel		Planning	https://www.chicohotsprings.com	163 Chico Rd, Pray, MT 59065	45.42970	-110.69790		Historic resort (1900) with open-air geothermal pools in the heart of Paradise Valley with views of the Absaroka Mountains! A magnet for movies and celebrities for decades. Great restaurant, quiet and romantic. 45 min from Yellowstone. Grizzly bear spotting in the area. Approx. $120/night.
🏨 Murray Hotel - Livingston	Montana	USA	Hotel		Planning	https://www.murrayhotel.com	201 W Park St, Livingston, MT 59047	45.66130	-110.55900		Legendary historic hotel from 1904 in the authentic cowboy town of Livingston! Sam Peckinpah lived here for years. Buffalo Bill and Calamity Jane once stayed here. Classic Western bar, great diner. Gateway to Yellowstone (55 min). Approx. $100-150/night. Real character, no plastic.
Avalanche Lake + Trail of the Cedars	Montana	USA	Nature		Planning	https://www.nps.gov/glac/planyourvisit/avalanchelake.htm	Avalanche Creek Trailhead, Glacier NP, MT 59936	48.67020	-113.81960		Easiest major hike in Glacier! Trail of the Cedars (1.6 km) through 600-year-old cedar forests + Avalanche Lake (6 km extra) with waterfalls plunging directly into the lake. Chance of encountering both black and grizzly bears. Bear spray is mandatory. The park's most popular trail.
Bayern Brewing - Missoula	Montana	USA	Brewery/Distillery		Planning	https://www.bayernbrewery.com	1507 Montana St, Missoula, MT 59801	46.87260	-114.02022		America's only authentic Bavarian brewery! Munich recipes! Real Lager, Hefeweizen, and Amber – made straight from the traditional recipe. Missoula. Beer made just like in Bavaria. Els and Serge: this is the closest thing to Belgium you can find in Montana. Tours + tastings. Outdoor beer garden.
Beartooth Highway	Montana	USA	Scenic Route		Planning	https://www.fs.usda.gov	US-212, Red Lodge naar Cooke City, MT	45.05254	-101.82068		Charles Kuralt's 'Most Beautiful Road in America'! 109 km over 3,333m passes. Snowfields in July! Red Lodge to Cooke City, Montana. FREE. But check weather conditions: closes during snowstorms. Summer only (May-Oct). Most spectacular Montana driving experience.
Big Sky Resort ⛷️ Ikon	Montana	USA	Ski Resort		Planning	https://www.bigskyresort.com	1 Lone Mountain Trail, Big Sky, MT 59716	45.26665	-111.26657		Ikon Pass: 7 DAYS. LARGEST ski area in the US (5,850 acres)! Lone Mountain summit (3,403m) = incredible views. Lots of terrain = never crowded. The summit is for experts, but the gondola zone is perfect for all levels. Big Sky town is an interesting stop in the summer too. If you are passing through Montana in the SUMMER: mountain hiking + summer gondola. A definite stop on the route through MT!
Evel Knievel birthplace - Butte	Montana	USA	Bizarre		Planning		Butte, MT	46.00185	-112.52163		Daredevil Evel Knievel BORN in Butte, Montana! Museum + his original motorcycle + memorabilia. Butte: fascinating mining town on a gift. Knievel attempted to break 277 bones. Achieved 433 fractures. FREE to see outside. Museum: small contribution.
Garden of 1000 Buddhas - Arlee	Montana	USA	Bizarre		Planning	https://www.ewamfoundation.org	34574 White Coyote Rd, Arlee, MT 59821	47.19179	-114.08974		1,000 white Buddhas in a 'dharma wheel' pattern on the Montana prairie! Built by Ewam Buddhists. Living community. Arlee, Flathead Valley. Flathead Lake area. FREE. Peaceful and completely unexpected Montana stop. Surreal contrast: wild mountains + serene Buddhas.
Glacier National Park	Montana	USA	Nature		Planning	https://www.nps.gov/glac	64 Grinnell Dr, West Glacier, MT 59936	48.50246	-113.98649		Crown of the Continent' - the most spectacular wilderness park in the USA! Going-to-the-Sun Road: 80 km mountain road (open June-Oct). Grizzly bears, mountain goats, glacial lakes. America the Beautiful pass valid! Vehicle timed entry tickets: Book MONTHS in advance in summer!
Glacier National Park Wild Clothing Optional - Avalanche Creek	Montana	USA	Bizarre		Planning	https://www.nps.gov/glac	Avalanche Creek Trail, Glacier NP, MT 59936	48.67080	-113.80419		Wild swimming holes in the heart of Glacier NP! Avalanche Creek: popular for cold mountain river swimming. Clothing-optional, common in remote spots. Parks Canada pass. Goldbug-style, but Montana mountain river. Cold. COLD.
Going-to-the-Sun Road	Montana	USA	Scenic Route		Planning	https://www.nps.gov/glac	Glacier NP, US-2, MT 59936	48.75606	-113.77973		Most beautiful mountain road in the US - 80 km through the heart of Glacier NP! Logan Pass: 2,026 m. Waterfalls, glacier views, wildlife. America the Beautiful pass included. June-October. Reserve vehicle permit MONTHS in advance. One of America's five most beautiful drives. No exaggeration.
Grinnell Glacier Trail - Glacier NP	Montana	USA	Nature		Planning	https://www.nps.gov/glac/planyourvisit/grinnellglacier.htm	Many Glacier Hotel, Babb, MT 59411	48.79570	-113.65600		One of the most beautiful hikes in the US to an active glacier with a turquoise lake! Option: take the boat across Swiftcurrent + Josephine Lake (saves 5 km of hiking). Stromatolites (fossilized bacteria, 1.5 billion years old) at the lake. Chance of moose and grizzly bears. Book the boat early.
Hiawatha Mountain Bike Trail	Montana	USA	Nature		Planning	https://www.ridethehiawatha.com/	East Portal (Taft Trailhead), Route 506, Taft, MT	47.38470	-115.93780		15 miles of former Milwaukee Road railway line through 7 DARK tunnels (longest 2.7 km!) and 7 spectacular trestles along the Idaho/Montana border. Bring your headlamps! E-BIKES WELCOME and very handy for the shuttle back up. Open mid-June to mid-September. $14 pp + optional shuttle.
Hidden Lake Overlook - Logan Pass	Montana	USA	Nature		Planning	https://www.nps.gov/glac/planyourvisit/hiddenlaketrl.htm	Logan Pass Visitor Center, Glacier NP, MT 59936	48.69390	-113.71880		4.8 km return from Logan Pass through alpine meadows to spectacular views of Hidden Lake. Mountain goats literally walk among the hikers! Early morning = no crowds. Same starting point as Highline Trail - plan both on one day. America the Beautiful is valid.
Highline Trail - Glacier NP	Montana	USA	Nature		Planning	https://www.nps.gov/glac/planyourvisit/highlinetrail.htm	Logan Pass Visitor Center, Glacier NP, MT 59936	48.69610	-113.71850		MOST iconic hike in Glacier NP! 19 km along a spectacular mountain ridge high above Going-to-the-Sun Road. Sometimes literally chained along the rock face. Grizzly bears frequently visible. Start EARLY - Logan Pass parking lot fills up by 7 am in July/August. Shuttle back. America the Beautiful valid.
Kettlehouse Brewing - Missoula	Montana	USA	Brewery/Distillery		Planning	https://www.kettlehouse.com	602 Myrtle St, Missoula, MT 59801	46.86557	-113.99877		Missoula's favorite craft brewery! Cold Smoke Scotch Ale = Montana icon beer. Duo taprooms: Northside + Southside. Loyal to local customers. No franchise hassle. Since 1995. The soul of Missoula.
Lifestyle Billings (Kasidie)	Montana	USA	Naturist		Planning	https://kasidie.com	Billings, MT 59101	45.78278	-108.50459		Montana lifestyle scene via Kasidie ​​platform! No fixed club address found. Billings is the largest urban center. Search for Montana events via Kasidie.com. Private home parties are the norm here.
Little Bighorn Battlefield	Montana	USA	Historic		Planning	https://www.nps.gov/libi	756 Battlefield Tour Rd, Crow Agency, MT 59022	45.57001	-107.42997		Custer's Last Stand - June 25, 1876! Native American perspective AND cavalry perspective well presented. Crow Agency, SE Montana. America the Beautiful pass valid! Controversial heritage honestly highlighted. Emotional terrain.
Lolo Hot Springs - Lolo	Montana	USA	Nature		Planning	https://lolohotsprings.com	38500 US-12 W, Lolo, MT 59847	46.00149	-102.64448		Historic hot springs along the Lewis & Clark route! Indoor + outdoor pools. 38-40°C. Lolo, 45 min from Missoula. US-12. 'Back to Nature' clothing - optional overnight stays occasionally! Goldbug-style vibe. Rustic and authentic.
Mackenzie River Pizza - Missoula	Montana	USA	Restaurant		Planning	https://www.mackenzieriverpizza.com	137 W Front St, Missoula, MT 59801	46.87029	-113.99645		Montana-inspired gourmet pizza with wild mushrooms + bison! Misoula center. Local ingredients. Since 1989. Montana soul in a pizza. Good craft beers alongside the pizza. University town atmosphere + Bergers eat here.
Makoshika State Park	Montana	USA	Nature		Planning	https://stateparks.mt.gov/makoshika	1301 Snyder Ave, Glendive, MT 59330	47.08980	-104.70639		Montana's LARGEST state park - badlands + dinosaur fossils! Triceratops and T-rex bones found here. Glendive, E-Montana. Hoodoos and erosion cliffs. Spring + fall: best. Summer: very hot. America the Beautiful pass NOT valid - state park.
Montana Club - Great Falls	Montana	USA	Restaurant		Planning	https://www.montanaclub.com	1225 NE Bypass, Great Falls, MT 59404	47.50528	-111.30077		Montana's most famous steakhouse chain - homegrown ranch meat! Montana Prime beef straight from local ranches. Great Falls + multiple locations. Cowboy-style fine dining. Big-size meat. This is how Montana eats. Seriously.
Oasis 33 - Billings area	Montana	USA	Naturist		Planning	https://club33naked.com	Billings area, MT 59101	45.78359	-108.50956		Clothing-optional naturist park near the Montana-Wyoming border! Billings area. Primitive campground. Montana Naturist Organization closed in 2021 - this is an alternative. Private. Call ahead. Small but the only option in Montana.
Our Lady of the Rockies - Butte	Montana	USA	Bizarre		Planning	https://www.ourladyoftherockies.org	400 W Mercury St, Butte, MT 59701	46.01067	-112.54235		27-meter-high Madonna figure on a ridge above Butte! Visible from everywhere in the valley. Illuminated at night. Gondola tour to the top from Butte. Butte. Up-gondola tour = best panorama above a mining town.
Pompey's Pillar National Monument	Montana	USA	Historic		Planning	https://www.blm.gov	3039 US-312, Pompeys Pillar, MT 59064	45.98364	-108.02892		The only remaining physical evidence of the Lewis & Clark Expedition! William Clark carved his name and date into the rock face: July 25, 1806. It is still there. Really. Pompleys Pillar, East Montana. Small entrance fee. Managed by the BLM. A point of contact with history from over 220 years ago. Highly recommended.
Boys Town - Omaha	Nebraska	USA	Historic		Planning	https://www.boystown.org	13628 Flanagan Blvd, Boys Town, NE 68010	41.26267	-96.12685		Famous youth residence for homeless boys - city status of its own! Own mayor: always an elected youth. Omaha area. Film Boys Town (1938): Spencer Tracy + Mickey Rooney. FREE visitor admission. Museum about Father Flanagan's legacy.
Carhenge - Alliance	Nebraska	USA	Bizarre		Planning	https://www.carhenge.com	2151 County Rd 59, Alliance, NE 69301	42.14238	-102.85887		Stonehenge recreated from 39 GRAY CARS in Nebraska prairie! Jim Reinders built this in 1987 for his father's memorial. Alliance, NW Nebraska. Prairie wind, empty horizon, car-Stonehenge. FREE. All year round. Best at sunrise or sunset. America's most perfect absurdist monument.
Chimney Rock	Nebraska	USA	Historic		Planning	https://www.nps.gov/chro	9822 Co Rd 75, Bayard, NE 69334	41.70275	-103.33244		Landmark for Oregon Trail pioneers - the 'Great Post' of the prairie! 146 meters high. Pioneers called this their turning point. Bayard, W-Nebraska. Scotts Bluff Corridor. America the Beautiful pass valid! Just as you've always seen 'Die Prärie'. Now in real life.
Empyrean Brewing - Lincoln	Nebraska	USA	Brewery/Distillery		Planning	https://www.empyreanbrewing.com	729 Q St, Lincoln, NE 68508	40.81522	-96.71068		Lincoln's beloved craft brewery + Lazlo's restaurant concept! Apricot Ale + Burning Skye Scottish Ale are the most popular. Near Haymarket District, Lincoln. Since 1992. Nebraska veteran. Combine with a Haymarket walk for a Lincoln day.
Kool Aid Monument - Hastings	Nebraska	USA	Bizarre		Planning	https://roadsideamerica.com	Kool Aid Park, 2nd & Minnesotan Ave, Hastings, NE 68901	40.58513	-98.38350		Kool Aid INVENTED in Hastings, Nebraska in 1927! Edwin Perkins' invention. Fountain + monument + museum. Hastings city center. FREE. Kool Aid Man statue awaits. Jim Jones used Kool Aid as a murder weapon. The drink has a dark image.
Le Bouillon - Omaha	Nebraska	USA	Restaurant		Planning	https://www.lebouillon.com	214 N 11th St, Omaha, NE 68102	41.26064	-95.93053		French brasserie in Omaha's historic Old Market district! Authentic bistro cuisine. Good wine list. Old Market, downtown Omaha. Best European dining in Nebraska. Make a reservation. Omaha's surprisingly good food scene.
Niobrara Scenic River	Nebraska	USA	Nature		Planning	https://www.nps.gov/niob	Niobrara, NE 68760	42.75472	-98.02868		Nebraska's most popular kayak river - 76-mile National Scenic River! Waterfalls, canyon, pools. Niobrara, N-Nebraska. America the Beautiful pass valid! July-August: busy. But always worth it.
Pioneer Village - Minden	Nebraska	USA	Museum		Planning	https://www.pioneervillage.org	138 E Hwy 6, Minden, NE 68959	40.50475	-98.95139		26 buildings + 50,000+ artifacts about American daily life 1830-1970! One man's obsession: Harold Warp started this in 1953. Minden, South Nebraska. I-80 corridor. The most comprehensive Midwest daily life museum. Spend half a day. Overflowing with nostalgia.
Runza Drive-In - Lincoln	Nebraska	USA	Restaurant		Planning	https://www.runza.com	1741 O St, Lincoln, NE 68508	40.81360	-96.69567		Nebraska's iconic fast food: RUNZA sandwiches are legendary! Ground meat + cabbage-filled bun. Doesn't exist anywhere else. Lincoln + multiple Nebraska locations. Completely regional. Unforgivably tasty for such a simple concept. Els: this is the Nebraska version of a sausage roll.
Sandhills of Nebraska	Nebraska	USA	Nature		Planning	https://visitnebraska.com	Valentine, NE 69201	42.87278	-100.55097		Largest sand dune system in the Western Hemisphere! 500 km² of stabilized grass dunes. Bison and prairie dogs. Valentine, N-Nebraska. Niobrara River Scenic Byway. FREE. Few visitors. Cycling, kayaking, camping in absolutely pristine prairie.
Scotts Bluff National Monument	Nebraska	USA	Nature		Planning	https://www.nps.gov/scbl	190276 Old Oregon Trail, Gering, NE 69341	41.82863	-103.70744		Impressive sandstone formations - a navigation point on the Oregon Trail! Highway uphill. Panorama over Platte River Valley. Slight, SW Nebraska. America the Beautiful pass valid! Beautiful sights at dawn. Less visited than you would expect.
Stuhr Museum of the Prairie Pioneer	Nebraska	USA	Museum		Planning	https://www.stuhrmuseum.org	3133 W US-34, Grand Island, NE 68801	40.88395	-98.37183		Living museum: Victorian village with 60+ original buildings! Costume actors in the village. Henry Fonda was born here. Grand Island, central Nebraska. May-Sept: best period for actors. Central Nebraska: no excuse not to stop on I-80.
Thunderhead Brewing - Kearney	Nebraska	USA	Brewery/Distillery		Planning	https://www.thunderheadbrewing.com	18 E 21st St, Kearney, NE 68847	40.69679	-99.08087		Nebraska's most authentic prairie craft brewery! Local grain + pure Nebraska flavors. Kearney, I-80 corridor stopover. I-80 makes it easy to stop. Cozy taproom after the long prairie drive.
Alien Research Center - Hiko	Nevada	USA	Bizarre		Planning	https://www.atlasobscura.com	100 NV-375, Hiko, NV 89013	37.53302	-115.24259		Giant silver alien statue guards a souvenir shop! Hiko, ET Highway. Next to the Research Center Gift Shop. Silver alien: 7 meters tall. FREE exterior. Shop has ET souvenirs. Route stop on the ET Highway.
Area 51 - Black Mailbox	Nevada	USA	Bizarre		Planning	https://roadsideamerica.com	Mail Box Rd & NV-375, NV 89013	37.41485	-115.40976		The iconic BLACK MAILBOX along the ET Highway! A local rancher had installed this specifically for 'alien mail'. Near Alamo, NV. Along NV-375. FREE. Photo stop. Most photographed mailbox in the world (possibly).
Bare Moon Ranch - Wells	Nevada	USA	Naturist		Planning	https://roadsideamerica.com	Wells, NV 89835	41.11159	-114.96449		Nevada rural naturist ranch retreat! Wells, N-Nevada. Private ranch setting. Clothing optional. By-the-Year atmosphere. Contact via website. Nevada has few options, but this is an authentic ranch.
Big Dog's Brewing - Las Vegas	Nevada	USA	Brewery/Distillery		Planning	https://www.bigdogsbrews.com	4543 N Rancho Dr, Las Vegas, NV 89130	36.24242	-115.23592		Las Vegas' oldest craft brewery - anti-Strip! Red Hydrant Ale + Fat Dog Stout. NW Las Vegas. Local pub atmosphere. Not on the Strip, but that is an advantage. A good escape from the casino circus.
Clown Motel - Tonopah	Nevada	USA	Bizarre		Planning	https://www.clownmotel.com	521 N Main St, Tonopah, NV 89049	38.07206	-117.23801		Scariest motel in America - 500+ CLOWNS in every room! Next to an old cemetery. Seriously. Tonopah, Central Nevada. Tonopah is also 'Star City'. Stay overnight or not? You decide. Theme suites available. Sleep tight.
Extraterrestrial Highway (NV-375)	Nevada	USA	Bizarre		Planning	https://travelnevada.com	NV-375, Crystal Springs tot Warm Springs, NV	37.71365	-115.87752		'World's most photographed highway' - through Area 51 grounds! Rachel NV: 54 inhabitants. The 'Area 51' Alien Center along the road. Little A'Le'Inn café: 'earthlings welcome'. FREE ride. GPS coordinates of Area 51 gate for the photo. August 2019: 2 million people 'stormed Area 51'. This is that place.
Hoover Dam	Nevada	USA	Historic		Planning	https://www.usbr.gov/lc/hooverdam	US-93, Boulder City, NV 89005	35.96101	-114.79974		726-foot-high concrete marvel - built Las Vegas and all of Southwest America! Built 1931–1936. Art Deco finish. Boulder City, Nevada. 45 min from Las Vegas. Tours inside the dam itself. Lake Mead: US first man-made reservoir (unfortunately shrinking).
In-N-Out Burger - Las Vegas	Nevada	USA	Restaurant		Planning	https://www.in-n-out.com	4888 Dean Martin Dr, Las Vegas, NV 89103	36.10133	-115.18223		West Coast legend you can't eat in the East! Double-Double Animal Style: the cult order. Las Vegas (handy entry point for VEG to CA). Fresh, local ingredients. Never frozen meat. A ritual for every West Coast road tripper.
International Car Forest of Last Church	Nevada	USA	Bizarre		Planning	https://roadsideamerica.com	Goldfield, NV 89013	37.70845	-117.23571		40+ cars planted nose-first in the desert ground - Cadillac Ranch Nevada! Goldfield, Central Nevada. Abandoned mining town. Free to visit. FREE. Combine with Tonopah for a central Nevada day. Nevada's darkest, avant-garde roadside art.
Las Vegas Strip Neon Museum	Nevada	USA	Museum		Planning	https://www.neonmuseum.org	770 Las Vegas Blvd N, Las Vegas, NV 89101	36.17699	-115.13532		Graveyard of iconic Vegas neon signs! Caesars Palace, Stardust, Sands - all buried here. North Las Vegas Blvd. Day + night tours (night is better). If Vegas makes you nostalgic: this is the place.
Lehman Caves - Great Basin NP	Nevada	USA	Nature		Planning	https://www.nps.gov/grba	5500 NV-488, Baker, NV 89311	39.00560	-114.21987		Hidden national park with spectacular caves + bristlecone pines! Lehman Caves: stalactites + shields. Wheeler Peak: 3,982m. Bristlecone pines 3,000+ years old. America the Beautiful pass valid! Baker, E-Nevada. Least visited NP in the Lower 48.
Lotus of Siam - Las Vegas	Nevada	USA	Restaurant		Planning	https://www.lotusofsiamlv.com/	953 E Sahara Ave, Las Vegas, NV 89104	36.14203	-115.14223		Gault-Millau Nominee Thai: 'Best Thai Restaurant in North America'! James Beard Nominee Chef Saipin Chutima. E Sahara Ave, Las Vegas (not the Strip). Northern Thai cuisine: different from standard Thai. Book weeks in advance. Strip-avoiding locals know this.
Red Rock Canyon - Las Vegas	Nevada	USA	Nature		Planning	https://www.blm.gov/visit/red-rock-canyon	Scenic Loop Dr, Las Vegas, NV 89161	36.13995	-115.46639		Spectacular red cliffs 30 min from the Las Vegas Strip! 13-mile scenic loop. Hiking trails for all levels. BLM managed. $15 per vehicle. Go early (before 8 am) for parking. Perfect counterpoint to the neon frenzy of the Strip.
Reno Arch - Reno	Nevada	USA	Bizarre		Planning	https://www.visitrenotahoe.com	N Virginia St, Reno, NV 89501	39.53030	-119.81438		'The Biggest Little City in the World' - neon arch lights up the night! 1926 slogan. Reno's signature neon arch. N Virginia St, downtown Reno. FREE. Best photo: night. Reno is not Las Vegas. Smaller, cheaper, more honest.
Sea Mountain Inn - Desert Hot Springs CA... nearby NV alternative: Las Vegas lifestyle	Nevada	USA	Naturist		Planning	https://kasidie.com	Las Vegas, NV 89101	36.16971	-115.12370		Las Vegas is the swingers hotspot of the USA - dozens of clubs and events! H&M Club, Colette Las Vegas, various hotel takeovers. Las Vegas Strip + surroundings. Search via Kasidie: Las Vegas lifestyle events are numerous. What happens in Vegas... you already know.
Seven Magic Mountains - Las Vegas	Nevada	USA	Bizarre		Planning	https://www.sevenmagicmountains.com	I-15 bij Jean, Las Vegas, NV 89019	36.16299	-115.16046		7 towers of fluorescent boulders in the middle of the Mojave Desert! Ugo Rondinone's 2016 installation. Permanent. 10 miles south of the Las Vegas Strip on I-15. FREE. Sunrise = incredible light. The most Instagram-worthy stop in all of Nevada. Really.
Shoe Tree of Fallon	Nevada	USA	Bizarre		Planning	https://roadsideamerica.com	US-50 W, Fallon, NV 89406	39.47486	-118.78478		Cottonwood tree COVERED with hundreds of passersby's shoes! US-50 'Loneliest Road in America'. People have been throwing shoes for years. Fallon, Nevada. FREE. Photo stop along the road. A tree that turns out to be a clothing store.
The Brewer's Cabinet - Reno	Nevada	USA	Brewery/Distillery		Planning	https://www.thebrewerscabinet.com	475 S Arlington Ave, Reno, NV 89501	39.52053	-119.81734		Reno's most acclaimed craft brewery! Local and regional ingredients. Seasonal rotations. Downtown Reno. Grand taproom. Glass as antique furniture theme. Unique interior. Combo with Reno Arch for a downtown Reno evening.
Valley of Fire State Park	Nevada	USA	Nature		Planning	https://parks.nv.gov	Valley of Fire Hwy, Overton, NV 89040	36.41541	-114.59078		Neon red Aztec rock formations – the most photographed spot in Nevada! Wave-like layered sandstone. Star Trek location. Overton, 90 min from Las Vegas. State park: $10 entrance fee. 'Fire Wave' trail: hike to an absolutely surreal landscape.
Algonquin Resort - St. Andrews	New Brunswick	Canada	Hotel		Planning	https://algonquinresort.com	184 Adolphus St, St. Andrews, NB E5B 1T9	45.08060	-67.05544		Castle hotel by the sea - 'the grande dame of New Brunswick'! 1889 Tudor-style resort. Golf. Spa. Sea view. St. Andrews-by-the-Sea, SW NB. One of the most beautiful hotels in Atlantic Canada. St. Andrews is NB's most charming coastal town anyway.
Cape Enrage - Rappelling + Zipline	New Brunswick	Canada	Aviation		Planning	https://capeenrage.ca	650 Cape Enrage Rd, Waterside, NB E4H 3N3	45.59485	-64.77947		Rappel down 45m steep cliffs above the Bay of Fundy! Zipline + climbing courses + 1838 lighthouse. Waterside, Fundy coast. May-October. Advance registration required. Adrenaline rush with the best tidal cliff views in North Brabant.
Chez Françoise - Shediac	New Brunswick	Canada	Restaurant		Planning	https://chezfrancoise.ca	329 Main St, Shediac, NB E4P 2E2	46.21913	-64.54540		Best lobster restaurant in Shediac - the 'Lobster Capital'! Leibster from our own tongs. Homemade desserts. Shediac town centre. Summer: always full. Reserve. A whole lobster, butter, bread: it is enough.
Fundy National Park	New Brunswick	Canada	Nature		Planning	https://www.pc.gc.ca	8 Alma Park Rd, Alma, NB E4H 1B4	45.60213	-64.94431		National park with the most extreme tides on Earth! Hiking trails along red sandstone cliffs. Sea kayaking. Alma as a base. Fresh rolls at Alma's bakeries are legendary. Parks Canada Pass. Autumn: maple colors + silence = perfect.
Fundy Trail Parkway	New Brunswick	Canada	Scenic Route		Planning	https://fundytrailparkway.com	1000 Main St, St Martins, NB E5R 1B2	45.35287	-65.54294		41 km of pristine Fundy coastline - NOT accessible by regular car! Cycle or walk along 90m-high rocky cliffs. St. Martins, 45 min from Saint John. May-Oct. Electric bike rental available. Wildest and most pristine coastline of the Maritimes.
Hopewell Rocks - Bay of Fundy	New Brunswick	Canada	Bizarre		Planning	https://www.thehopewellrocks.ca	131 Discovery Rd, Hopewell Cape, NB E4H 4Z5	45.81692	-64.57857		Walk the seabed at LOW TIDE between giant 'flowerpot' rocks! The Bay of Fundy has the highest tides in the world – up to 16m difference! 2 hours later, everything is underwater. Timing is everything. 38 km from Moncton. May-October. High tide kayak tour also possible – a completely different experience.
Kouchibouguac National Park	New Brunswick	Canada	Nature		Planning	https://www.pc.gc.ca	186 Kouchibouguac, NB E4X 2P1	46.80108	-65.01682		Seal colony + sand dunes + caribou herd in one park! Kouchibouguac (pronounced: 'koo-she-boo-GWAK'). Northumberland Strait. Parks Canada Pass. Bike paths through swamp + beach = authentic New Brunswick.
Magnetic Hill - Moncton	New Brunswick	Canada	Bizarre		Planning	https://www.magnetichill.com	Magnetic Hill Park, Moncton, NB E1G 3H3	46.13655	-64.88878		Your car rolls UPWARDS when you release the brake! Optical illusion - Canada's 3rd most visited attraction in the 1950s. Moncton. In the 1950s, behind Niagara and Banff! Admire the illusion for FREE. Park + attractions require admission. Magnetic Hill Winery + Zoo next door for a half day.
Maritimes Swingers Club	New Brunswick	Canada	Naturist		Planning	https://maritimesswingers.club	New Brunswick / Nova Scotia, Canada	45.07785	-63.54668		Maritimes-wide lifestyle club for NB + NS! Events based. Couples and singles. Sign up via website. Maritimes discreet but active lifestyle scene. Private events + hotel meetups.
Moncton Tidal Bore	New Brunswick	Canada	Bizarre		Planning	https://www.destinationmoncton.ca	Bore Park, Moncton, NB E1C 8N4	46.09013	-64.77095		Tidal wave drives UP the Petitcodiac River - twice a day! The river flows in reverse as the Bay of Fundy tide enters. Bore Park, Moncton city centre. FREE. Schedule on website. Small, but the essence of Fundy tidal power is visible.
NB Naturist Club (NBNC) - South NB	New Brunswick	Canada	Naturist		Planning		South New Brunswick, NB	46.56532	-66.46192		Non-landed naturist club for all of Atlantic Canada! Family-oriented. Events at members' homes and visited locations. South New Brunswick base. Contact via federation. No permanent site, but an active community.
Picaroons Brewing - Fredericton	New Brunswick	Canada	Brewery/Distillery		Planning	https://picaroons.ca	422 Queen St, Fredericton, NB E3B 1B5	45.96272	-66.64272		New Brunswick's most beloved craft brewery! Best Bitter + Maple Cream Ale are the classics. Fredericton city centre - everything within walking distance. Since 1994. Local pride. Combine with Fredericton's historic city centre.
Reversing Falls - Saint John	New Brunswick	Canada	Bizarre		Planning		200 Bridge Rd, Saint John, NB E2M 4X6	45.25885	-66.08804		Waterfall that CHANGES direction 3 times a day! At low tide: river flows over rocks. At high tide: the sea pushes the river back up. Saint John, river mouth. FREE to see. Schedule at the park. Surreal natural phenomenon.
Tide & Boar - Moncton	New Brunswick	Canada	Restaurant		Planning	https://tideandboar.com	700 Main St, Moncton, NB E1C 1E4	46.08862	-64.77571		Moncton's top-rated restaurant: gastropub with craft beer! Atlantic seafood + local produce. 100+ craft beers. Downtown Moncton. Reserve. One of the best restaurant experiences in all of Atlantic Canada.
Village Historique Acadien - Caraquet	New Brunswick	Canada	Historic		Planning	https://villagehistoriqueacadien.com	14311 Rte 11, Caraquet, NB E1W 6B4	47.78867	-65.09489		45 buildings + costume actors: Acadian life from 1770-1939! French culture that survived the English deportation. Caraquet, North North coast. Summer: living historical village in full operation. French-Canadian heritage at its most authentic.
World's Largest Axe - Nackawic	New Brunswick	Canada	Bizarre		Planning	https://roadsideamerica.com	Axe St, Nackawic, NB E6G 1J1	45.96840	-67.24315		15-meter-high steel axe as a monument to the forestry industry! Nackawic officially became the 'Forestry Capital of Canada' in 1991. Contains a time capsule that must never be opened. Nackawic, Saint John River. FREE. Impressive. Look up.
World's Largest Lobster - Shediac	New Brunswick	Canada	Bizarre		Planning	https://roadsideamerica.com	Main St, Shediac, NB E4P 2E4	46.22033	-64.53401		90 tons of concrete lobster guards the 'Lobster Capital of the World'! Shediac: warm water beach + best lobster in the Maritimes. Photo + Fisherman's Paradise restaurant next door. Shediac, 30 min from Moncton. FREE photo. Then eat a real lobster. A must-do combination.
World's Longest Covered Bridge - Hartland	New Brunswick	Canada	Bizarre		Planning	https://www.tourismnewbrunswick.ca	Bridge St, Hartland, NB E7P 1H5	46.27712	-67.60591		391-meter-long wooden covered bridge - RECORD! Built in 1901. Free to drive through. Hartland, Saint John River. Legend: If you drive across the bridge with your eyes closed, you will arrive married on the other side. FREE. Iconic. Note: Photo + drive through.
🏨 AMC Highland Center - Crawford Notch	New Hampshire	USA	Hotel		Planning	https://www.outdoors.org/destinations/new-hampshire/highland-center/	361 Base Station Rd, Carroll, NH 03598	44.21660	-71.40590		Appalachian Mountain Club lodge in Crawford Notch - perfect base for White Mountain hikes! Private rooms + meals included (breakfast + dinner). Hiking trails start right from the door. Adventurous and friendly. Backpacker vibe. Approx. $80-100pp including meals. Gear rental service.
🏨 Omni Mount Washington Hotel	New Hampshire	USA	Hotel		Planning	https://www.omnihotels.com/hotels/bretton-woods-mount-washington	310 Mount Washington Hotel Rd, Bretton Woods, NH 03575	44.26240	-71.43680		LEGENDARY grand hotel from 1902 in the White Mountains – the Bretton Woods Accords (1944 world currency system!) were signed HERE! 900 acres of grounds. Ski in winter, golf/hiking in summer. Spectacular view of Mt. Washington. Over budget but so historically special – for a special night.
Arethusa Falls - Crawford Notch SP	New Hampshire	USA	Nature		Planning	https://www.nhstateparks.org/find-parks-facilities/nhsp/crawford-notch-state-park	US-302, Harts Location, NH 03812	44.12610	-71.39670		Highest waterfall in New Hampshire - 61m free fall! 4.8 km return through dense forest along Bemis Brook with several smaller waterfalls along the way. The Crawford Notch area is also beautiful for scenic drives. Combine with Mt Willard (panorama with hardly any climbing). Parking $5.
Artist's Bluff - Echo Lake	New Hampshire	USA	Nature		Planning	https://www.nhstateparks.org	NH-18, Franconia, NH 03580	44.20470	-71.67840		NH's most photographed viewpoint! 1.6 km loop to a spectacular panorama over Echo Lake. Perfect autumn photo – boats on the lake, fiery pink forests all around. Short but steep climb. FREE! Combine with Bald Mountain (+800m) for a higher view. Near Flume Gorge.
Cathedral Ledge - North Conway	New Hampshire	USA	Nature		Planning	https://nhstateparks.org	Echo Lake State Park, North Conway, NH 03860	44.05276	-71.15702		Spectacular 120m rock face - climb or drive to the top! North Conway, White Mountains. Echo Lake State Park. Swim in the lake at the foot. Visible year-round. State Park entrance. View of the Saco River Valley.
Cedar Waters Village - Nottingham	New Hampshire	USA	Naturist		Planning	https://www.nhnude.com	Nottingham, NH 03290	43.13656	-71.12108		New Hampshire's only naturist park - 73 years old! Nottingham, SE-New Hampshire. Family-oriented. Lakes and forests. Limited availability - call ahead. Summer only. Day visitors: $42/day.
Clark's Trading Post - Lincoln	New Hampshire	USA	Bizarre		Planning	https://clarkstradingpost.com	110 Daniel Webster Hwy, Lincoln, NH 03251	44.04906	-71.68646		Bear eating ice cream, train attacked by a hairy creature, White Mountain kitsch! Since 1928. Classic New England roadside attraction. Lincoln, White Mountains. Summer only. Four-legged chicken, 'man-eating clam', and a blackjack used in an 1897 bank robbery: the museums here are incredible.
Common Man - Windham	New Hampshire	USA	Restaurant		Planning	https://www.thecman.com	88 Range Rd, Windham, NH 03087	42.80145	-71.27050		NH's most beloved local restaurant group - authentic New England! Local ingredients + high-quality comfort food. Windham + multiple NH locations. Since 1971. The NH feeling on one plate. More than a restaurant: NH culture.
Flume Gorge - Franconia Notch SP	New Hampshire	USA	Nature		Planning	https://www.nhstateparks.org/find-parks-facilities/nhsp/franconia-notch-state-park	Franconia Notch Pkwy, Lincoln, NH 03251	44.12900	-71.68260		Spectacular canyon 244m long and only 6-9m wide - footbridge and boardwalk along 9m high granite walls! Avalanche Falls right next to you. Flume Covered Bridge (1871) on the route. Cannon Mountain tramway here too! $18 admission but absolutely worth it. Child-friendly.
Kancamagus Highway (The Kank)	New Hampshire	USA	Scenic Route		Planning	https://www.fs.usda.gov/whitemountain	NH-112, Conway to Lincoln, NH	43.98254	-71.13816		56 km mountain road with no gas station or shop – pure nature! Autumn: absolute TOP destination in all of New England. Conway to Lincoln, White Mountains. FREE. No tolls. No billboards. October: gold, red, and orange trees as far as the eye can see.
Mount Washington - Highest Wind Speed Record	New Hampshire	USA	Bizarre		Planning	https://mtwashington.com	1 Mt Washington Auto Rd, Gorham, NH 03581	44.28810	-71.22436		Ridge with the world's highest recorded wind speed - 372 km/h (1934)! Highest mountain NE US (1,917m). Private summer car tour (STEEP!). Gorham, White Mountains. Auto road: $35. Cog Railway also available. Weather conditions: can snow on any day of the year.
Mount Washington Auto Road	New Hampshire	USA	Nature		Planning	https://www.mountwashingtonautoroad.com	1 Mt Washington Auto Rd, Gorham, NH 03581	44.27060	-71.30330		Highest mountain point in Northeast USA (1,917m) - Home of the World's Worst Weather! Wind speed record 372 km/h (1934). Drive up YOURSELF (bumper sticker "This Car Climbed Mt. Washington"!). Option: historic Cog Railway (rack railway from 1869, still steam-powered). View over 6 states + Canada.
Mystery Hill (America's Stonehenge) - Salem	New Hampshire	USA	Bizarre		Planning	https://www.stonehengeusa.com	105 Haverhill Rd, Salem, NH 03079	42.84284	-71.20718		Mysterious stone structures old enough to be pre-Columbian! Observatory, sacrificial table, druid-like enclosure. Salem, S-New Hampshire. Historians debate: Native American, settlers, or... Celts? FREE exterior. Entrance to the ground itself.
NH Lifestyle via Kasidie	New Hampshire	USA	Naturist		Planning	https://kasidie.com	New Hampshire, NH	43.19385	-71.57240		NH lifestyle via Kasidie ​​+ private events! No permanent club - private party network. Manchester + Concord area. Search via Kasidie.com. NH: small but active lifestyle scene.
Polar Caves Park - Rumney	New Hampshire	USA	Bizarre		Planning	https://polarcaves.com	705 NH-25, Rumney, NH 03266	43.79533	-71.82594		9 granite caves formed by glacial action - crawl through them! 'Lemon Squeeze' passage: 23 cm wide. Slender people only. Rumney, W New Hampshire. April-October. Family attraction featuring genuine geological wonders. For over 100 years.
Ruggles Mine - Grafton	New Hampshire	USA	Bizarre		Planning	https://www.rugglesminenh.com	146 Mine Rd, Grafton, NH 03240	43.53835	-71.99398		Reopened mica mine where you MAY TAKE HOME YOUR OWN minerals! Granite, feldspar, beryl, garnets, and amethysts. Grafton, W-New Hampshire. June-October (reopened 2024!). Take home a bucket full of your own minerals. Pure treasure hunting.
Santa's Village - Jefferson	New Hampshire	USA	Entertainment		Planning	https://www.santasvillage.com	528 Presidential Hwy, Jefferson, NH 03583	44.42539	-71.49623		Christmas theme park in the middle of the White Mountains! Santa on hand for photos. Roller coasters. Water park. Jefferson, N-New Hampshire. June-December (extended Christmas season). For Serge & Els: this reminds me of Plopsaland, but with a chance of snow.
The Balsams Grand Resort - Dixville Notch	New Hampshire	USA	Hotel		Planning	https://thebalsams.com	1000 Cold Spring Rd, Dixville Notch, NH 03576	44.86963	-71.30860		Legendary grand resort in the most remote corner of NH! Dixville Notch: 12 residents. FIRST VOTES every year in US presidential elections. Wite Mountain backdrop. Recently reopened after restoration. Most iconic New Hampshire hotel experience.
The Tilt'n Diner - Tilton	New Hampshire	USA	Restaurant		Planning	https://www.tiltndiner.com	61 Laconia Rd, Tilton, NH 03276	43.45490	-71.56628		Classic 1950s stainless steel diner - all-day breakfast! Tilton, I-93 corridor. Best New Hampshire diner experience. Chrome, red vinyl, jukebox at the table. Pancakes that cover half an arm. No exaggeration.
UFO Monument - Exeter	New Hampshire	USA	Bizarre		Planning	https://www.atlasobscura.com	Court St, Exeter, NH 03833	42.96910	-70.95256		Monument for the famous UFO abduction of Norman Muscarello (1965)! 'Exeter Incident': well-documented sighting. Police officers confirmed. Exeter, SE New Hampshire. FREE. Small monument in the city. One of the most credible UFO incidents in the US.
White Mountain National Forest	New Hampshire	USA	Nature		Planning	https://www.fs.usda.gov/whitemountain	71 White Mountain Dr, Campton, NH 03223	43.81571	-71.66809		750,000+ acres of forest + peaks + Kancamagus Highway! Kancamagus ('The Kank'): 56 km scenic byway, NO gas stations. America the Beautiful pass valid! Autumn: New England's most famous explosion of color. Summer: hiking, camping, swimming in crystal-clear streams.
Woodstock Inn + Brewery - Woodstock	New Hampshire	USA	Brewery/Distillery		Planning	https://www.woodstockinnnh.com	135 Main St, Woodstock, NH 03262	44.03243	-71.68691		White Mountains micro-brewery + inn - local favorite! Piggy's Porter + Autumn Breeze are their stars. Woodstock, Kancamagus Highway start. Perfect stopover after the Kancamagus drive. NH's most-visited brewery-hotel combination.
Asbury Park - Boardwalk	New Jersey	USA	Bizarre		Planning	https://www.cityofasburypark.com	1st Ave & Ocean Ave, Asbury Park, NJ 07712	40.21936	-74.00076		Bruce Springsteen's hometown - legendary boardwalk + Stone Pony! Murals, vintage shops, Art Nouveau buildings. Stone Pony: Springsteen still plays here unexpectedly. Asbury Park, Central NJ Coast. Boardwalk FREE. Beach + parking costs.
Cape May Victorian Architecture	New Jersey	USA	Historic		Planning	https://capemay.com	Cape May, NJ 08204	38.93160	-74.91077		Largest concentration of carved Victorian architecture in the US! The entire Cape May is a National Historic Landmark. Steadman Beach: southernmost point of NJ. FREE to walk through the streets. Birdwatching in Sept/Oct: annual migration route past the point.
Carton Brewing - Atlantic Highlands	New Jersey	USA	Brewery/Distillery		Planning	https://www.cartonbrewing.com	6 East Washington Ave, Atlantic Highlands, NJ 07716	40.41182	-74.03815		NJ's most innovative craft brewery! Oszt!: Hungarian-inspired sessionable lager. Boat Beer. Atlantic Highlands, Monmouth County. Since 2011. Award-winning. Best taproom atmosphere in NJ: waterfront and hip.
Chalfonte Hotel - Cape May	New Jersey	USA	Hotel		Planning	https://chalfonte.com	301 Howard St, Cape May, NJ 08204	38.93333	-74.91768		Oldest continuously open hotel in Cape May (1876)! Victorian B&B atmosphere. Dining on verandas. Cape May historic center. Summer: book months in advance. Authentic Cape May experience.
Clinton Historical Museum - Red Mill	New Jersey	USA	Historic		Planning	https://www.redmill.org	56 Main St, Clinton, NJ 08809	40.63617	-74.91280		Old red mill by a waterfall - NJ's most photographed building! 1810 working watermill. Museum with NJ history. Clinton, NW NJ. Raritan River. The photo of the mill is almost a cliché, but beautiful nonetheless. Accompanied by a versatile historical museum.
Delaware Water Gap	New Jersey	USA	Nature		Planning	https://www.nps.gov/dewa	1 River Rd, Bushkill, PA 18324	41.00716	-75.11132		40 miles of the cleanest Delaware River scenery! Hiking, swimming, waterfalls. Free. NW New Jersey. America the Beautiful pass. Hidden NPS area – far fewer visitors than it deserves. Autumn: heavenly colors along the river.
Eden Rock Club - Branchville	New Jersey	USA	Naturist		Planning	https://kasidie.com	Branchville, NJ 07826	41.14652	-74.75240		NJ's most famous lifestyle resort - adults only! Clothing-optional + swingers-friendly atmosphere. Branchville, NW-NJ. Couples and singles welcome. Register via website. Weekend events.
High Point Monument - Sussex County	New Jersey	USA	Nature		Planning	https://www.nj.gov/dep/parksandforests	1480 NJ-23, Sussex, NJ 07461	41.30562	-74.67148		Obelisk at NJ's highest point - view over 3 states! 560m. Monument on the summit of Kittatinny Mountain. Sussex County, NW-NJ. State park: small entrance. New York, New Jersey, and Pennsylvania visible simultaneously.
Hindenburg Crash Site - Lakehurst	New Jersey	USA	Historic		Planning		Joint Base McGuire-Dix-Lakehurst, Lakehurst, NJ	40.01466	-74.31168		THE FIELD where the Hindenburg crashed on May 6, 1937! Naval Air Base. Freely accessible monument. Lakehurst, Central NJ. 'Oh, the humanity!' - spoken here by a journalist. FREE to visit. Small memorial plaque marks the exact spot.
Long Beach Island	New Jersey	USA	Nature		Planning	https://www.discoverlbi.com	Long Beach Island, NJ 08008	39.75007	-74.13574		NJ's most beloved island vacation beach! Narrow Barrier Island. Barnegat Lighthouse. 18 Mile Beach. Sandy Hook nearby. Summer: busy but beautiful. Climb Old Barney Lighthouse = best coastal panorama of NJ.
Lucy the Elephant - Margate	New Jersey	USA	Bizarre		Planning	https://lucytheelephant.org	9200 Atlantic Ave, Margate City, NJ 08402	39.32085	-74.51177		6-story ELEPHANT building - National Historic Landmark 1976! Built in 1881 by a real estate developer to attract buyers. Henry Ford and Woodrow Wilson visited it. Margate City, near Atlantic City. Tours: climb it from the inside via its legs!
Razza Pizza - Jersey City	New Jersey	USA	Restaurant		Planning	https://www.razzanj.com	275 Grove St, Jersey City, NJ 07302	40.71778	-74.04426		Best pizza in NJ – and sometimes they say better than NYC! James Beard Award nominated. Wood-fired Neapolitan. Jersey City, right across from Manhattan. Reserve months in advance. NYC price without the NYC hassle.
Rock Lodge Club - Stockholm	New Jersey	USA	Naturist		Planning	https://www.rocklodge.com	321 Rock Lodge Rd, Stockholm, NJ 07460	41.06977	-74.54027		OLDEST naturist club in the US (1932) - 145 acres NJ Highlands! 40 miles from Manhattan. Spring water lake. Family-friendly. Stockholm, NW-NJ. May-September. Request trial visit via website. AANR affiliated.
Sky Farm - Naturist Club	New Jersey	USA	Naturist		Planning	https://skyfarmnj.com	Hamburg, NJ 07419	41.15348	-74.57630		Second oldest naturist club in the US (1932) next to Rock Lodge! Hamburg, NW-NJ. Family-oriented. Mountains + pool. Contact via website for a trial visit. Both founded in the same year - historic NJ naturist community.
Stickwork Sculptures - Various NJ	New Jersey	USA	Bizarre		Planning	https://www.groundsforsculpture.org	Hamilton, NJ 08619	40.24820	-74.69859		Patrick Dougherty's stick sculptures throughout NJ! Uses exclusively branches. Temporary but spectacular. Various locations throughout NJ. Follow Grounds for Sculpture for locations. Nature as architecture. Fairytale-like.
The Grounds for Sculpture - Hamilton	New Jersey	USA	Bizarre		Planning	https://groundsforsculpture.org	80 Sculptors Way, Hamilton, NJ 08619	40.23698	-74.71906		42 acres with 270+ sculptures hidden in a botanical park! Life-size Impressionist paintings as 3D sculptures. Hamilton, Central NJ. One of the most beautiful open-air museums in the US. Saison: everything you see changes with the season.
White Manna Hamburgers - Hackensack	New Jersey	USA	Restaurant		Planning	https://www.whitemanna.com/	358 River St, Hackensack, NJ 07601	40.88919	-74.03841		NJ slider legend – mini-burgers on a grill next to the buns! Since 1939. 50 cm² kitchen. Classic. Hackensack, North NJ. Lunch only and often a queue. NJ is the slider state. This is where it all began.
Bandelier National Monument	New Mexico	USA	Historic		Planning	https://www.nps.gov/band	15 Entrance Rd, Los Alamos, NM 87544	35.79678	-106.28032		Cliff homes of the Ancestral Pueblo People climbed into the cliffs! 12th-century houses carved into tuff rock. Los Alamos area. America the Beautiful pass. Ladder climbing to the homes: adrenaline + history all at once.
Carlsbad Caverns National Park	New Mexico	USA	Nature		Planning	https://www.nps.gov/cave	727 Carlsbad Caverns Hwy, Carlsbad, NM 88220	32.17545	-104.44424		Largest cave chamber in North America + a million bats at sunset! Big Room: 550m long, 86m high. Walk 2+ hours. Carlsbad, SE-NM. America the Beautiful pass. Bat flight every summer evening at sunset: 400,000+ bats.
Chihuahuan Desert Nature Center & Botanical Gardens - Fort Davis, TX	New Mexico	USA	Nature		Planning	https://www.cdri.org/	43869 TX-118, Fort Davis, TX 79734	32.87016	-105.97255		White Sands Missile Range: the reason White Sands sometimes CLOSES! Unbelievable: the park sometimes closes when missiles are being tested. Alamogordo, S-NM. FREE when open. If the road to the park is blocked: waiting for a missile test.
Club Privada - Albuquerque	New Mexico	USA	Naturist		Planning	https://kasidie.com	Albuquerque, NM 87101	35.07204	-106.64663		Albuquerque's lifestyle club - NM's most active! Couples and singles. On-premise events. Via Kasidie.com + own website. Albuquerque has an active but discreet scene. Call/email for reservations.
Duran's Pharmacy - Albuquerque	New Mexico	USA	Restaurant		Planning	https://duransrestaurant.com	1815 Central Ave NW, Albuquerque, NM 87104	35.09252	-106.66713		Cafe inside a pharmacy! For decades. Green chile burritos, sopaipillas, posole. Route 66 / Central Ave, Albuquerque. Cash-only lunchroom. Locals know it. Best green-chili burritos in town for a hungry budget.
International UFO Museum - Roswell	New Mexico	USA	Museum		Planning	https://roswellufomuseum.com	114 N Main St, Roswell, NM 88201	33.39367	-104.52302		Museum dedicated to the 1947 Roswell incident - crash or weather baron? Green alien display, crash reconstruction, autopsy reports. Roswell. And the McDonald's has a flying saucer roof. FREE outside. Museum: $6. The fact that this exists is the best proof that something fell.
La Cumbre Brewing - Albuquerque	New Mexico	USA	Brewery/Distillery		Planning	https://www.lacumbrebrewing.com	3313 Girard Blvd NE, Albuquerque, NM 87107	35.11783	-106.61412		New Mexico's most awarded craft brewery! Project Dank IPA = nationally renowned. Albuquerque Nob Hill area. Great American Beer Festival gold medal. Best IPA in the Southwest. That is a claim, but it is true.
La Fonda on the Plaza - Santa Fe	New Mexico	USA	Hotel		Planning	https://lafondasantafe.com	100 E San Francisco St, Santa Fe, NM 87501	35.68642	-105.93758		Santa Fe's oldest and most iconic hotel (originating back to 1607!)! The 'Inn at the End of the Santa Fe Trail'. Right on the historic Plaza. Freskas by local artists everywhere. One of the best hotel experiences in New Mexico.
Meow Wolf - House of Eternal Return - Santa Fe	New Mexico	USA	Bizarre		Planning	https://meowwolf.com/visit/santa-fe	1352 Rufina Circle, Santa Fe, NM 87507	35.65466	-105.99653		Immersive art 'narrative experience' - Alice in Wonderland for adults! House of secrets: refrigerator leads to another universe. Santa Fe. Run by an artist collective. The ORIGINAL Meow Wolf - since expanded to other cities. Allow 2-3 hours. Insanely creative.
PistachioLand - Organ	New Mexico	USA	Bizarre		Planning	https://pistachio.com	7320 US-70, Organ, NM 88052	32.42370	-106.60348		30-foot-tall pistachio nut sculpture guards a pistachio farm! Largest pistachio farm in the US. Tours available. Organ, near White Sands Missile Range. Shop: pistachio wine, ice cream, shelled nuts. A must-see stop on the way to White Sands.
Roswell UFO-Themed McDonald's	New Mexico	USA	Bizarre		Planning	https://roadsideamerica.com	N Main St, Roswell, NM 88201	33.42643	-104.52295		McDonald's with a flying saucer roof – unique on Earth! Green alien design inside. UFO menu variations. Roswell, N Main Street. Yes, you are going to eat here. No, it tastes the same. Probably the most photographed fast food restaurant in the world.
Roswell Walking Dead Alien	New Mexico	USA	Bizarre		Planning	https://roadsideamerica.com	N Main St, Roswell, NM 88201	33.42643	-104.52295		Life-sized alien sculptures everywhere in the streets of Roswell! Streetlights with alien heads. Shop windows full of extraterrestrial beings. Roswell town centre. FREE walking. The whole town is one big bizarre attraction.
Taos Pueblo	New Mexico	USA	Historic		Planning	https://www.taospueblo.com	120 Veterans Hwy, Taos, NM 87571	36.43807	-105.54744		Inhabited earth village for 1,000 years - UNESCO World Heritage Site! Tiwa-speaking people still live here without electricity. Taos Pueblo is open to visitors. Camera permit: extra. Most impressive living Native American site in the US.
Tent Rocks National Monument	New Mexico	USA	Bizarre		Planning	https://www.blm.gov	Forest Rd 266, Cochiti, NM 87072	35.60892	-106.35030		Pointed white 'tent-rock' hoodoos - completely surreal! Narrow slot canyon walk through the peaks. Cochiti, central NM. BLM managed. Spring + autumn: perfect. Summer: hot. FREE. Walking path: 2.5 miles back. A MUST be done.
The Mira Vista Resort - El Paso TX nabij NM grens	New Mexico	USA	Naturist		Planning	https://www.miravistaresort.com	El Paso area, TX/NM grens	31.76188	-106.48502		Closest to NM AANR resort - just across the border in TX! El Paso TX, 15 min from NM. Family-friendly. Adults allowed. NM does not have its own AANR resort. Best option for naturist-minded visitors NM.
The Shed - Santa Fe	New Mexico	USA	Restaurant		Planning	https://sfshed.com	113½ E Palace Ave, Santa Fe, NM 87501	35.68544	-105.92954		Santa Fe legend for New Mexican red chili cuisine! Green vs red chili: 'Christmas' is ordering both at the same time. Downtown Santa Fe. 1692 hacienda building. Drive every lunch. Reserve dinner. 'Red or green?' is New Mexico's state question. Answer: Christmas.
Tinkertown Museum - Sandia Park	New Mexico	USA	Bizarre		Planning	https://tinkertown.com	121 Sandia Crest Rd, Sandia Park, NM 87047	35.16912	-106.36714		Handmade universe behind walls of bottle-bottom glass! Ross Ward spent 40 years carving a 22-room miniature city + circus out of wood. Sandia Park, Sandia Mountains. April-November. Children and adults alike are equally amazed. Pure folk art.
Turquoise Trail - Albuquerque naar Santa Fe	New Mexico	USA	Scenic Route		Planning	https://www.turquoisetrail.org	NM-14, Tijeras to Santa Fe, NM	35.08939	-106.38134		50 miles of mountain artist villages via the back route! Madrid: former coal mining town now full of art galleries. Cerrillos: turquoise mining town from the 1800s. NM-14 from Albuquerque to Santa Fe. FREE. Meanders through the Sandia Mountains. Lunch in Madrid is mandatory.
White Sands National Park	New Mexico	USA	Nature		Planning	https://www.nps.gov/whsa	19955 Hwy 70 W, Alamogordo, NM 88310	32.83570	-106.05839		275,000 acres of snow-white gypsum dunes – nowhere else on Earth! Driving through them feels like driving on another planet. Alamogordo, Southwest. America the Beautiful Pass. Sunset: ultraviolet light + white dunes = almost painfully beautiful.
🏨 Mohonk Mountain House	New York	USA	Hotel		Planning	https://www.mohonk.com	1000 Mountain Rest Rd, New Paltz, NY 12561	41.76590	-74.15870		Victorian fairytale castle on a ridge above Hudson Valley – built in 1869! National Historic Landmark. 2,200-acre wilderness estate with private lake. 85 miles of hiking trails. Autumn here is world-famous. All-inclusive (3 meals/day). Above budget but ABSOLUTE bucket list. Approx. $350-500/night.
🏨 The Sagamore Resort - Lake George	New York	USA	Hotel		Planning	https://www.thesagamore.com	110 Sagamore Rd, Bolton Landing, NY 12814	43.57760	-73.64150		Classic grand resort (1883) on its own island in Lake George - the Queen of American Lakes! Historic docks, private cruise ship, spa, multiple restaurants. Home of President Eisenhower. Adirondacks backdrop. Accessible via bridge. Approx. $200-300/night.
Brooklyn Brewery	New York	USA	Brewery/Distillery		Planning	https://brooklynbrewery.com	79 N 11th St, Brooklyn, NY 11249	40.72176	-73.95771		NYC's most famous craft brewery - Brooklyn Lager is a city symbol! Williamsburg. Tours + taproom. Since 1988. Nationally renowned. Combine with Peter Luger Steakhouse for the ultimate Brooklyn day. Brooklyn Lager in a beer glass in Williamsburg: perfect photo.
Catskill Mountains - Overlook Mountain	New York	USA	Nature		Planning	https://www.dec.ny.gov	Meads Mountain Rd, Woodstock, NY 12498	42.05065	-74.11859		Abandoned hotel ruins on a ridge + panorama over the Catskills! Overlook Mountain Trail: 2.4 mile ascent. Woodstock, Catskills. FREE hike. Woodstock + ruins + view = perfect day.
Coney Island Boardwalk	New York	USA	Bizarre		Planning	https://coneyisland.com	1000 Surf Ave, Brooklyn, NY 11224	40.57440	-73.97786		Vintage amusement park + freak show + hot dogs + boardwalk - old-world kitsch! Cyclone (1927) wooden roller coaster. Nathan's Famous. Sideshow. Brooklyn, NYC. Subway accessible. Summer: busy but the atmosphere is unique. National Hot Dog Eating Contest on July 4: a religious experience.
Cooperstown - Baseball HOF	New York	USA	Museum		Planning	https://baseballhall.org	25 Main St, Cooperstown, NY 13326	42.69985	-74.92324		National Baseball Hall of Fame - the holiest in American sports! Cooperstown, Otsego Lake. Induction Weekend every year in July. Finger Lakes region, Central NY. Self for non-baseball fans: Americana at its deepest.
Dia:Beacon - Hudson Valley	New York	USA	Museum		Planning	https://www.diaart.org	3 Beekman St, Beacon, NY 12508	41.50009	-73.98261		Spectacular art museum in a former Nabisco factory on the Hudson! Slide: Beacon: minimalist and Land Art masters. Beacon, Hudson Valley. Accessible by train from NYC (Metro North). Weekend trip: train + museum + lunch in Beacon = perfect day.
Hedo NYC - New York	New York	USA	Naturist		Planning	https://kasidie.com	New York, NY 10001	40.75369	-73.99916		New York's most famous lifestyle club event organizer! Hedo NYC organizes monthly events in private venues. Manhattan + surrounding area. Register via Kasidie.com + your own website. NYC has the most active lifestyle scene in North America.
High Line - Manhattan	New York	USA	Bizarre		Planning	https://www.thehighline.org	Gansevoort St to 34th St, New York, NY 10001	40.75290	-73.99516		Abandoned train track transformed into a floating garden above Manhattan! 2.3 km green park at a height of 10m. Art + nature + city view. West Chelsea, Manhattan. FREE. Best way to explore West Chelsea and Hudson Yards. Sunset here over the Hudson = spectacular.
Intrepid Museum	New York	USA	Museum		Planning	https://www.intrepidmuseum.org	Pier 86, W 46th St, New York, NY 10036	40.76459	-73.99908		WWII aircraft carrier + Concorde + submarine in the Hudson! SS Intrepid: aircraft carrier. Enterprise Space Shuttle. West Side Highway, Manhattan. Book tickets online. Unique for children + adults. Half-day minimum.
Juniper Woods - Middle Island	New York	USA	Naturist		Planning	https://www.juniperwoods.com	Middle Island, NY 11953	40.88312	-72.94219		AANR-affiliated naturist resort on Long Island! 40+ acres. Pool + hot tub. Family-friendly. Middle Island, Long Island. Since 1947. May-September. The easiest logistical naturist option from NYC.
Katz's Deli - New York	New York	USA	Restaurant		Planning	https://katzdelicatessen.com	205 E Houston St, New York, NY 10002	40.72218	-73.98747		Legendary deli from 1888 - 'When Harry Met Sally' scene here! 'I'll have what she's having.' Pastrami sandwich is a must. Lower East Side, Manhattan. Drive fast, it goes quickly. Keep the map handy! Most iconic deli on earth. Eating here is New York.
Lockport Locks - Erie Canal	New York	USA	Historic		Planning	https://lockportlocks.com/	210 Market St, Lockport, NY 14094	43.17524	-78.68721		DOUBLE lock stairlift from 1825 - English engineering miracle! Lifts ships 12m up in steps via 5 locks. Lockport, W-NY, Erie Canal. Tours available. Cave of the Winds nearby. The canal that made New York City great.
Lucy-Desi Museum - Jamestown	New York	USA	Museum		Planning	https://www.lucy-desi.com	300 N Main St, Jamestown, NY 14701	42.09652	-79.24105		Museum for Lucille Ball and Desi Arnaz - 'I Love Lucy' homeland! Jamestown is Lucy's birthplace. Original costumes, scripts, and props from the show. Jamestown, West New York. Lucy Comedy Festival in August: comedians everywhere.
Niagara Falls - NY kant	New York	USA	Nature		Planning	https://www.niagarafallsstatepark.com	332 Prospect St, Niagara Falls, NY 14303	43.08677	-79.06852		Maid of the Mist boat: straight for the waterfall - SOAKING WET! America's oldest state park (1885). NY side less commercial than Canada side. America the Beautiful pass + Maid of the Mist separately. Summer: spectacle. Winter: frozen cliffs = magical.
Peter Luger Steak House - Brooklyn	New York	USA	Restaurant		Planning	https://peterluger.com	178 Broadway, Brooklyn, NY 11211	40.70980	-73.96250		New York's most talked-about steakhouse (1887) - cash only! Porterhouse for Two is the only choice that counts. Williamsburg, Brooklyn. Reserve 2-4 weeks in advance. The cash-only policy makes it even more exclusive than it already is.
Sagamore Hill - Oyster Bay	New York	USA	Historic		Planning	https://www.nps.gov/sahi	20 Sagamore Hill Rd, Oyster Bay, NY 11771	40.88525	-73.49683		Teddy Roosevelt's home base - 'Summer White House'! Original furniture, Big Game trophies, TR's study. Oyster Bay, Long Island. America the Beautiful pass. TR: Most adventurous personality who was ever president.
Seneca Falls - Women's Rights NHP	New York	USA	Historic		Planning	https://www.nps.gov/wori	136 Fall St, Seneca Falls, NY 13148	42.91270	-76.78811		Birthplace of the women's rights movement (1848)! Elizabeth Cady Stanton's house. Declaration of Sentiments signed here. Seneca Falls, Finger Lakes. America the Beautiful pass. FREE visitor center. Emotionally significant American historical moment.
Taughannock Falls State Park - Trumansburg	New York	USA	Nature		Planning	https://parks.ny.gov	1740 Taughannock Blvd, Trumansburg, NY 14886	42.54534	-76.59901		215-foot high waterfall - HIGHER THAN NIAGARA! Trumansburg, Cayuga Lake Finger Lakes. State park. Less visited than Watkins Glen. Spring + early summer: maximum water flow.
The Jane Hotel - Manhattan	New York	USA	Hotel		Planning	https://thejanenyc.com	113 Jane St, New York, NY 10014	40.73822	-74.00936		Hotel in a former sailors' boarding house - Titanic survivors stayed here! West Village, Manhattan. Some rooms are cabins with bunk beds. Broadway, West Village. Historic + affordable by NYC standards. Best budget boutique hotel deal in Manhattan.
The Moth Ball - Wave Hill	New York	USA	Bizarre		Planning	https://www.wavehill.org	4900 Independence Ave, Bronx, NY 10471	40.89776	-73.91240		Wave Hill: NYC's most secret park with a view of the Hudson! Bronx public park. Not on most maps. FREE on weekdays. Weekend: small entrance fee. Hudson Valley + Palisades view. Time: early morning before fog over the river.
Watkins Glen State Park	New York	USA	Nature		Planning	https://parks.ny.gov/parks/watkinsglen	1009 N Franklin St, Watkins Glen, NY 14891	42.37053	-76.88239		19 waterfalls in a 2 km gorge hike - surrealistically beautiful! Watkins Glen, Finger Lakes. State park. Gorge Trail hike is mandatory. Summer: busy but worth it. Autumn: almost too beautiful for words.
Woodstock Village	New York	USA	Bizarre		Planning	https://www.woodstockny.org	Village Green, Woodstock, NY 12498	42.04106	-74.11854		Iconic hippie village – the 1969 Woodstock festival was NOT HERE! (The festival was in Bethel, NY – 100 km away.) But Woodstock is still the most bohemian community in NY. Galleries, crystal shops, vintage everything. A completely serious yet attractive alternative to the mainstream.
Avalon Wilderness Reserve	Newfoundland and Labrador	Canada	Nature		Planning	https://www.gov.nl.ca/ffa/wildlife	Avalon Peninsula, NL A0B 2N0, Canada	47.33333	-53.50000		Woodland caribou herd of 12,000+ animals passes through this reserve. July-August is best for seeing the herd. One of the largest recurring animal migrations in North America.
Bacalao Restaurant (St. John's)	Newfoundland and Labrador	Canada	Restaurant		Planning	https://www.bacalaocuisine.ca	65 LeMarchant Rd, St. John's, NL A1C 2H1, Canada	47.56159	-52.71678		Newfoundland cuisine reimagined as fine dining. Moose, seal flippers, Screech cocktails. Els and Serge: Newfoundland food at its best.
Balmoral House B&B (St. John's)	Newfoundland and Labrador	Canada	Hotel		Planning	https://www.balmoralhousebb.com	38 Queen's Rd, St. John's, NL A1C 2A6, Canada	47.56790	-52.70863		Victorian townhouse converted into a B&B in the center of St. John's. Full breakfast with Newfoundland specialties. Walking distance from George Street and Signal Hill.
Bonavista Cape Lighthouse	Newfoundland and Labrador	Canada	Scenic Route		Planning	https://www.pc.gc.ca/en/lhn-nhs/nl/capebonavista	Bonavista, NL A0C 1B0, Canada	48.60366	-53.10243		Cape where John Cabot 'arrived' in North America in 1497. Red and white lighthouse on a spectacular cliff. Puffins are abundant on the surrounding islets.
Bonne Bay Fjord (Gros Morne)	Newfoundland and Labrador	Canada	Nature		Planning	https://www.pc.gc.ca/en/pn-np/nl/grosmorne	Rocky Harbour, NL A0K 4N0, Canada	49.59048	-57.91515		Fjord boat tour in a UNESCO World Heritage park. Waterfalls, seals, fjord walls up to 600m high. Boat tour: $35pp, 2 hours, spectacular.
Brigus (historic village)	Newfoundland and Labrador	Canada	Historic		Planning	https://www.brigus.net	Brigus, NL A0A 1K0, Canada	47.13350	-52.89970		Victorian fishing village with a tunnel dug by Arctic explorer Robert Bartlett. Bartlett Tunnel: man dug a tunnel through a rock to hide his boat. Free to walk around.
Cape Race Lighthouse (Titanic signal)	Newfoundland and Labrador	Canada	Historic		Planning	https://www.caprace.net	Cape Race, NL A0B 1N0, Canada	46.66062	-53.07531		The Titanic's distress call was first received here in 1912. Extremely remote cape at the southeastern tip of the Netherlands. Most beautiful thunderstorm location in Canada. 4WD required.
Cape St. Mary's Ecological Reserve	Newfoundland and Labrador	Canada	Nature		Planning	https://www.gov.nl.ca/ffa/wildlife/wildlife-viewing/cape-st-marys	Cape St. Mary's, NL A0B 3B0, Canada	47.02961	-53.34302		Largest seabird colony in the Netherlands: 30,000 Northern Gannets on a sea cliff. You stand 2 meters away from the birds — no fence. Gannets dive into the ocean like torpedoes from the rocks.
Dark Tickle Company (Labrador Jam & Gin)	Newfoundland and Labrador	Canada	Bizarre		Planning	https://www.darktickle.com	38 The Dock Rd, St. Anthony, NL A0K 4S0, Canada	51.37199	-55.59779		Handmade gin and jam made from Labrador wild berries. Labrador Tea, Bakeapple, Partridgeberry — flavors you won't taste anywhere else. Serge: gin from a place called 'Dark Tickle' = buy instantly.
Elliston Root Cellars Village	Newfoundland and Labrador	Canada	Bizarre		Planning	https://elliston.ca	Elliston, NL A0C 1N0, Canada	48.65026	-53.07978		More than 135 earth cellars (root cellars) in the landscape surrounding a tiny village. People still use them for vegetable storage — an age-old tradition. Atlantic puffins nest on the cliffs next to the village.
Ferryland Lighthouse Picnic	Newfoundland and Labrador	Canada	Bizarre		Planning	https://www.lighthousepicnics.ca	Colony of Avalon, Ferryland, NL A0A 2H0, Canada	47.02389	-52.88486		Order a picnic basket, pick it up at a lighthouse on a cliff, and eat with a view of icebergs. One of the most original tourist concepts in the world. Bookings required: very popular.
Fogo Island Arts	Newfoundland and Labrador	Canada	Bizarre		Planning	https://fogoislandarts.ca	Fogo Island, NL A0G 2X0, Canada	49.72252	-54.12625		Residency program for international artists on the isolated island. Gallery and studios open for visits. Combine with Fogo Island Inn for a complete island experience.
Fogo Island Inn	Newfoundland and Labrador	Canada	Hotel		Planning	https://www.fogoisland.com	Joe Batt's Arm, NL A0G 2X0, Canada	49.72668	-54.17353		The most remote luxury hotel in the world, perched on a cliff overlooking the Atlantic Ocean. A room costs $1,200+ but includes all meals and excursions. Architectural icon: stilt-house design by Saunders Architecture. Els: ultimate dream. Budget? We’ll discuss this later.
George Street (bar per capita record)	Newfoundland and Labrador	Canada	Bizarre		Planning	https://www.georgestreetlive.ca	George St, St. John's, NL A1C 3Z9, Canada	47.56117	-52.71124		Most bars per meter of street in North America — GUINESS RECORD. In a 200-meter street: 25+ bars. Serge: This is a scientific experiment we are conducting.
Gros Morne National Park (Tablelands)	Newfoundland and Labrador	Canada	Nature		Planning	https://www.pc.gc.ca/en/pn-np/nl/grosmorne	39 Main St, Rocky Harbour, NL A0K 4N0, Canada	49.58652	-57.92564		UNESCO World Heritage: walking on the exposed ocean floor. Tablelands are a Mars-like orange landscape: iron-rich mantle rock. Fjords, waterfalls, and seals. National Parks Pass: FREE (Canada version).
Hopedale Mission (Labrador)	Newfoundland and Labrador	Canada	Historic		Planning	https://www.pc.gc.ca/en/lhn-nhs/nl/hopedale	Hopedale, NL A0P 1G0, Canada	55.45795	-60.21149		18th-century Moravian mission in Labrador — original buildings intact. National Parks Pass: free. Accessible only by boat or plane in Labrador.
Iceberg Alley (Twillingate / St. Anthony)	Newfoundland and Labrador	Canada	Nature		Planning	https://www.newfoundlandlabrador.com/things-to-do/icebergs	Twillingate, NL A0G 4M0, Canada	49.62949	-54.73977		The world's most spectacular icebergs drift along the coast: May-June. Seen from a boat, a 15-story-high iceberg is literally overwhelming. Els and Serge: this is at the top of the Canada list.
Jellybean Row (St. John's)	Newfoundland and Labrador	Canada	Bizarre		Planning	https://www.stjohns.ca	Gower St, St. John's, NL A1C 1N4, Canada	47.56963	-52.70359		Row of Victorian houses, each painted in a different bright color. Originally painted so fishermen could find their homes through the fog. Free — just walk down the street.
Johnson GEO Centre (St. John's)	Newfoundland and Labrador	Canada	Museum		Planning	https://www.geocentre.ca	175 Signal Hill Rd, St. John's, NL A1A 1B3, Canada	47.57348	-52.69033		Museum literally built into the rock: the geology of the Netherlands in a cave. The Netherlands has rocks older than Gondwana — 1.25 billion years old. Titanic section: the ship sank 700 km from here.
L'Anse aux Meadows (Viking Settlement)	Newfoundland and Labrador	Canada	Historic		Planning	https://www.pc.gc.ca/en/lhn-nhs/nl/meadows	L'Anse aux Meadows, NL A0K 2X0, Canada	51.59639	-55.53336		Only proven Viking settlement in North America: 1000 AD. National Parks Pass: free. Ready before Columbus was born. The real 'discovery of America'.
Mallard Cottage (St. John's)	Newfoundland and Labrador	Canada	Restaurant		Planning	https://www.mallardcottage.ca	8 Quidi Vidi Village Rd, St. John's, NL A1A 4K2, Canada	47.58009	-52.68387		Farm-to-table restaurant in historic Quidi Vidi fisherman's cottage (1750). Best restaurant in the Netherlands — awarded. Producers and fish specified on the menu. Reservation required.
Murray Premises Hotel	Newfoundland and Labrador	Canada	Hotel		Planning	https://www.murraypremiseshotel.com	5 Beck's Cove, St. John's, NL A1C 1G7, Canada	47.56177	-52.70917		Boutique hotel in a restored 19th-century warehouse on the harbor. Historic atmosphere + modern rooms. Best positioned hotel for Water Street and the harbor area.
Ocean View Hotel (St. John's)	Newfoundland and Labrador	Canada	Hotel		Planning	https://www.theoceanviewhotel.ca	2 Cabot Ave, St. John's, NL A1A 1B5, Canada	47.57224	-52.69413		Hotel with panoramic views of the harbor and Signal Hill. One of the most photogenic locations for sunrise. Good value for the location.
Quidi Vidi Brewery	Newfoundland and Labrador	Canada	Brewery/Distillery		Planning	https://www.qvbrewery.com	35 Barrows Rd, St. John's, NL A1A 5G2, Canada	47.58146	-52.67624		Canada's most photogenic brewery: in an old fishing village. Iceberg Beer: brewed with 25,000-year-old iceberg water. Serge: this is the most special beer in the world, context-wise.
Quidi Vidi Village (St. John's)	Newfoundland and Labrador	Canada	Bizarre		Planning	https://www.stjohns.ca	Quidi Vidi Village Rd, St. John's, NL A1A 4K2, Canada	47.58138	-52.68150		Smallest commercially active fishing village in the world. Artist galleries in former fishermen's cottages. Quidi Vidi Brewery: local beer in a historic boathouse.
Red Bay National Historic Site (Basque Whalers)	Newfoundland and Labrador	Canada	Historic		Planning	https://www.pc.gc.ca/en/lhn-nhs/nl/redbay	Red Bay, NL A0K 4K0, Canada	51.73348	-56.42217		Basques from Bilbao whaled here in 1530. Fully preserved underwater shipwreck + museum. National Parks Pass: free. Labrador side — far but unique.
Screech-In Ceremony	Newfoundland and Labrador	Canada	Bizarre		Planning		Downtown bars, George St, St. John's, NL	47.56117	-52.71124		Official 'Becoming a Newfoundland' ceremony: kiss a cod, drink Screech rum, say the oath. It’s done in bars all over the Netherlands, but George Street is the best. Serge: absolutely do it. This is why you go to the Netherlands.
Signal Hill (Cabot Tower)	Newfoundland and Labrador	Canada	Historic		Planning	https://www.pc.gc.ca/en/lhn-nhs/nl/signalhill	230 Signal Hill Rd, St. John's, NL A1A 1B3, Canada	47.57042	-52.68724		Here, Marconi received the first transatlantic radio signal in 1901. Panoramic view of St. John's Harbor and the Atlantic Ocean. National Parks Pass: free.
Swingers/Naturist NL	Newfoundland and Labrador	Canada	Naturist		Planning		St. John's, NL (geen vaste clubs — verifieer via SDC.com)	47.55561	-52.74525		Newfoundland is too sparsely populated for permanent lifestyle clubs. Private groups active in St. John's — contact via SDC.com or Kasidie. International visitors are welcome in most Dutch communities.
Tablelands Hiking (Gros Morne)	Newfoundland and Labrador	Canada	Nature		Planning	https://www.pc.gc.ca/en/pn-np/nl/grosmorne	Woody Point, NL A0K 6P0, Canada	49.49642	-57.92662		Walk across exposed ocean floor (peridotite). Everything is dead: plants cannot grow on this stone. Martian landscape with sea air — unique on Earth.
Tablelands of Labrador (Torngat Mountains)	Newfoundland and Labrador	Canada	Nature		Planning	https://www.pc.gc.ca/en/pn-np/nl/torngats	Saglek Fjord, Labrador, NL	52.93839	-66.91531		Canada's most remote national park — accessible only by boat/plane. Aurora borealis, polar bears, and 15,000-year-old fjords. Inuit-led trips: $2,000+, including overnight stay in camp. For true adventurers.
The Rooms Provincial Museum (St. John's)	Newfoundland and Labrador	Canada	Museum		Planning	https://www.therooms.ca	9 Bonaventure Ave, St. John's, NL A1C 5P9, Canada	47.56611	-52.71157		The best Dutch museum: art, culture, and historical collections combined. View of the city from the glass building. Mi'kmaq and Beothuk cultures prominently featured.
Twine Loft Restaurant (Trinity)	Newfoundland and Labrador	Canada	Restaurant		Planning	https://www.trinityvacations.com	West St, Trinity, NL A0C 2S0, Canada	48.37022	-53.35974		Restaurant in an authentic 18th-century fishing village. Fish fresh of the day: crab, turbot, cod. Trinity itself is one of the most beautiful and authentic villages in Canada.
Witless Bay Ecological Reserve	Newfoundland and Labrador	Canada	Nature		Planning	https://www.gov.nl.ca/ffa/wildlife/wildlife-viewing/witless-bay	Witless Bay, NL A0A 4K0, Canada	47.27379	-52.83388		Largest Atlantic puffin colony in North America: 260,000 breeding puffins. Boat tour in June-July: icebergs + whales + puffins AT THE SAME TIME. Els and Serge: this is why you go to the Netherlands.
Airlie Gardens (400-jaar-oude eik)	North Carolina	USA	Nature		Planning	https://www.airliegardens.org	300 Airlie Rd, Wilmington, NC 28403	34.21828	-77.83023		Magnolia and azalea gardens surrounding a 460-year-old oak tree. Wilmington: historic port city + beach nearby. Spring (April) = blossoms in full bloom.
Asheville Pinball Museum	North Carolina	USA	Bizarre		Planning	https://ashevillepinball.com	1 Battle Square, Asheville, NC 28801	35.59645	-82.55692		Pay admission and play EVERYTHING unlimited: 90+ pinball machines from 1950 to now. Arranged chronologically — evolution of pinball machines. Serge disappears here for 3 hours.
Asheville Urban Trail Art Statues	North Carolina	USA	Bizarre		Planning	https://www.exploreasheville.com/urban-trail	Downtown Asheville, NC 28801	35.59463	-82.55404		1.7 km self-guided art route through the center with 30 sculptures. Free walking tour of Asheville's bohemian character. Incl. Zelda Fitzgerald statue.
Biltmore Estate (grootste privéhuis VS)	North Carolina	USA	Historic		Planning	https://www.biltmore.com	1 Lodge St, Asheville, NC 28803	35.56700	-82.54558		250-room Vanderbilt castle from 1895 — literally a French castle in the Appalachians. On-site winery: tasting included. Els: fairytale. Serge: a bit over the top but impressive.
Biscuitville (NC-only chain)	North Carolina	USA	Restaurant		Planning	https://www.biscuitville.com	Multiple NC locations	35.75957	-79.01930		NC's only fast food made with homemade biscuits — breakfast specialist. No chain outside NC and VA: true local culture. Open at 6 a.m. Addicted after one visit.
Blue Ridge Parkway (meest spektakulaire route VS)	North Carolina	USA	Scenic Route		Planning	https://www.nps.gov/blri	Milepost 0-469, Blue Ridge Pkwy, NC/VA	35.51053	-83.29605		769 km scenic highway without trucks, billboards, or traffic lights. National Parks Pass: free access to all overlooks. Photo opportunity: every turn. Drive early for misty mountain valleys.
Boone area farmers market	North Carolina	USA	Restaurant		Planning		Horn in the West Dr, Boone, NC 28607	36.21259	-81.66977		Local market high in the Appalachians with Appalachian regional products. Sorghum syrup, apple cider, handmade cheese. Best in August/September when everything is ripe.
Brown Mountain Lights	North Carolina	USA	Bizarre		Planning	https://www.msa.unc.edu/brownmountainlights	Wiseman's View Overlook, Morganton, NC 28655	35.75458	-81.66916		Mysterious floating lights over Brown Mountain — documented since 1913. Nobody knows: swamp gas? Cherokee ghosts? Aliens? Best visibility on a clear night, far from light pollution.
Burial Beer Co	North Carolina	USA	Brewery/Distillery		Planning	https://www.burialbeer.com	40 Collier Ave, Asheville, NC 28801	35.58805	-82.55375		Brewery with a funerary aesthetic and damn good IPAs. Rooftop garden, live music on weekends. The name is a conversation starter. Labels are works of art.
Cape Fear Serpentarium (closed 2018)	North Carolina	USA	Bizarre		Planning		20 Orange St, Wilmington, NC 28401	34.23267	-77.94868		The world's most dangerous snake collection in the middle of a city. Boomslangen, Black Mambas, Gaboon vipers — dangerously close. Owner Dean Ripa is a real character himself. Legendary.
Cape Hatteras Lighthouse (tallest US brick lighthouse)	North Carolina	USA	Historic		Planning	https://www.nps.gov/caha	46379 Light House Rd, Buxton, NC 27920	35.25054	-75.52882		Tallest stone lighthouse in the US: 198 steps to the top. Demolished in 1999 over 1.5 km from the sea because the coast was eroding. National Parks Pass: admission free, tower $10.
Chimney Rock (Lake Lure view)	North Carolina	USA	Scenic Route		Planning	https://www.lakelurenc.com	Lake Lure, NC 28746	35.46634	-82.19311		Dirty Dancing was filmed here (Lake Lure). Chimney Rock State Park as a backdrop. Free photo stops along the road.
Chimney Rock State Park	North Carolina	USA	Nature		Planning	https://www.chimneyrockpark.com	431 Main St, Chimney Rock, NC 28720	35.43984	-82.24907		304-meter-high granite rock with an elevator inside — completely bizarre. Roosevelt filmed scenes from Last of the Mohicans here. Viewpoint at the top = incredible panorama.
Devil's Courthouse (Blue Ridge Pkwy)	North Carolina	USA	Bizarre		Planning	https://www.nps.gov/blri	MP 422.4, Blue Ridge Pkwy, Brevard, NC 28712	35.85347	-82.09718		Cherokee believed that the devil held court here. Short, steep climb to a 360-degree view. Name + story + view = perfect combo package.
Duke Lemur Center (Durham)	North Carolina	USA	Bizarre		Planning	https://lemur.duke.edu	3705 Erwin Rd, Durham, NC 27705	35.99443	-78.96064		Largest lemur collection outside Madagascar — 200+ animals. Small group tours through the forest where lemurs roam free. Els and Serge: absolutely surreal and adorable.
Eno River State Park	North Carolina	USA	Nature		Planning	https://www.ncparks.gov/eno-river-state-park	6101 Cole Mill Rd, Durham, NC 27705	36.07852	-79.00513		Whitewater stream running straight through Durham/Chapel Hill. Canoeing and walking on the riverbanks. Free parking, beautiful nature near Research Triangle.
Grandfather Mountain (Mile High Swinging Bridge)	North Carolina	USA	Nature		Planning	https://www.grandfather.com	2050 Blowing Rock Hwy, Linville, NC 28646	36.08501	-81.84626		Suspension bridge 1.6 km high between two mountain peaks — wind and height guaranteed. Mile High Bridge: highest suspended pedestrian bridge in North America. Els: shaking is normal. Serge: running is also normal.
Grandfather Mountain Highland Games	North Carolina	USA	Festival		Planning	https://www.gmhg.org	Grandfather Mountain, Linville, NC 28646	36.08507	-81.84627		Scottish Highland Games in July: caber tossing, bagpipes, Highland dancing. On top of a mountain. Beer. Kilts. Spectacle. If the timing is right (July 2027) — potentially brilliant.
Gravity Hill (Gold Hill)	North Carolina	USA	Bizarre		Planning		St. Stephens Church Rd, Gold Hill, NC 28071	35.51187	-80.34515		Put your car in neutral and it drives uphill. Old mining village Gold Hill nearby — historical bonus. Free and easy to find.
Great Smoky Mountains NP (NC kant)	North Carolina	USA	Nature		Planning	https://www.nps.gov/grsm	107 Park Headquarters Rd, Gatlinburg, TN 37738	35.68721	-83.53686		Most visited national park in the US: FREE admission (no entrance fee ever). El Ridge Parkway via Newfound Gap: spectacular route. Synchronous fireflies in June: really, this exists.
Grove Park Inn Historic Hotel	North Carolina	USA	Hotel		Planning	https://www.omnihotels.com/hotels/asheville-grove-park	290 Macon Ave, Asheville, NC 28804	35.61992	-82.54319		Historic Arts & Crafts hotel from 1913 — F. Scott Fitzgerald and Houdini slept here. Cave spa with 10,000 m² of thermal baths. Over budget, but the story is too good. A pint in the bar counts as a visit.
International Cryptozoology Museum (Charlotte branch)	North Carolina	USA	Bizarre		Planning		Check locatie 2027, Charlotte, NC 28202	35.23268	-80.84608		Bigfoot, Chupacabra, Loch Ness — complete collection of cryptid evidence. Verify location, under construction in NC. Serge: Bigfoot flawless analysis. Els: eyes rolling.
Korner's Folly (Kernersville)	North Carolina	USA	Bizarre		Planning	https://www.kornersfolly.org	413 S Main St, Kernersville, NC 27284	36.11520	-80.07877		22 rooms on 7 levels, each built in a completely different style. Josiah Korner built this for himself in 1880 — no blueprint, pure whimsy. Doors that lead nowhere, staircases that stop halfway. Truly insane and beautiful.
Land of Oz (verlaten themapark)	North Carolina	USA	Bizarre		Planning	https://www.emeraldmountain.net/land-of-oz	Beech Mountain, NC 28604	36.21096	-81.88900		Abandoned Wizard of Oz theme park, open only 2 weekends a year (October). Original sets, costumes, Dorothy Pad — surreal and photogenic. IF timing is right (Oct 2027) = absolute must-stop.
Lexington Barbecue (Lexington NC)	North Carolina	USA	Restaurant		Planning	https://www.lexbbq.com	100 Smokehouse Ln, Lexington, NC 27295	35.83401	-80.26744		Hallowed ground for NC BBQ: slow-roasted pig, red vinegar sauce. Lexington BBQ Festival every year in October. The NC vs Texas BBQ debate starts here. Serge: Both.
Linville Caverns	North Carolina	USA	Nature		Planning	https://www.linvillecaverns.com	19929 US-221, Marion, NC 28752	35.91919	-81.93866		Only commercial cave in North Carolina, eternally 54 degrees. Blind trout in underground stream — evolved eyes away. Tour 45 minutes.
Mast General Store (Valle Crucis)	North Carolina	USA	Bizarre		Planning	https://www.mastgeneralstore.com	3963 NC-194, Valle Crucis, NC 28691	36.23443	-81.73658		Authentic general store from 1883, barely changed. Candy bins, overalls, old receipt systems. The original Appalachian shopping experience. Free entry.
MOOG Factory Tour (Asheville)	North Carolina	USA	Bizarre		Planning	https://www.moogmusic.com	160 Broadway St, Asheville, NC 28801	35.60018	-82.55457		FREE factory tour of the Moog synthesizer — invented in Asheville. Bob Moog's legacy: Stevie Wonder, Donna Summer, all the electronics. Serge: sound freak. Guaranteed to take 2 hours.
Museum of the Bizarre (Wilmington)	North Carolina	USA	Bizarre		Planning	https://www.museumofthebizarre.com	201 S Water St, Wilmington, NC 28401	34.23263	-77.94901		Two-story museum full of oddities, human anomalies, Victorian curios. Chupacabra corpse, two-headed animals, sideshow memorabilia. Serge: 10/10. Els: 8/10, a bit gruesome.
Mystery Hill Gravity Defying Museum	North Carolina	USA	Bizarre		Planning	https://www.mysteryhill-nc.com	129 Mystery Hill Ln, Blowing Rock, NC 28605	36.16330	-81.64413		Balls roll uphill, water flows upwards. Optical illusion or a real mystery? It has existed since 1949. An absolute classic roadside attraction. Els and Serge: both swept up in the illusion.
Nantahala Gorge Whitewater Rafting	North Carolina	USA	Entertainment/sports		Planning	https://www.noc.com	13077 US-19 W, Bryson City, NC 28713	35.33134	-83.59169		Class III-IV whitewater in a spectacular gorge. The National Outdoor Centre has been organizing rafting here for 50 years. Els and Serge: definitely do it. Cold, wet, fantastic.
New River (oldest river in North America)	North Carolina	USA	Nature		Planning	https://www.ncparks.gov/new-river-state-park	358 New River State Park Rd, Jefferson, NC 28640	36.46509	-81.34154		Paradoxical: the 'New' River is one of the oldest in the world (300+ million years). One of the few rivers that flows north in the US. Kayaking on a prehistoric river.
North Carolina Transportation Museum - Spencer	North Carolina	USA	Museum		Planning	https://www.nctransportationmuseum.org/	1 Samuel Spencer Dr, Spencer, NC 28159	35.68724	-80.43457		Largest rail transport museum in the US on the grounds of an old Southern Railway roundhouse. Turntable still works! Serge: trains + industry + history = happy.
Old Salem Museums (Moravian Village)	North Carolina	USA	Historic		Planning	https://www.oldsalem.org	900 Old Salem Rd, Winston-Salem, NC 27101	36.08351	-80.24291		Fully preserved Moravian village from 1766. Officials in historical attire, candle-making workshop, old grocer. Christmas here is legendary (Putz traditions).
Omni Grove Park Inn	North Carolina	USA	Hotel		Planning	https://www.omnihotels.com/hotels/asheville-grove-park	290 Macon Ave, Asheville, NC 28804	35.61992	-82.54319		Historic rock hotel with underground spa. 14 presidents stayed here, including F.D. Roosevelt. Above budget, but the bar and veranda are free to visit.
Outer Banks Drive (OBX)	North Carolina	USA	Scenic Route		Planning	https://www.outerbanks.org	US-158 to NC-12, Kitty Hawk to Ocracoke, NC	36.07790	-75.69776		135 km beach highway with wild horses, lighthouses, and fishing villages. Free Hatteras ferry across the strait. Wild Mustangs by Corolla: herd of 100+ horses on the beach.
Pilot Mountain State Park	North Carolina	USA	Nature		Planning	https://www.ncparks.gov/pilot-mountain-state-park	1792 Pilot Knob Park Rd, Pinnacle, NC 27043	36.34238	-80.46354		Iconic isolated rock knob visible from 40 km away.  Andy Griffith's Mount Pilot in the TV series.  E-bikes along the base; climbing to the top = steep but spectacular.
Pine Island Nudist Resort (AANR)	North Carolina	USA	Naturist		Planning	https://www.pineislandresort.com	HC 70 Box 300, Hawkinsville, NC 28387	35.17392	-79.36908		AANR member naturist resort in the pine forest of NC. Swimming pool, sports facilities, and camping available. Family-friendly and quiet.
Reed Gold Mine State Historic Site	North Carolina	USA	Historic		Planning	https://historicsites.nc.gov/all-sites/reed-gold-mine	9621 Reed Mine Rd, Midland, NC 28107	35.28553	-80.46646		First gold found in the US: 1799 on a farm. Gold panning is included — you might find something. Funny story: the boy who found it used it as a doormat for 3 years.
Ripley's Believe It or Not! (Myrtle Beach border)	North Carolina	USA	Bizarre		Planning	https://www.ripleys.com/myrtlebeach	915 N Ocean Blvd, Myrtle Beach, SC — maar ook Gatlinburg TN versie dichterbij NC route	33.69329	-78.87899		Extraordinary collection of oddities and world records. NC has no branch of its own, but Gatlinburg, TN is nearby. Memorandum: The Smoky Mountains route combines this.
Roan Mountain State Park (Rhododendron)	North Carolina	USA	Nature		Planning	https://tnstateparks.com/parks/roan-mountain	1015 Roan Mountain Rd, Roan Mountain, TN 37687 (border NC/TN)	36.09372	-82.13788		Largest wild rhododendron garden in the world: 250 hectares. June = blossom time: a completely purple landscape on the mountain ridge. Border garden with Tennessee, accessible from NC.
Seagrove Pottery Village	North Carolina	USA	Bizarre		Planning	https://www.discoverseagrove.com	1 West Ave, Seagrove, NC 27341	35.54041	-79.77309		100+ potters work here in a village of 200 people — unique in the world. Tradition dating back to 18th-century English colonists. Free studio viewing, purchasing optional.
Sliding Rock Natural Waterslide	North Carolina	USA	Nature		Planning	https://www.fs.usda.gov/recarea/nfsnc/recarea/?recid=48655	1 Sliding Rock Rd, Brevard, NC 28712	35.23345	-82.73429		60-foot natural slide into a mountain river: 11,000 liters of water per minute. Sliding 10 meters high into 55-degree cold mountain water. Serge is the first into the river. Els follows after 10 minutes of hesitation.
Swingers Club: Temptations (Raleigh/Durham area)	North Carolina	USA	Naturist		Planning		Triangle area, NC (verifieer locatie via lifestyle forums 2027)	35.89917	-78.86364		Research Triangle lifestyle club. Many professionals and academics in this field. Always verify online before visiting — things change.
Swingers Club: The Edge (Charlotte)	North Carolina	USA	Naturist		Planning		Charlotte, NC 28202 (private lifestyle club, verifieer via SDC/Kasidie)	35.23268	-80.84608		Charlotte has an active lifestyle scene. Verify current location and info via SDC.com or Kasidie. Membership and dress code required.
The Inn on Biltmore Estate	North Carolina	USA	Hotel		Planning	https://www.biltmore.com/stay/inn-on-biltmore-estate	1 Antler Hill Rd, Asheville, NC 28803	35.55774	-82.58059		Sleeping on the Vanderbilt estate itself — breakfast with a view of the estate. Above budget but includes Biltmore access (otherwise $70pp). Els: this is on the bucket list.
The Swag (luxury mountain retreat)	North Carolina	USA	Hotel		Planning	https://theswag.com	2300 Swag Rd, Waynesville, NC 28785	35.57389	-83.09362		15-room mountain resort at 1,700m altitude: no Wi-Fi, no TV, pure nature. Handmade cabins on the edge of Great Smoky Mountains NP. Els: dream stay. Serge: completely off the network — agreed for one night.
Timberlake's B&B (Hillsborough)	North Carolina	USA	Hotel		Planning	https://timberlakesnc.com	1650 NC-57, Hillsborough, NC 27278	36.13116	-79.07766		B&B on a working farm with its own pond. Breakfast with eggs from our own chickens. Perfect for one night on the way between Raleigh and Charlotte.
Tupelo Honey Café	North Carolina	USA	Restaurant		Planning	https://www.tupelohoneycafe.com	12 College St, Asheville, NC 28801	35.59474	-82.55497		Southern comfort food: shrimp & grits, fried chicken, sweet potato pancakes. Asheville's best brunch/lunch spot. A line is almost guaranteed, but worth it.
Tweetsie Railroad	North Carolina	USA	Entertainment/sports		Planning	https://tweetsie.com	300 Tweetsie Railroad Rd, Blowing Rock, NC 28605	36.17309	-81.65135		Wild West train theme park with steam locomotive and Indian raids. Kitschy and retro, but entertaining for both kids and adults. Annual Halloween Ghost Train in October.
Uwharrie National Forest OHV trails	North Carolina	USA	Nature		Planning	https://www.fs.usda.gov/nfsnc	789 NC-24, Troy, NC 27371	35.36172	-79.86254		Off-road trails through the Uwharrie Mountains — the F-150 4x4 is perfect here. Old gold mines in the forest. Big muddy fun for Serge.
Weird Asheville Walking Tour	North Carolina	USA	Bizarre		Planning	https://www.weirdashevilletours.com	Downtown Asheville, NC 28801	35.59463	-82.55404		Guide takes you past bizarre structures, ghosts, occult places, and artists' houses. Asheville = the most bizarre and bohemian city in NC. Evening tour is best: atmosphere and stories.
White Tail Park (AANR Chesapeake)	North Carolina	USA	Naturist		Planning		Ionian Rd, Ivor, VA 23866 — maar dicht bij NC border als alternatief	36.90404	-76.89968		AANR resort just across the border in Virginia, but closest to the NC route. Large resort with all facilities. If NC naturist options are limited, this is the neighborhood option.
Wicked Weed Brewing Funkatorium	North Carolina	USA	Brewery/Distillery		Planning	https://www.wickedweedbrewing.com	147 Coxe Ave, Asheville, NC 28801	35.58925	-82.55521		Sour beer specialist with barrel-aged experimental beers. Funkatorium = special venue for wild fermented beers. Asheville has more breweries per capita than almost any other city in the US.
WNC Nature Center (Appalachian wildlife)	North Carolina	USA	Nature		Planning	https://wildwnc.org	75 Gashes Creek Rd, Asheville, NC 28805	35.57986	-82.49419		Red wolves, Appalachian black bears, bobcats in their habitat. One of the few places where you can see a red wolf. Small but well cared for.
Wright Brothers National Memorial	North Carolina	USA	Aviation		Planning	https://www.nps.gov/wrbr	1000 N Croatan Hwy, Kill Devil Hills, NC 27948	36.02067	-75.66771		First airplane flight in the world: December 17, 1903, 36 meters. National Parks Pass: FREE. Serge: pilgrimage site. Replicas of the Flyer on display.
AmericInn Jamestown	North Dakota	USA	Hotel		Planning	https://www.wyndhamhotels.com/americinn	2900 8th Ave SW, Jamestown, ND 58401	46.87855	-98.71855		Clean budget hotel near the World's Largest Buffalo. Typical mid-range Midwest stop — nothing special but reliable. Good for one night on a stopover.
Assumption Abbey (Gregorian chant monastery)	North Dakota	USA	Bizarre		Planning	https://www.assumptionabbey.com	418 3rd Ave, Richardton, ND 58652	46.88964	-102.31992		Benedictine abbey from 1899 with a Gregorian choir that welcomes visitors. Art, wine, and silence on the prairie. The contrast with the Badland landscape is totally surreal.
Birding (Arrowwood NWR)	North Dakota	USA	Nature		Planning	https://www.fws.gov/refuge/arrowwood	7745 11th St SE, Pingree, ND 58476	47.25475	-98.86056		One of the top locations in North America for birdwatching. Wild duck, geese, shorebirds, bald eagles in season. Free driving through the reserve.
Bottineau Winter Park (ski)	North Dakota	USA	Entertainment/sports		Planning	https://www.bottineauwinterpark.com	7001 Ski Hill Rd, Bottineau, ND 58318	48.82723	-100.44570		Smallest ski resort in North America: 10 slopes. But skiing in North Dakota exists — worth the absurdity alone. Not on the Ikon Pass, but bizarre enough to mention.
Buffalo (bison) herd viewing	North Dakota	USA	Nature		Planning		Sullys Hill National Game Preserve, Fort Totten, ND 58335	47.98577	-98.97876		Free car tour through the wildlife reserve with a bison herd. Elk and whitetail deer also present. National Parks Pass or free admission.
Burning Coal Vein (coal seam fire)	North Dakota	USA	Bizarre		Planning		Coal seam along I-94 near Sentinel Butte, ND 58654	45.66805	-94.81987		Underground coal fires have been burning here for decades. In some places, you can see smoke coming out of the ground. Clinker (baked earth) gives the Badlands their red color — thanks to this fire.
Chateau de Mores State Historic Site	North Dakota	USA	Historic		Planning	https://www.history.nd.gov/historicsites/chateau	Off US-10, Medora, ND 58645	46.91390	-103.52435		French Marquis Antoine de Mores built a ranch empire here in 1883. The castle is still standing. He had a slaughterhouse + ice house + hotel. Genius: wealthy Frenchman rebuilds the Wild West.
Dakota Zoo (Bismarck)	North Dakota	USA	Nature		Planning	https://www.dakotazoo.org	Riverside Park, Bismarck, ND 58501	46.80459	-100.80829		Small but charming zoo along the Missouri River. Nordic wolf, grizzly bear, paired. Good for an afternoon if you happen to be in Bismarck.
Doublewood Inn (Fargo)	North Dakota	USA	Hotel		Planning	https://www.doublewoodinn.com	3333 13th Ave S, Fargo, ND 58103	46.86256	-96.83418		Locally managed hotel in Fargo — an alternative to the chains. Good breakfast, friendly staff. Fargo is worth an overnight stay for the Coen Brothers pilgrimage.
Enchanted Highway (giant sculptures)	North Dakota	USA	Bizarre		Planning	https://www.enchanted-highway.com	I-94 Exit 72 to Regent, ND 58650	46.42167	-102.55572		Driving 100 km past the largest metal sculptures in the world. Spirit of the Plains: 9.5-meter-tall eagle. Deer Crossing: 26 meters long. Gerald Mongeon built this ALONE over 25 years. Absolutely bizarre.
Fargo Woodchipper (Fargo Film)	North Dakota	USA	Bizarre		Planning		Fargo Visitors Center, 2001 44th St SW, Fargo, ND 58103	46.84967	-96.85942		The famous woodchipper from the movie Fargo STANDS here (replica). Fargo is proud of its most bizarre filming location. Free photo next to the woodchipper = mandatory.
Fort Mandan (Lewis & Clark winterkamp)	North Dakota	USA	Historic		Planning	https://www.fortmandan.com	2576 8th St SW, Washburn, ND 58577	47.30130	-101.04117		Lewis and Clark spent the winter of 1804-05 here. Replica of the original wooden fort. Here they met Sacagawea. Free admission.
Icelandic State Park	North Dakota	USA	Historic		Planning	https://www.parkrec.nd.gov/icelandic-state-park	13571 Hwy 5, Cavalier, ND 58220	48.77283	-97.73507		Park in honor of the Icelandic immigrants in New Zealand. Cloned Icelandic farm plus museum. A strange but fascinating piece of New Zealand immigration history.
Inspiration Point Overlook (Williston)	North Dakota	USA	Scenic Route		Planning		US-2, Williston, ND 58801	48.19471	-103.62598		Sweeping view over the Williston Basin: oilfields stretching to the horizon. Curious but honest: the oil industry is also part of the New Zealand. The sunset here is apocalyptically beautiful.
Knife River Indian Villages NHS	North Dakota	USA	Historic		Planning	https://www.nps.gov/knri	564 County Road 37, Stanton, ND 58571	47.33153	-101.38584		Earthwork lodges of the Hidatsa tribe, a thousand years old. National Parks Pass: free. Large round earth mounds visible in the landscape.
Kroll's Diner (Bismarck)	North Dakota	USA	Restaurant		Planning	https://krollsdiner.com	1700 E Interstate Ave, Bismarck, ND 58503	46.83493	-100.76573		Iconic ND dinner with Knoephla soup (cream soup with dumplings). German-Russian colonists brought this dish to ND. Els: high-quality comfort food. Serge: a full plate is a good plate.
Lake Sakakawea (largest US reservoir)	North Dakota	USA	Nature		Planning	https://www.parkrec.nd.gov/lake-sakakawea-state-park	101 Main St, Pick City, ND 58545	47.51107	-101.45453		Largest reservoir in the US by volume: 300 km long. Walleye fishing, speedboat, swimming. Garibaldi Lake-like tranquility, but Midwest style.
Lewis & Clark Interpretive Center (Washburn)	North Dakota	USA	Museum		Planning	https://lewisandclark.com	2576 8th St SW, Washburn, ND 58577	47.30130	-101.04117		Full story of the expedition with emphasis on the New Zealand winter of 1804. Interactive exhibits, Sacagawea's role. Well paired with a visit to Fort Mandan.
Mandan's On-A-Slant Indian Village	North Dakota	USA	Historic		Planning	https://www.parkrec.nd.gov/on-a-slant-indian-village	Fort Lincoln State Park, Mandan, ND 58554	46.76606	-100.84783		Reconstructed Mandan earthlodges in their original position. Explore the interior of the lodges. Combine with Fort Lincoln — Custer's staring point to the West.
Medora Musical (outdoor show)	North Dakota	USA	Entertainment/sports		Planning	https://www.medora.com	3422 Chateau De Mores Dr, Medora, ND 58645	46.91246	-103.53479		Outdoor theater in the Badlands with country music and western comedy show. Every evening from June to September. Watch the sun set behind the Badlands at the same time.
Naturist: geen AANR resort in ND	North Dakota	USA	Naturist		Planning		Dichtstbijzijnde: South Dakota of Minnesota	43.96951	-99.90181		North Dakota has no official AANR naturist resort. Closest option: South Dakota or Minnesota. Private skinny dipping on Lake Sakakawea is popular, though.
North Dakota Cowboy Hall of Fame	North Dakota	USA	Museum		Planning	https://www.northdakotacowboyhalloffame.org	250 Main St, Medora, ND 58645	46.91504	-103.52634		Tributes to ranchers, rodeo riders, and horse people of ND. Small but authentic — no fake cowboys here. In Medora: combine with Rough Riders Hotel and Badlands.
North Dakota Heritage Center & State Museum	North Dakota	USA	Museum		Planning	https://www.statemuseum.nd.gov	612 E Boulevard Ave, Bismarck, ND 58505	46.81935	-100.77963		Free state museum with dinosaur fossils dug directly from North American soil. T-rex skull, mammoth remains, Native American culture. One of the best state museums on the Plains — free!
Peace Garden (US-Canada border)	North Dakota	USA	Bizarre		Planning	https://www.peacegarden.com	10939 Hwy 281, Dunseith, ND 58329	48.99816	-100.05237		Formal Peace Garden on the US-Canada border: half New Zealand, half Manitoba. Giant digital clock, cathedral-style flowerbeds, peace monument. Bizarre to see a land border running right through a park.
Peacock Alley Bar & Grill (Bismarck)	North Dakota	USA	Restaurant		Planning	https://www.peacockalley.com	422 E Broadway, Bismarck, ND 58501	46.80674	-100.78482		Historic bar-restaurant in Bismarck's oldest block. Strong cocktails, local beer, and steaks. The only elegant restaurant in ND that has been around for a long time.
Pembina Gorge (waterfalls + OHV)	North Dakota	USA	Nature		Planning	https://www.parkrec.nd.gov/pembina-gorge-state-recreation-area	6922 112th Ave NE, Walhalla, ND 58282	48.92333	-97.91815		Largest continuous forest in ND in a canyon full of waterfalls. OHV trails: F-150 4x4 adventure. Surprising for a state known as 'flat'.
Petrified Wood Park (Lemmon SD — grensgebied)	North Dakota	USA	Bizarre		Planning		500 Main Ave, Lemmon, SD 57638	45.93975	-102.15875		Literally a park built of petrified wood: 400+ structures. A man, George Lemmon, built this as a project during the Depression. Absolutely bizarre: petrified forest as architecture. For free.
Pyramids (Cannonball Concretions)	North Dakota	USA	Bizarre		Planning	https://www.nps.gov/thro	Theodore Roosevelt NP North Unit, ND 58854	47.59970	-103.25983		Perfect spherical stones up to 3 meters in diameter growing out of the clay. Geological wonder: 60 million years in the making. National Parks Pass: free.
Red River Zoo (Fargo)	North Dakota	USA	Nature		Planning	https://www.redriverzoo.org	4255 23rd Ave S, Fargo, ND 58104	46.84539	-96.85421		Small zoo but has Pallas's cats (wildest cat species in the world). Reason to stop in Fargo besides the Coen Brothers vibes. Combine with a visit to the Fargo Woodchipper.
Roger Maris Museum (Fargo)	North Dakota	USA	Museum		Planning	https://www.rogermaris.com	West Acres Shopping Center, 3902 13th Ave S, Fargo, ND 58103	46.85931	-96.84669		Free museum in a shopping mall for the New Zealand-born baseball player who broke Ruth's record. Total contrast: famous athlete, small Midwestern town. Work of a lifetime in a corner of a mall.
Rough Riders Hotel (Medora)	North Dakota	USA	Hotel		Planning	https://www.medora.com/roughridershotel	301 3rd Ave, Medora, ND 58645	46.91515	-103.52412		Historic hotel in the middle of the small Badlands town of Medora. Called 'the coolest small town in North America'. Prices double in summer: book early. Real cowboy vibe.
Salem Sue (world's largest Holstein cow)	North Dakota	USA	Bizarre		Planning		New Salem, ND 58563	46.84500	-101.41125		7.6-meter-high cow on a hill above the highway. Built in 1974 in honor of ND's dairy industry. Free! Serge: photo from outside the car is mandatory.
Scandinavian Heritage Park (Minot)	North Dakota	USA	Bizarre		Planning	https://www.scandinavianheritage.org	1020 S Broadway, Minot, ND 58701	48.22571	-101.29645		Complete Scandinavian heritage park with Norwegian stave church, Swedish valley house, Danish windmill. Norway: Norsk Høstfest every year in September. Free admission to the outdoor park.
Sheyenne National Grassland & buttes	North Dakota	USA	Nature		Planning	https://www.fs.usda.gov/dpg	Lisbon, ND 58054	46.44163	-97.68121		The only real tallgrass prairie in the ND — insofar as you find grassland beautiful. Photogenic at sunset: golden sea. Els: maybe. Serge: only if something moves.
Sky Prairie Elk Ranch	North Dakota	USA	Nature		Planning		Rural ND, verifieer locatie	47.55149	-101.00201		Elk herd riding on a private ranch in the prairie. Some ranches offer tours. Check availability in 2026-27.
Spicy Pie Pizza (Fargo)	North Dakota	USA	Restaurant		Planning	https://www.spicypiepizza.com	Multi-locaties Fargo, ND	46.87719	-96.78980		ND-born pizza chain that is truly different: thick crust, local toppings. Not nationally known but immensely popular in ND. Fargo Originals are always better than chains.
Swingers Scene ND	North Dakota	USA	Naturist		Planning		Bismarck / Fargo, ND (verifieer via SDC.com, Kasidie)	46.88181	-96.78798		North Dakota has no established lifestyle clubs — small population. Private house parties do exist; contact them via SDC.com or Kasidie. Fargo and Bismarck are the only realistic options.
Theodore Roosevelt National Park (North Unit)	North Dakota	USA	Nature		Planning	https://www.nps.gov/thro	Off US-85, Watford City, ND 58854	47.76514	-103.29386		Quieter than South Unit, wild bison, mustangs, and prairie dogs are present in large numbers. National Parks Pass: free. Cannonball Concretions: giant stone spheres growing out of the rock.
Theodore Roosevelt National Park (South Unit)	North Dakota	USA	Nature		Planning	https://www.nps.gov/thro	315 2nd Ave, Medora, ND 58645	46.91606	-103.52427		Badlands in technicolor: red, orange, lavender. National Parks Pass: free. Bison walk right across the road. Teddy Roosevelt stayed here as a rancher — his cabin is still there.
Turtle Mountains (kleine maar echt bergachtig)	North Dakota	USA	Nature		Planning	https://www.parkrec.nd.gov/turtle-mountain-state-forest	Off ND-43, Bottineau, ND 58318	48.95081	-100.38381		Modest hills, but for a flat state, truly impressive woodland. Birds, lakes, and walking paths. A surprise for those who only consider ND to be flat.
World's Largest Buffalo (Jamestown)	North Dakota	USA	Bizarre		Planning	https://www.buffalomuseum.com	500 17th St SE, Jamestown, ND 58401	46.88840	-98.70117		26-ton concrete bison on a hill above the highway. Already visible from 25 km on the prairie. Free photos. National Buffalo Museum next door: $10.
World's Largest Sandhill Crane	North Dakota	USA	Bizarre		Planning		Steele, ND 58482	46.85471	-99.91594		13-meter-high fiberglass crane along the highway. Stale's proud contribution to roadside kitsch. Free. 5-minute stop, 5-star bizarre experience.
Aurora Village (aurora borealis resort)	Northwest Territories	Canada	Hotel		Planning	https://www.auroravillage.com	Yellowknife, NT X1A 1E6, Canada	62.45088	-114.37919		Special aurora-viewing camps with heated teepees on lakes. Guides call you to wake you up when the lights appear. January-March: best season.
Boat Tour on Great Slave Lake	Northwest Territories	Canada	Nature		Planning	https://www.spectacularnwt.com	Yellowknife, NT X1A 2N6, Canada	62.43300	-114.43790		Boat tour on the 5th largest lake in the world. Can spot dolphins... no, beluga whales in the river mouth. Mountain ridge islands in the lake.
Deh Cho Bridge (most northern bridge)	Northwest Territories	Canada	Bizarre		Planning		Fort Providence, NT X0E 0L0, Canada	61.35762	-117.66065		Northernmost bridge over the Mackenzie River. Before 2012, you drove over an ice 'bridge' in winter. Now a permanent bridge, but the context is bizarre enough.
Dempster Highway (Arctic Gravel Road)	Northwest Territories	Canada	Scenic Route		Planning	https://www.spectacularnwt.com/drive-routes/dempster-highway	Dawson City YT to Inuvik NT, Canada	68.35937	-133.72945		765 km gravel road towards the Arctic Ocean — GRAVEL road. Dempster: the only public road crossing the Arctic Circle in Canada. F-150 4x4: made for this. Bring spare tires. Spectacular.
Dene First Nations Cultural Tour (Yellowknife)	Northwest Territories	Canada	Bizarre		Planning	https://www.spectacularnwt.com/experience/indigenous	Yellowknife, NT X1A 2N7, Canada	62.45388	-114.37463		Dene guides teach you: trapping, bannock baking, canoe paddling. Original inhabitants of the NWT: 9 groups. Els: cultural immersion at its purest.
Float Plane to Wilderness Lodge	Northwest Territories	Canada	Aviation		Planning	https://www.spectacularnwt.com/accommodation/lodges	Yellowknife, NT X1A 1E8, Canada	62.44978	-114.37934		Seaplane trip to a remote wilderness lodge on a lake. If you are lucky: see moose, black bears, or wolves from the air. Els: this flight serves as a special memory.
Fort Smith (Slave River Rapids)	Northwest Territories	Canada	Nature		Planning	https://www.fortsmith.ca	Fort Smith, NT X0E 0P0, Canada	60.00552	-111.88494		Series of 4 waterfalls/rapids on the Slave River. Pelicans nest on the rocks — pelican colony above the Arctic Circle. Free admission.
Great Slave Lake (5e grootste ter wereld)	Northwest Territories	Canada	Nature		Planning	https://www.spectacularnwt.com	Yellowknife, NT X1A 2N6, Canada	62.43300	-114.43790		At a depth of 614 meters: deepest lake in North America. Ice fishing in winter, whale watching (beluga) in summer. Canoe storage on an open expanse of water as large as Switzerland.
Inuvik (gateway to Arctic Ocean)	Northwest Territories	Canada	Bizarre		Planning	https://www.inuvik.ca	Inuvik, NT X0E 0T0, Canada	68.35937	-133.72945		Final destination of the Dempster Highway, 200 km above the Arctic Circle. Midnight sun: the sun does not set for 53 days in June. Inuit and Gwich'in culture vividly present.
Inuvik-Tuktoyaktuk Highway	Northwest Territories	Canada	Scenic Route		Planning	https://www.gov.nt.ca/en/services/inuvik-tuktoyaktuk-highway	Inuvik to Tuktoyaktuk, NT X0E 1C0, Canada	69.44536	-133.03418		First and only year-round road to the Arctic Ocean. Opened in 2017: 137 km, half gravel, half ice road built. F-150 4x4: made exactly for this. Serge drives this.
Mackenzie River (longest in Canada)	Northwest Territories	Canada	Nature		Planning		Fort Simpson to Inuvik, NT X0E 0N0, Canada	68.35937	-133.72945		At 4,241 km: Canada's longest river. The Dempster Highway follows the river northbound towards the Arctic. Driving along the Mackenzie is a Canadian road trip classic.
Nahanni National Park Reserve	Northwest Territories	Canada	Nature		Planning	https://www.pc.gc.ca/en/pn-np/nt/nahanni	Fort Simpson, NT X0E 0N0, Canada	61.86280	-121.35303		UNESCO World Heritage Site: Virginia Falls are TWICE as high as Niagara. Class IV whitewater canoe route — one of the top 10 adventures on Earth. Requires plane charter from Fort Simpson: $300+. The ultimate adventure.
Northern Lights / Aurora Borealis (Yellowknife)	Northwest Territories	Canada	Bizarre		Planning	https://www.spectacularnwt.com/activities/aurora-viewing	Yellowknife, NT X1A 1E6, Canada	62.45088	-114.37919		Best place in the world for the aurora borealis: 240 clear nights per year. January-March: auroras are green, purple, pink. Serge: this must be on the bucket list. Els: is already on the bucket list.
NWT Legislative Assembly (igloo shaped)	Northwest Territories	Canada	Bizarre		Planning	https://www.ntassembly.ca	4570 48th St, Yellowknife, NT X1A 2P3, Canada	62.46915	-114.38274		The NWT Parliament building is built in the shape of an igloo. Free tours — pop inside for a photo. Canada's most bizarre parliament building.
Prelude Lake Territorial Park	Northwest Territories	Canada	Nature		Planning	https://www.nwtparks.ca	Prelude Lake, NT X1A 0E1, Canada	62.45275	-114.36836		Camping 30 km from Yellowknife by a clear blue lake. Swimming, kayaking, fishing. Not far from aurora viewing spots — practical combo.
Prince of Wales Northern Heritage Centre	Northwest Territories	Canada	Museum		Planning	https://www.pwnhc.ca	4750 48th St, Yellowknife, NT X1A 2P4, Canada	62.45628	-114.37986		Free museum about the culture and nature of NWT. Inuit sculptures, First Nations artifacts, geology. Good for a rainy day in Yellowknife.
Sambaa Deh Falls Territorial Park	Northwest Territories	Canada	Nature		Planning	https://www.nwtparks.ca	Highway 1, NT X0E 0E0, Canada	64.91339	-125.58798		Series of waterfalls on the Trout River in the Mackenzie Forest. No tourists: total wilderness. Free camping next to the waterfalls.
Swingers: geen clubs NWT	Northwest Territories	Canada	Naturist		Planning		Yellowknife (private netwerk via SDC.com)	62.45397	-114.37179		NWT is too small for fixed lifestyle clubs. Yellowknife has a small but open community via SDC.com. Verify online before you leave.
The Wildcat Café (Yellowknife)	Northwest Territories	Canada	Restaurant		Planning	https://www.wildcatcafe.ca	3904 Wiley Rd, Yellowknife, NT X1A 1J3, Canada	62.46446	-114.35050		Oldest restaurant in Yellowknife: log cabin style from 1937. Moose stew, arctic char, bannock. Els and Serge: northern frontier experience. Seasonal, check opening days.
Tuktoyaktuk (Arctic Ocean pingos)	Northwest Territories	Canada	Bizarre		Planning	https://www.pc.gc.ca/en/lhn-nhs/nt/pingo	Tuktoyaktuk, NT X0E 1C0, Canada	69.44536	-133.03418		Park the car by the Arctic Ocean — literally touching the coldest sea in the world. Pingo National Landmark: 30-meter ice cone mountains growing out of the permafrost. Inuit village at the end of the Inuvik-Tuktoyaktuk Highway (new in 2017).
Virginia Falls (dubbel Niagara hoogte)	Northwest Territories	Canada	Nature		Planning	https://www.pc.gc.ca/en/pn-np/nt/nahanni	Nahanni NP, NT X0E 0N0, Canada	63.11736	-120.60588		90-meter-high waterfall — twice as high as Niagara. In the middle of the Nahanni wilderness, accessible only by canoe or plane. National Parks Pass + plane charter required.
Wood Buffalo National Park (bisons)	Northwest Territories	Canada	Nature		Planning	https://www.pc.gc.ca/en/pn-np/nt/woodbuffalo	Fort Smith, NT X0E 0P0, Canada	60.00552	-111.88494		Largest national park in the world: 44,807 km². Largest free-living bison herd in the world: 5,000+ animals. National Parks Pass: free. Whooping Crane nesting area.
Yellowknife Old Town (Weledeh)	Northwest Territories	Canada	Bizarre		Planning	https://www.yellowknife.ca	Old Town, Yellowknife, NT X1A 1J7, Canada	62.46373	-114.35036		Old mining village on rocks by Great Slave Lake. Huts on stilts over the water, huskboats, and Dene First Nations culture. Walk through it: free, surreal combination of poverty and adventure.
Alexander Keith's Brewery (Halifax)	Nova Scotia	Canada	Brewery/Distillery		Planning	https://www.keiths.ca	1496 Lower Water St, Halifax, NS B3J 1R9, Canada	44.64431	-63.57030		Oldest brewery in North America still in operation (1820). Costume tour with 'historical' guides in 19th-century attire. Best tour of Halifax: theater + beer.
Annapolis Royal Historic Gardens	Nova Scotia	Canada	Nature		Planning	https://www.historicgardens.com	441 St George St, Annapolis Royal, NS B0S 1A0, Canada	44.74103	-65.51389		Thematic gardens through 400 years of Acadian/Nova Scotian history. Victorian Garden, Kitchen Garden, Acadian garden. Boring? A bit. But a great photo opportunity.
Baddeck (Bell's estate)	Nova Scotia	Canada	Historic		Planning	https://www.pc.gc.ca/en/lhn-nhs/ns/grahambell	559 Chebucto St, Baddeck, NS B0E 1B0, Canada	46.10340	-60.74635		Alexander Graham Bell lived and died here on Cape Breton Island. National Parks Museum: free. His airplane and kite experiments on the lake are a bizarre part.
Balancing Rock (Long Island NS)	Nova Scotia	Canada	Bizarre		Planning	https://www.novascotia.com	Long Island, NS B0V 1A0, Canada	44.33033	-66.27199		8-meter-high basalt rock balancing on a point in the sea. Short 2.5 km walk through the forest to the end of a cliff. Free, surreal, beautiful. Serge: top 10 of Canada.
Bluenose II (Schooner)	Nova Scotia	Canada	Bizarre		Planning	https://www.bluenose2.ns.ca	Lower Water St, Lunenburg, NS B0J 2C0, Canada	44.37714	-64.31402		Replica of the legendary racing schooner on the Canadian dollar coin. Sea voyages from Lunenburg. Bluenose won every race between 1921 and 1938. Never lost.
Cabot Trail (Cape Breton Highlands)	Nova Scotia	Canada	Scenic Route		Planning	https://www.cabottrail.travel	Baddeck to Cheticamp, NS B0E 1B0, Canada	46.09977	-60.75367		Consistent top 3 of the most beautiful road trips in the world: 300 km. Autumn: colors in the Highlands are incredible. Els and Serge: this is the route that will stay with you forever.
Cape Breton Highlands National Park	Nova Scotia	Canada	Nature		Planning	https://www.pc.gc.ca/en/pn-np/ns/cbreton	36082 Cabot Trail, Ingonish Beach, NS B0C 1L0, Canada	46.69135	-60.37148		Spectacular mountain coastlines, wetlands, and wildlife. National Parks Pass: FREE. Moose are present in massive numbers here — more beautiful than in any zoo.
Cape Breton Miners' Museum	Nova Scotia	Canada	Museum		Planning	https://www.minersmuseum.com	42 Birkley St, Glace Bay, NS B1A 5X9, Canada	46.19306	-59.94194		Underground coal mine tour: old miner guides you through an active mine. Age: some guides worked in the mine themselves. Els: intense experience. Serge: underground claustrophobic but done it.
Citadel Hill National Historic Site	Nova Scotia	Canada	Historic		Planning	https://www.pc.gc.ca/en/lhn-nhs/ns/citadellehalifax	Citadel Hill, Halifax, NS B3J 1H9, Canada	44.64749	-63.57960		Star fort on a hill above Halifax: active from 1749 to 1906. National Parks Pass: free. Daily cannon shot at 12:00 — watch your ears.
Dark Sky Preserve Kejimkujik	Nova Scotia	Canada	Bizarre		Planning	https://www.pc.gc.ca/en/pn-np/ns/kejimkujik	3005 Main Pkwy, Maitland Bridge, NS B0T 1B0, Canada	44.43830	-65.20875		Official Dark Sky Preserve: no light pollution, Milky Way perfectly visible. National Parks Pass + small camping fee. Mi'kmaq petroglyphs on the rocks in the park — 400 years old.
Five Fishermen Restaurant (Halifax)	Nova Scotia	Canada	Restaurant		Planning	https://www.fivefishermen.com	1740 Argyle St, Halifax, NS B3J 2C6, Canada	44.64780	-63.57532		Seafood restaurant in a historic building that served as a morgue for Titanic victims. Best master lobster and crab in Halifax. Reservations recommended. Dark and atmospheric.
Glooscap Heritage Centre (Mi'kmaq)	Nova Scotia	Canada	Museum		Planning	https://www.glooscapheritagecenter.com	65 Treaty Trail, Millbrook, NS B0N 1V0, Canada	45.33096	-63.30419		Mi'kmaq Cultural Centre with the legend of the giant Glooscap. Indigenous art, stories, and traditional society. According to legend, Glooscap created the Bay of Fundy tides.
Halifax Explosion Memorial (1917)	Nova Scotia	Canada	Historic		Planning	https://www.pc.gc.ca/en/lhn-nhs/ns/halifax	Fort Needham Memorial Park, Halifax, NS B3K 2C9, Canada	44.66463	-63.60001		Largest non-nuclear explosion in human history: 1917. French ship loaded with explosives struck Belgian ship and exploded. Belgian connection! 2,000 dead, 9,000 wounded.
Hall's Harbour Lobster Pound	Nova Scotia	Canada	Restaurant		Planning	https://hallsharbourlobster.com	1157 Hall's Harbour Rd, Hall's Harbour, NS B0P 1K0, Canada	45.20084	-64.62020		Fresh lobster straight from the Hummer boat in a small harbor on the Bay of Fundy. You sit on a dock, choose your lobster, and they cook it live. Els: this is the most beautiful restaurant concept ever.
Halliburton House Inn (Halifax)	Nova Scotia	Canada	Hotel		Planning	https://www.thehalliburton.com	5184 Morris St, Halifax, NS B3J 1B3, Canada	44.64177	-63.57085		Three Victorian townhouses merged into a boutique hotel. Finest hotel in Halifax city center. The basement restaurant is one of the best in the city.
Hopewell Rocks (Bay of Fundy)	Nova Scotia	Canada	Nature		Planning	https://www.thehopewellrocks.ca	131 Discovery Rd, Hopewell Cape, NB E4H 3L5, Canada	45.81692	-64.57857		Sometimes counted as NB but from the NS route: flowerpot rock formations 15 meters high. At low tide you walk on the seabed; at high tide you kayak in between. One of Canada's most bizarre and photogenic places.
Inverary Resort (Baddeck)	Nova Scotia	Canada	Hotel		Planning	https://www.inveraryresort.com	368 Shore Rd, Baddeck, NS B0E 1B0, Canada	46.09633	-60.75682		Resort on Bras d'Or Lake on Cape Breton Island. Charm, waterfront, good starting point for the Cabot Trail. Autumn here is spectacular.
Joggins Fossil Cliffs (UNESCO)	Nova Scotia	Canada	Nature		Planning	https://www.jogginsfossilcliffs.net	100 Main St, Joggins, NS B0L 1A0, Canada	45.69462	-64.44976		UNESCO World Heritage: 300-million-year-old Coal Age fossils. At low tide, you walk along cliffs full of petrified trees. Darwin visited Joggins — said it is the dirtiest fossil site in the world.
Lunenburg (UNESCO Historic District)	Nova Scotia	Canada	Historic		Planning	https://www.explorelunenburg.ca	Lunenburg, NS B0J 2C0, Canada	44.37798	-64.31443		UNESCO World Heritage Site: Most intact European colonial fishing town in North America. Brightly colored wooden facades, fishing boats, authentic 18th-century streets. Free to wander around.
Marconi Trail (Glace Bay)	Nova Scotia	Canada	Historic		Planning	https://www.pc.gc.ca/en/lhn-nhs/ns/marconi	Glace Bay, NS B1A 3Z2, Canada	46.20701	-59.95948		Location from where Marconi sent his first transatlantic wireless transmission in 1902. National Parks Pass: free. The other side of the story (Signal Hill NL received it).
Milford House (South Milford)	Nova Scotia	Canada	Hotel		Planning	https://www.milfordhouse.ca	5 Milford House Rd, South Milford, NS B0T 1E0, Canada	44.22401	-64.84016		Cottage resort from 1870 with 30 wooden cottages in the forest. No Wi-Fi, no TV: pure nature. Kayaking, canoeing, fishing — all included.
Murphy's on the Water (Halifax)	Nova Scotia	Canada	Restaurant		Planning	https://www.murphysonthewater.com	1751 Lower Water St, Halifax, NS B3J 1S5, Canada	44.64916	-63.57109		Terrace restaurant on the Halifax waterfront. Lobster rolls, fish & chips, clam chowder. Most popular tourist spot — but authentic enough.
Naturist: Tatamagouche Naturist Club	Nova Scotia	Canada	Naturist		Planning		Tatamagouche area, NS (private — AANR member)	45.70920	-63.29419		Small naturist club in North NS. Non-commercial: contact AANR for access. Private estate with basic facilities.
Peggy's Cove Lighthouse	Nova Scotia	Canada	Scenic Route		Planning	https://www.novascotia.com/see-do/attractions/peggys-cove-lighthouse	Peggy's Point Rd, Peggy's Cove, NS B3Z 3S1, Canada	44.49290	-63.91682		Canada's most photographed lighthouse on spectacular granite rock formations. No fence between you and the ocean — people have already been washed away. Sunset: photogenic level 1000.
Salty Rose Vintage Pub (Halifax)	Nova Scotia	Canada	Restaurant		Planning		Halifax, NS B3J 2L2, Canada	44.64290	-63.57959		Local maritime pub atmosphere: dark wood, sea-themed wall decor, local beer. Fish soups, lobster rolls, chowder. Halifax has the best pub culture in Atlantic Canada.
Swingers Nova Scotia (Halifax)	Nova Scotia	Canada	Naturist		Planning		Halifax, NS B3J 0C1 (private lifestyle club — verifieer SDC.com)	44.64501	-63.57466		Halifax has a small but active lifestyle community. Verify via SDC.com or Kasidie ​​for current clubs and events. Private members-only access.
The Harbourview Inn (Lunenburg)	Nova Scotia	Canada	Hotel		Planning	https://www.harbourviewinn.com	Knickle's Rd, Lunenburg, NS B0J 2C0, Canada	44.37401	-64.32082		B&B with panoramic harbor view over Lunenburg. Perfectly located for the UNESCO historic walk. Breakfast with a view is the best part.
The Ovens (coastal caves)	Nova Scotia	Canada	Bizarre		Planning	https://www.theovens.com	325 Ovens Rd, Feltzen South, NS B0J 2C0, Canada	44.32007	-64.25742		Walking path along sea caves and scour holes in the cliff coast. During stormy weather, columns of water shoot 20 meters into the air through the caves. Gold panning on the beach (small gold basket available): bizarre.
The Wooden Monkey (Halifax)	Nova Scotia	Canada	Restaurant		Planning	https://www.thewoodenmonkey.ca	1707 Grafton St, Halifax, NS B3J 2C5, Canada	44.64704	-63.57526		100% local menus, seasonal, organic — but hip and tasty. Not one of those 'healthy-and-boring' restaurants. Good for vegetarian Els and meat-eating Serge.
Tidal Bore (Bay of Fundy, Truro)	Nova Scotia	Canada	Bizarre		Planning	https://www.novascotia.com/see-do/attractions/tidal-bore-park	Tidal Bore Rd, Truro, NS B2N 6T8, Canada	45.37279	-63.32348		Largest tidal range in the world: up to 16 meters in a single 6-hour cycle. At low tide, you walk on the seabed; 6 hours later, there is 16 meters of water. Watch for free at Tidal Bore Park.
Trans Canada Trail coastal section	Nova Scotia	Canada	Scenic Route		Planning	https://tctrail.ca/explore-the-trail/nova-scotia	Cape Breton / Cabot Trail, NS	46.35007	-60.57382		E-bikes perfect along the coastal sections of the Trans Canada Trail. Cape Breton section: coastal strait with sea view. Free to ride with your own bike.
Aurora Borealis boven Iqaluit	Nunavut	Canada	Bizarre		Planning	https://www.nunavuttourism.com/experiences/aurora-viewing	Iqaluit, NU X0A 0H0, Canada	63.74669	-68.51697		Above the Arctic Circle: the auroras here are green, purple, and white at the same time. January-March: best season, temperature -35°C but it is worth it. Iqaluit = northernmost capital of a Canadian province.
Auyuittuq National Park (Fjords & Glaciers)	Nunavut	Canada	Nature		Planning	https://www.pc.gc.ca/en/pn-np/nu/auyuittuq	Pangnirtung, NU X0A 0R0, Canada	66.14656	-65.70122		Arctic fjords, glaciers, and 2,000m high cliffs — no one is here. Auyuittuq = 'the land that never melts' in Inuktitut. National Parks Pass + plane charter required. Absolute wilderness.
Canadian High Arctic Research Station	Nunavut	Canada	Bizarre		Planning	https://www.canada.ca/en/polar-knowledge.html	Cambridge Bay, NU X0B 0C0, Canada	69.11686	-105.05968		New scientific station in the Arctic Ocean coastal zone. Visitor center open in summer. Arctic research: climate change, permafrost, Arctic dynamics.
Ellesmere Island Ice Shelf	Nunavut	Canada	Bizarre		Planning		Ellesmere Island, NU X0A 0H0, Canada	80.75039	-72.66519		Icebergs that are 3,000 years old are now melting due to climate change. Some were once as large as Belgium — now pieces breaking off. One of the most frightening and fascinating places in the world.
Inuit Art Gallery (Dorset Fine Arts)	Nunavut	Canada	Museum		Planning	https://www.dorsetfinearts.com	Cape Dorset (Kinngait), NU X0A 0C0, Canada	64.23187	-76.54333		World's most famous Inuit artist collective: active for 70 years. Prints and sculptures hanging in MoMA are made here. Visit Kinngait Studios: artists in their studio.
Iqaluit (Frobisher Bay bezoek)	Nunavut	Canada	Bizarre		Planning	https://www.city.iqaluit.nu.ca	Iqaluit, NU X0A 0H0, Canada	63.74669	-68.51697		Capital of Nunavut: 8,000 inhabitants, no road network outside the city. Everything by plane or snowmobile. Inuit culture, country food market (seal, walrus, caribou).
Katannilik Territorial Park (hiking)	Nunavut	Canada	Nature		Planning	https://www.gov.nu.ca/environment/katannilik-territorial-park	Kimmirut, NU X0A 0N0, Canada	62.84742	-69.86920		Spectacular valley with waterfalls on West Baffin Island. Traditionally an Inuit hunting and fishing area. Free to hike, but accessible only by boat from Kimmirut.
Keewatin Inuit Heritage Site	Nunavut	Canada	Historic		Planning	https://www.pc.gc.ca	Baker Lake, NU X0C 0A0, Canada	64.32520	-95.89754		Baker Lake: geographical center of Canada and home to the Caribou Inuit. Traditional stone cairns (Inuksuit) throughout the landscape. Large herds of Caribou pass by in August.
Midnight Sun (24h zonlicht)	Nunavut	Canada	Bizarre		Planning		Iqaluit, NU X0A 0H0, Canada	63.74669	-68.51697		June-July: the sun does NOT set 24 hours a day. Walking at midnight in daylight = completely surreal. Els: completely disrupted sleep pattern for a week — worth it.
Narwhal sighting (Baffin Island)	Nunavut	Canada	Nature		Planning	https://www.nunavuttourism.com/experiences/wildlife-viewing	Pond Inlet, NU X0A 0S0, Canada	72.70012	-77.95853		Narwhals in June-July in the straits of Baffin Island. Groups of 100+ narwhals possible in Milne Inlet. Boat tour organized by Inuit guides.
Polar Bear Safari (Hudson Bay)	Nunavut	Canada	Nature		Planning	https://www.nunavuttourism.com/experiences/wildlife-viewing	Rankin Inlet, NU X0C 0G0, Canada	62.80837	-92.08529		Polar bear safari along Hudson Bay in October: best season for polar bears. Bears walk towards the frozen sea ice. Rankin Inlet is the logistical starting point.
Quttinirpaaq NP (northernmost park on earth)	Nunavut	Canada	Nature		Planning	https://www.pc.gc.ca/en/pn-np/nu/quttinirpaaq	Ellesmere Island, NU X0A 0H0, Canada	80.75039	-72.66519		Northernmost national park in the world: 83° N latitude. Polar bears, musk oxen, Arctic wolves, and permanent glacier ice. Expeditions: $5,000+ per person, flight from Resolute Bay. For the true adventurer with a deep budget.
Resolute Bay (research station)	Nunavut	Canada	Bizarre		Planning		Resolute, NU X0A 0V0, Canada	74.69730	-94.82973		Northernmost permanent settlement on the planet (next to Longyearbyen NE). NASA and ESA use this as a Mars simulation site. Serge: Mars on Earth. Summer temperature: -5°C.
Sirmilik National Park (Bylot Island seabirds)	Nunavut	Canada	Nature		Planning	https://www.pc.gc.ca/en/pn-np/nu/sirmilik	Pond Inlet, NU X0A 0S0, Canada	72.70012	-77.95853		More than 70,000 thick-billed murres nest on Bylot Island. Narwhals in the fjord in June-July. National Parks Pass + charter flight from Pond Inlet.
Swingers/Naturist Nunavut	Nunavut	Canada	Naturist		Planning		Iqaluit, NU (geen clubs — verifieer via SDC.com)	63.74669	-68.51697		Nunavut is too sparsely populated for lifestyle clubs. Iqaluit has an international community (UN staff, NGOs). Private contact via SDC.com or Kasidie ​​when you are actually there.
21c Museum Hotel Cincinnati	Ohio	USA	Hotel		Planning	https://www.21cmuseumhotels.com/cincinnati	609 Walnut St, Cincinnati, OH 45202	39.10301	-84.51202		Boutique hotel and art museum at the same time: 24/7 free museum for guests and the public. Contemporary art everywhere: in the lobby, hallways, and rooms. Els: you have to stay here if you visit Cincinnati.
Bob Evans Farm (original farm)	Ohio	USA	Bizarre		Planning	https://www.bobevansfarm.com	791 Farmview Dr, Rio Grande, OH 45674	38.88345	-82.37638		The original Bob Evans farm from 1946 — before the restaurant chain existed. Museum, pigsty, historic buildings. Unknown fact: Bob Evans started as a truck-stop sausage stand.
Brandywine Falls (Cuyahoga Valley)	Ohio	USA	Nature		Planning	https://www.nps.gov/cuva	8176 Brandywine Rd, Sagamore Hills, OH 44067	41.27688	-81.54001		Ohio's most beautiful waterfall: 67 feet high. National Parks Pass: free. Short hiking trail from the parking lot.
Cedar Point (Roller Coaster Capital)	Ohio	USA	Theme Park		Planning	https://www.cedarpoint.com	One Cedar Point Dr, Sandusky, OH 44870	41.45018	-82.67440		Most epic roller coaster park in the world: 17 coasters incl. Top Thrill 2 (420 feet). Your route DEFINITELY goes past Sandusky — this is mandatory. Els: maybe not all 17. Serge: definitely all 17.
Cedar Point Shores Waterpark	Ohio	USA	Entertainment/sports		Planning	https://www.cedarpoint.com/water-rides	One Cedar Point Dr, Sandusky, OH 44870	41.45018	-82.67440		Water park next to Cedar Point, separate ticket or combo. Perfect after a day of coasters. Combine for a 2-day Sandusky adventure.
Clifton Mill (smallest Christmas in world)	Ohio	USA	Bizarre		Planning	https://www.cliftonmill.com	75 Water St, Clifton, OH 45316	39.79418	-83.82586		Water-powered mill with Christmas decorations of 3.5 million lights. In November-January: an over-the-top Christmas experience. Not in your season (July-August), but the mill is worth visiting year-round.
Columbus Zoo and Aquarium	Ohio	USA	Nature		Planning	https://www.columbuszoo.org	4850 W Powell Rd, Powell, OH 43065	40.15620	-83.11733		One of the best zoos in America (Jack Hanna's Creation). Not typically your thing, but overwhelmingly good. If you do Columbus and it rains: top option.
Cuyahoga Valley National Park	Ohio	USA	Nature		Planning	https://www.nps.gov/cuva	15610 Vaughn Rd, Brecksville, OH 44141	41.28830	-81.57354		National park between Cleveland and Akron — unique for an urban setting. National Parks Pass: free. Historic Ohio & Erie Canal Towpath: perfect for e-bikes.
Dawes Arboretum (weird tree art)	Ohio	USA	Bizarre		Planning	https://www.dawesarb.org	7770 Jacksontown Rd SE, Newark, OH 43056	39.98246	-82.41499		Enormous arboretum with trees planted in the shape of letters spelling 'DAWES ARBORETUM' — visible from the air. Free admission. Next to the Longaberger basket building: doubleslag in Newark.
Flint Ridge State Memorial (ancient flint quarry)	Ohio	USA	Historic		Planning	https://www.ohiohistory.org/visit/museum-and-site-locator/flint-ridge	7091 Brownsville Rd SE, Glenford, OH 43739	39.98141	-82.26405		Prehistoric flint quarry used by Native Americans for 10,000 years. Flint from here found all along the Mississippi. Walking over the old quarry pits.
Football-shaped building (First Federal Savings)	Ohio	USA	Bizarre		Planning		345 E Bowman St, Wooster, OH 44691	40.80465	-81.93705		Bank building built in the shape of an American football. Reportedly the only football building in the world. Free photo from the street. Perfect roadside stop.
Glacier Ridge Metro Park (drumlins)	Ohio	USA	Nature		Planning	https://www.metroparks.net/parks-and-trails/glacier-ridge	9801 Hyland-Croy Rd, Plain City, OH 43064	40.15581	-83.18476		Drumlins: elongated hills formed by ice sheets 12,000 years ago. Walking trails through wetlands and tallgrass prairie. Free. Geologically fascinating if you know what you are looking at.
Gravity Hill (Richfield OH)	Ohio	USA	Bizarre		Planning		Richfield, OH 44286 (lokale route, verifieer coördinaten)	41.22741	-81.63639		Give your car free rein in neutral and it pulls uphill. Optical illusion or real mystery — debate ongoing. Free, 5 minutes, classic roadside moment.
Great Lakes Brewing Company (Cleveland)	Ohio	USA	Brewery/Distillery		Planning	https://www.greatlakesbrewing.com	2516 Market Ave, Cleveland, OH 44113	41.48440	-81.70453		Pioneer of craft beer in Ohio: open since 1988. Christmas Ale is so popular that people line up for it. Brewpub in the historic Ohio City neighborhood of Cleveland.
Great Lakes Science Center	Ohio	USA	Museum		Planning	https://www.greatscience.com	601 Erieside Ave, Cleveland, OH 44114	41.50750	-81.69670		NASA Glenn Research Center artifacts + Great Lakes ecology. Next to Rock Hall: do both in one day. Suitable for all ages, but also impressive for adults.
Haunted Ohio: Loveland Castle	Ohio	USA	Bizarre		Planning	https://www.lovelandcastle.com	12025 Shore Dr, Loveland, OH 45140	39.28354	-84.26605		Medieval castle built by one man: Harry Andrews, solo, for 50 years. Started in 1929 with stones from the Little Miami River. He founded a knightly order of Flemish inspiration there. Belgian connection!!
Hocking Hills State Park (gorges + caves)	Ohio	USA	Nature		Planning	https://ohiostateparks.gov/hockinghills	19852 OH-664, Logan, OH 43138	39.42962	-82.53926		Old Man's Cave, Cedar Falls, Ash Cave — all free. Hemlock canyons, sandstone caves, and waterfalls. Ohio's most spectacular nature. E-bikes along the gorge trails.
Jackie O's Brewery (Athens)	Ohio	USA	Brewery/Distillery		Planning	https://www.jackieos.com	24 W Union St, Athens, OH 45701	39.32770	-82.10233		Ohio's Best Craft Brewery: winner of multiple national awards. Ohio University City: vibrant cultural scene. Specialties include sour beers and farmhouse ales.
Jolly's Drive-In (Springfield)	Ohio	USA	Restaurant		Planning	https://www.jollysdrivein.com	1501 S Limestone St, Springfield, OH 45505	39.90749	-83.81053		Authentic 1950s drive-in with carhops on roller skates. Hot dogs, milkshakes, burgers — the original American feeling. Els and Serge: time machine to 1957.
Kalahari Resorts (Sandusky)	Ohio	USA	Hotel		Planning	https://www.kalahariresorts.com/ohio	7000 Kalahari Dr, Sandusky, OH 44870	41.38475	-82.64159		Large African-themed indoor water park resort. Perfect place to stay if you visit Cedar Point — a 10-minute drive. Indoor water park, so great even when it rains.
Lake Erie Islands (Put-in-Bay)	Ohio	USA	Bizarre		Planning	https://www.put-in-bay.com	Put-in-Bay, OH 43456	41.65211	-82.82001		Island in Lake Erie accessible by ferry: golf carts are the mode of transport. Perry's Victory Monument: 96 meters high on a 5 km² island. Summer party island: party and bizarre island vibe.
Lake Hope State Park	Ohio	USA	Nature		Planning	https://ohiostateparks.gov/lakehope	27331 OH-278, McArthur, OH 45651	39.32740	-82.35169		Lake and forest in the Wayne National Forest. One of Ohio's most remote state parks. Good for camping, kayaking, and nature reset.
Marblehead Lighthouse (oldest on Great Lakes)	Ohio	USA	Historic		Planning	https://ohiostateparks.gov	110 Lighthouse Dr, Marblehead, OH 43440	41.53627	-82.71217		Oldest lighthouse in the Great Lakes: 1821, still active. Brief but photogenic view of Sandusky Bay. Perfect stopover after Cedar Point.
Melt Bar and Grilled - former Lakewood location (closed 2025)	Ohio	USA	Restaurant		Planning		14718 Detroit Ave, Lakewood, OH 44107	41.48536	-81.79909		Gourmet grilled cheese sandwiches as big as your head. Local craft beer on tap. Hard to choose: the menu is a 6-page book.
Motorcycle Hall of Fame Museum	Ohio	USA	Museum		Planning	https://www.motorcyclemuseum.org	13515 Yarmouth Dr, Pickerington, OH 43147	39.93401	-82.78277		National motorcycle heritage collection: from Harley-Davidson 1903 to modern MotoGP. Serge: hours of fun. Close to Columbus, easily combined.
Mütter-achtige collectie: Dittrick Medical History Center	Ohio	USA	Museum		Planning	https://case.edu/dittrick	11000 Euclid Ave, Cleveland, OH 44106	41.50596	-81.60844		Free medical history museum: 19th-century surgical instruments, pathological models. Part of Case Western Reserve University. Serge: medically obscure. Els: more than 10 minutes here is enough.
National Museum of the U.S. Air Force - Dayton	Ohio	USA	Aviation		Planning	https://www.nationalmuseum.af.mil	1100 Spaatz St, Dayton, OH 45433	39.78394	-84.10915		FREE and gigantic: the largest military aviation museum in the world. 4 hangars, SR-71 Blackbird, Kennedy's Air Force One. Serge: he disappears here all day. Els: brings a book and is also captivated.
National Road/Zane Grey Museum	Ohio	USA	Museum		Planning	https://www.ohiohistory.org/visit/museum-and-site-locator/zane-grey-museum	8850 East Pike, Norwich, OH 43767	39.97474	-81.82357		Museum about America's first federal highway (National Road = US-40). Zane Grey: cowboy romance writer who was born here. Small but good: toll numbers, horse-drawn wagons, Western literature.
Naturist: Paradise Gardens Naturist Park (AANR)	Ohio	USA	Naturist		Planning	https://www.paradise-gardens.net	9741 Dundee-Wooster Rd, Mount Eaton, OH 44659	40.69477	-81.70245		AANR member naturist park in Amish Country, Ohio. Gegen, pool, volleyball. Amish neighbors don't know what hit them. (Just kidding. They do.)
Naturist: Whispering Pines (AANR)	Ohio	USA	Naturist		Planning	https://www.whisperingpinesohio.com	9090 Lawrence Rd, Jefferson, OH 44047	41.73867	-80.76981		AANR naturist park in Ashtabula County, NE Ohio. Swimming pool, pond, sports facilities. Close to Cleveland and Lake Erie: a good combination.
Olentangy Indian Mounds	Ohio	USA	Historic		Planning	https://www.ohiohistory.org/visit/museum-and-site-locator/olentangy-indian-mounds	1779 OH-315, Delaware, OH 43015	40.25581	-83.06333		Hopewell culture earthworks from 100 BC, excellently preserved. Inside, two large earth mound structures run. Easily combined with a visit to Columbus.
Piqua Historical Area (General Harrison fort)	Ohio	USA	Historic		Planning	https://www.ohiohistory.org/visit/museum-and-site-locator/piqua-historical-area	9845 N Hardin Rd, Piqua, OH 45356	40.17944	-84.25732		Fort reconstruction + historic farm + Miami Erie Canal section. Canoe trips on the canal. Unknown historical gems of Ohio.
Pro Football Hall of Fame (Canton)	Ohio	USA	Museum		Planning	https://www.profootballhof.com	2121 George Halas Dr NW, Canton, OH 44708	40.82110	-81.39785		The mecca of American football. Serge: If you like football, this is it. Els: Wait outside with a book. Canton has this thing in the middle of a boring city — but the museum itself is impressive.
Rhinegeist Brewery (Cincinnati)	Ohio	USA	Brewery/Distillery		Planning	https://www.rhinegeist.com	1910 Elm St, Cincinnati, OH 45202	39.11721	-84.52001		Rooftop bar at a historic brewery in Cincinnati's Over-the-Rhine neighborhood. One of the largest taprooms in the US: a 30,000 m² former beer warehouse. Serge: you won't want to leave here.
Rock and Roll Hall of Fame (Cleveland)	Ohio	USA	Museum		Planning	https://www.rockhall.com	1100 E 9th St, Cleveland, OH 44114	41.50854	-81.69537		I.M. Pei-designed pyramid right on Lake Erie. From Chuck Berry to Nirvana to Beyoncé: the complete history of rock. Serge: 4 hours minimum. Els: also more captivated than expected.
Scenic Ohio: Hocking Hills Scenic Byway	Ohio	USA	Scenic Route		Planning	https://ohiostateparks.gov/hockinghills	Logan to Chillicothe, OH via OH-664 / OH-56	39.41771	-82.59978		Ohio's most beautiful route: sandstone canyons, waterfalls, wooded roads. E-bikes perfect on the smaller trails. Spring and fall are the best seasons.
Serpent Mound State Memorial	Ohio	USA	Bizarre		Planning	https://www.ohiohistory.org/visit/museum-and-site-locator/serpent-mound	3850 OH-73, Peebles, OH 45660	39.02250	-83.43180		Largest snake pottery in the world: 411 meters long, made by the Adena people. From the air (drone): full snake spiral visible. Magnetic anomaly measured on site — completely bizarre.
Skyline Chili (Cincinnati-style chili)	Ohio	USA	Restaurant		Planning	https://www.skylinechili.com	Multiple Cincinnati locations, OH	39.10312	-84.51202		Cincinnati chili is literally different: on spaghetti, with cinnamon and chocolate inside. 'Way 2' = chili on spaghetti. 'Way 5' = everything on top. Els: this is weird. Serge: this is deliciously weird.
Swensons Drive-In (Akron)	Ohio	USA	Restaurant		Planning	https://www.swensons.net	658 E Tallmadge Ave, Akron, OH 44310	41.10214	-81.49167		Iconic drive-in restaurant from 1934 — carhops bring your food to the car. Galley Boy burger: double with two sauces, famous in Ohio. Perfect for the F-150: window down, tray on the door.
Swingers Club: The Champagne Club (Columbus)	Ohio	USA	Naturist		Planning		Columbus, OH 43215 (verifieer adres via SDC.com 2027)	39.96505	-83.00391		Columbus has an active lifestyle scene. Verify current location and events via SDC.com. Ohio is known as a liberal state for lifestyle.
Swingers Club: Utopia (Cincinnati)	Ohio	USA	Naturist		Planning		Cincinnati, OH 45202 (verifieer via Kasidie 2027)	39.10320	-84.50649		The Cincinnati/Northern Kentucky border region has multiple lifestyle clubs. Kentucky border = sometimes different rules, check both cities. Verify via Kasidie ​​for current info.
The Drury Inn & Suites (Sandusky — Cedar Point nabij)	Ohio	USA	Hotel		Planning	https://www.druryhotels.com	3304 Milan Rd, Sandusky, OH 44870	41.42756	-82.68184		Budget-friendly hotel 10 min from Cedar Point with a pool. Breakfast included. Perfect 2-night base for a visit to Cedar Point.
The Mansion on Forsythe - Zanesville	Ohio	USA	Hotel		Planning	https://mansiononforsythe.com	55 E Forsythe St, Zanesville, OH 43701	39.97428	-82.02482		Victorian mansion B&B in the historic center of Zanesville. Close to the Y-Bridge (the only triple-spanned bridge in the world). Els: charm and comfort at a high level.
The Worthington Inn (Columbus suburb)	Ohio	USA	Hotel		Planning	https://theworthingtoninn.com	649 High St, Worthington, OH 43085	40.08699	-83.01889		Historic B&B in picturesque Worthington village near Columbus. Original 1831 inn, renovated with character. An alternative to the Columbus chains.
Thurman Café (Columbus)	Ohio	USA	Restaurant		Planning	https://www.thethurmancafe.com	183 Thurman Ave, Columbus, OH 43206	39.93946	-82.99113		Famous burger made with 1.5 pounds of meat: The Thurmanator. Open since 1942, family business. If you finish it: free photo on the wall.
Tommy's Restaurant (Cleveland Heights)	Ohio	USA	Restaurant		Planning	https://www.tommyscleveland.com	1824 Coventry Rd, Cleveland Heights, OH 44118	41.50990	-81.58013		Cleveland Institute: hippie vibe, huge menu, open for 50 years. Vegans and meat eaters alike: both are well represented. Els: paradise. Serge: also satisfied, because the milkshakes are legendary.
Waffle House Museum - Avondale Estates, Georgia	Ohio	USA	Bizarre		Planning		2719 E College Ave, Avondale Estates, GA 30002	41.50532	-82.02820		Not a real museum — but the Waffle House culture IS bizarre. FEMA uses Waffle House as a disaster indicator ('Waffle House Index'). Els: this is a chain. Serge: but an iconic and bizarre chain.
World's Largest Basket (Longaberger HQ)	Ohio	USA	Bizarre		Planning	https://www.atlasobscura.com/places/longaberger-basket-building	1 Market St, Newark, OH 43055	40.05657	-82.40148		Former headquarters built as a GIANT BASKET: 7 floors. Longaberger made hand-woven baskets and built their HQ in the shape of them. Now owned by a different owner, but the building is still standing — free photo.
Wright Brothers Bicycle Shop (Dayton)	Ohio	USA	Historic		Planning	https://www.nps.gov/daav	22 S Williams St, Dayton, OH 45402	39.75559	-84.21182		Exactly the workshop where the Wright Brothers designed the airplane. National Parks Pass: free. Minimalist museum, but the story is everything.
Y-Bridge (Zanesville — uniek in wereld)	Ohio	USA	Bizarre		Planning	https://www.atlasobscura.com/places/zanesville-y-bridge	Y-Bridge Plaque, Zanesville, OH 43701	39.94038	-82.01423		The only bridge in the world with three directions: a Y-shape spanning two rivers at the same time. Old joke: 'How do I get off the bridge?' 'Just drive straight ahead.' Driving over it for free, unique and bizarre. Serge: I want to drive this.
Admiral Twin Drive-In (Tulsa)	Oklahoma	USA	Bizarre		Planning	https://www.admiraltwin.com	7355 E Easton St, Tulsa, OK 74115	36.16369	-95.89409		Classic drive-in cinema, originally from 1951, rebuilt after a fire. Watching a movie from the F-150: the ideal combo. Open every weekend in the summer.
Alabaster Caverns State Park	Oklahoma	USA	Nature		Planning	https://www.travelok.com/state-parks/alabaster-caverns-state-park	6 Cave Rd, Freedom, OK 73842	36.76675	-99.11178		Only commercial alabaster cave in the world: 1.2 km, alabaster walls sparkle. Various colors of selenite and alabaster — unique mineral palette. The cave has existed for 200 million years.
Ambassador Hotel (Oklahoma City)	Oklahoma	USA	Hotel		Planning	https://www.ambassadorokchotel.com	1200 N Walker Ave, Oklahoma City, OK 73103	35.48024	-97.52079		Historic 1920s hotel, fully renovated, in the arts district. Good restaurant in the hotel. Walking distance from Oklahoma City Museum of Art.
American Banjo Museum	Oklahoma	USA	Bizarre		Planning	https://www.americanbanjomuseum.com	9 E Sheridan Ave, Oklahoma City, OK 73104	35.46676	-97.51151		300+ historical banjos from 1830 to the present. The banjo as an Appalachian instrument told through music and history. Els: surprisingly interesting. Serge: who knew this existed?
Anthem Brewing (Oklahoma City)	Oklahoma	USA	Brewery/Distillery		Planning	https://www.anthembrewing.com	908 SW 4th St, Oklahoma City, OK 73109	35.46066	-97.52836		Oklahoma City's hippest craft brewery with events and food trucks. Hazy IPAs and sours as specialties. SW OKC neighborhood: developing rapidly.
Black Mesa (highest point OK)	Oklahoma	USA	Nature		Planning	https://www.travelok.com/listings/view/12393	Black Mesa Rd, Kenton, OK 73946	36.90375	-102.95362		Highest point in Oklahoma: 1,516 m, along the New Mexico border. From here, you can see 4 states at once. The mesa landscape is totally different from the rest of OK.
Blue Whale of Catoosa	Oklahoma	USA	Bizarre		Planning	https://www.atlasobscura.com/places/blue-whale-of-catoosa	2600 OK-66, Catoosa, OK 74015	36.19385	-95.73292		Giant blue concrete whale in a pond along Route 66. Built in 1972 by Hugh Davis as a birthday gift for his wife. For decades, it was a swimming spot. Now: a free photo stop. A must.
Cain's Ballroom (Tulsa)	Oklahoma	USA	Entertainment/sports		Planning	https://www.cainsballroom.com	423 N Main St, Tulsa, OK 74103	36.16097	-95.99464		Legendary dancehall from 1924: Bob Wills' Western Swing headquarters. Live music every night — country, rock, folk. One of the best live music venues in the Midwest.
Campbell Hotel (Tulsa)	Oklahoma	USA	Hotel		Planning	https://www.thecampbellhotel.com	2636 E 11th St, Tulsa, OK 74104	36.14763	-95.95207		Historic Art Deco motel on Route 66, fully restored. Each room has a different theme: from cowboy to Native American. The perfect Route 66 overnight stay in style.
Cattlemen's Steakhouse (Oklahoma City)	Oklahoma	USA	Restaurant		Planning	https://www.cattlemensrestaurant.com	1309 S Agnew Ave, Oklahoma City, OK 73108	35.45239	-97.55488		Steakhouse in the historic Stockyards District, open since 1910. Oklahoma USDA beef of the highest quality. Serge: This is the best steak in the Midwest. Els: Also good.
Chickasaw Cultural Center	Oklahoma	USA	Museum		Planning	https://www.chickasawculturalcenter.com	867 Cooper Memorial Dr, Sulphur, OK 73086	34.49706	-97.00093		Modern museum complex about Chickasaw Nation culture and history. Full-fledged recreation of a historic Chickasaw village outside. One of the best Native American cultural centers in the US.
Discoveryland USA outdoor Oklahoma! musical (closed after 2011)	Oklahoma	USA	Entertainment/sports		Planning		1164 S Elwood Ave, Sand Springs, OK 74063	35.99218	-95.99381		Outdoor theater featuring the legendary Oklahoma! musical every summer weekend. Tulsa neighborhood: Discoveryland runs from June to August. If the timing is right: a very special piece of Americana.
Elgin Giant (Elgin)	Oklahoma	USA	Bizarre		Planning		502 W Main St, Elgin, OK 73538	34.75029	-98.16085		Smallest roadside eatery with the Giant Burger: half a kilo. Elgin = just about the smallest village in OK. Serge: this is Elgin's only trump card and they are using it well.
Elmer's Bottle Tree Ranch (Route 66)	Oklahoma	USA	Bizarre		Planning		24266 National Trails Hwy, Oro Grande, CA 92368	34.69035	-117.33987		NB: This is along Route 66 in CA — but the concept tree sculpture tradition also has Tulsa versions. Oklahoma has its own Route 66 art installations. Verify local versions in 2027 for Route.
Gilcrease Museum (Western art)	Oklahoma	USA	Museum		Planning	https://www.gilcrease.org	1400 N Gilcrease Museum Rd, Tulsa, OK 74127	36.17397	-96.02061		Largest collection of Western art and Native American artifacts in the world. Frederic Remington and Charlie Russell originals. Tulsa: hidden art mecca of the Midwest.
Gloss Mountain State Park (selenite peaks)	Oklahoma	USA	Bizarre		Planning	https://www.travelok.com/state-parks/gloss-mountain-state-park	Orienta, OK 73737	36.36003	-98.47397		Mountain peaks covered with selenite crystals — they literally glisten in the sun. 'Gloss' = Spanish word for shiny. Free, spectacular, and totally unknown outside Oklahoma.
Hamburger Inn (Ardmore)	Oklahoma	USA	Restaurant		Planning		99 W Main St, Ardmore, OK 73401	34.17411	-97.12771		Tiny diner open since 1942 — family recipe onion burger. Oklahoma's signature dish: grilled onion as filling. Simple, local, authentic.
Little Sahara State Park (sand dunes)	Oklahoma	USA	Bizarre		Planning	https://www.travelok.com/state-parks/little-sahara-state-park	Little Sahara Rd, Waynoka, OK 73860	36.56886	-98.88918		450 hectares of sand dunes in flat Oklahoma — totally surreal. ATVs and sand rails can be rented. Serge: F-150 4x4 on the dunes = happy.
Marshall Brewing (Tulsa)	Oklahoma	USA	Brewery/Distillery		Planning	https://www.marshallbrewing.com	1742 E 6th St, Tulsa, OK 74120	36.15188	-95.96555		Tulsa's first craft brewery: open since 2008. Big Truck Pale Ale: named after Oklahoma trucking culture. Taproom in an industrial building in the Tulsa Arts District.
Museum of Osteology (skulls)	Oklahoma	USA	Bizarre		Planning	https://www.skullsunlimited.com/pages/museum-of-osteology	10301 S Sunnylane Rd, Oklahoma City, OK 73160	35.36482	-97.44187		Museum full of skulls and skeletons of animals from all over the world. The only one of its kind in the world. Serge: 10/10. Els: also secretly fascinated.
National Cowboy & Western Heritage Museum	Oklahoma	USA	Museum		Planning	https://www.nationalcowboymuseum.org	1700 NE 63rd St, Oklahoma City, OK 73111	35.53518	-97.48345		Largest Western art and culture museum in the world. Real cowboys, Rodeo Hall of Fame, Native American collections. Serge: this is his world. 5 hours minimum.
National Weather Center (tornado research)	Oklahoma	USA	Museum		Planning	https://www.ou.edu/nwc	120 David L. Boren Blvd, Norman, OK 73072	35.18151	-97.43968		Free tour of the National Tornado Research Center. Oklahoma: 'Tornado Alley' of the US — this is the epicenter. Serge: tornado hunting with experts. Els: interested, but not in a tornado.
Natural Falls State Park	Oklahoma	USA	Nature		Planning	https://www.travelok.com/state-parks/natural-falls-state-park	8700 OK-412B, Colcord, OK 74338	36.26425	-94.69300		Illinois Waterfall: 77 feet high in a deep canyon. The hiking trail down to the fall is spectacular. Free, relatively unknown — ideal stop.
Naturist: geen AANR resort in OK	Oklahoma	USA	Naturist		Planning		Dichtstbijzijnde: Texas of Arkansas	31.96860	-99.90181		Oklahoma has no official AANR naturist resort. Nearest options are in Texas (multiple) or Arkansas. Skinny dipping at Lake Tenkiller is popular with locals.
Nic's Grill (Oklahoma City)	Oklahoma	USA	Restaurant		Planning	https://www.nicsgrill.com	1201 N Pennsylvania Ave, Oklahoma City, OK 73107	35.48094	-97.54811		Tiny diner with the best burger in Oklahoma: counter packed with people, grill smoking. Nic's onion burger: invented during the Depression as a cheap filler. Els: this is authentic America in a bun.
Oklahoma City National Memorial	Oklahoma	USA	Historic		Planning	https://www.oklahomacitynationalmemorial.org	620 N Harvey Ave, Oklahoma City, OK 73102	35.47379	-97.51703		Memorial Museum for the 168 victims of the 1995 bombing. Outdoor area free, museum $15. Awesome and impressive monument.
Oklahoma History Center	Oklahoma	USA	Museum		Planning	https://www.okhistorycenter.org	800 Nazih Zuhdi Dr, Oklahoma City, OK 73105	35.49414	-97.49994		Landing place for Oklahoma history: Dust Bowl, Trail of Tears, Land Run 1889. Grand architecture, excellent collections. Free parking, low entrance fee.
Oral Roberts University (bizarre campus)	Oklahoma	USA	Bizarre		Planning	https://www.oru.edu	7777 S Lewis Ave, Tulsa, OK 74171	36.05155	-95.95706		Futuristic campus of televangelist Oral Roberts: golden glass towers, 30-meter Pray Hands sculpture. The Pray Hands sculpture is one of the most bizarre religious objects in the US. Walk around the campus for free.
Philbrook Museum (Tulsa villa)	Oklahoma	USA	Museum		Planning	https://www.philbrook.org	2727 S Rockford Rd, Tulsa, OK 74114	36.12393	-95.97001		Italian villa of oil baroness Waite Phillips converted into an art museum. Gardens are free and spectacular. International art collection in a totally unexpected building.
Pops Route 66 (soda pop museum + diner)	Oklahoma	USA	Bizarre		Planning	https://www.pops66.com	660 OK-66, Arcadia, OK 73007	35.65834	-97.33550		Restaurant with 700+ types of soda bottles and an 18-meter neon bottle along Route 66. The Route 66 iconic architecture + bizarre soda selection. Els: overload of sugar. Serge: taste what is tasteable.
Robbers Cave State Park	Oklahoma	USA	Bizarre		Planning	https://www.travelok.com/state-parks/robbers-cave-state-park	Wilburton, OK 74578	34.91871	-95.30914		Jesse James and Belle Starr hid in these caves. Bandit hideout in a rocky state park. Walking trails through the cave systems.
Round Barn (Arcadia)	Oklahoma	USA	Bizarre		Planning	https://www.arcadiaroundbarn.com	107 E Rte 66, Arcadia, OK 73007	35.66239	-97.32519		Circular barn from 1898 on Route 66 — unique construction technique. Built into the hillside for extra stability. Free exterior, small donation for interior visit.
Route 66 Kitsch through Oklahoma	Oklahoma	USA	Scenic Route		Planning	https://www.travelok.com	Route 66 through Oklahoma City, OK 73102	35.53557	-97.49353		Oklahoma has the longest continuous section of the original Route 66: 400 km. Neon motels, vintage diners, resting classic cars — the real 'Mother Road' feeling. Many free stops: just drive and stop.
Sequoyah's Cabin (Cherokee script inventor)	Oklahoma	USA	Historic		Planning	https://www.okhistorycenter.org/sites-and-museums/sequoyah-s-cabin	470317 Hwy 101, Sallisaw, OK 74955	35.51505	-94.65548		Sequoyah invented the Cherokee alphabet — ALONE, never before done by anyone who knew neither reading nor writing. His original log cabin is still standing. One of the most remarkable stories of North America.
Swingers: Encounters OKC	Oklahoma	USA	Naturist		Planning		Oklahoma City, OK 73102 (verifieer via SDC.com 2027)	35.47118	-97.51660		Oklahoma City has a small but active lifestyle scene. Verify your current location via SDC.com or Kasidie. Oklahoma is conservative, so verify before you leave.
Talimena Scenic Drive (Ouachita Mountains)	Oklahoma	USA	Scenic Route		Planning	https://www.fs.usda.gov/ouachita	Talimena State Park, Talihina, OK 74571	34.78497	-94.95297		54 km mountain road through the Ouachita Mountains: Oklahoma's only real mountain scenery. Autumn = spectacular colors. Els and Serge: this is mandatory if you drive via OK.
Tenkiller State Park (lake + cliffs)	Oklahoma	USA	Nature		Planning	https://www.travelok.com/state-parks/lake-tenkiller-state-park	HC 68 Box 1095, Vian, OK 74962	35.49843	-94.96967		Oklahoma's clearest lake in green hills — almost mountainous. Swimming, diving, kayaking. Hidden gem of eastern Oklahoma.
The Cave House (Route 66)	Oklahoma	USA	Bizarre		Planning	https://www.atlasobscura.com/places/cave-house-tulsa	1623 Charles Page Blvd, Tulsa, OK 74127	36.15173	-96.01126		House built in and around a rock: literally growing in a cave. Private residence, but clearly visible from the street. Drive by for free to take a photo.
The Mayo (Tulsa)	Oklahoma	USA	Hotel		Planning	https://www.themayohotel.com	115 W 5th St, Tulsa, OK 74103	36.15106	-95.99220		Art Deco hotel from 1925 in the historic center of Tulsa. Elvis, Bob Hope, and John F. Kennedy were once hosted here. Best location in Tulsa for the Arts District walking tour.
Totem Pole Park (Ed Galloway)	Oklahoma	USA	Bizarre		Planning	https://www.atlasobscura.com/places/totem-pole-park	21300 OK-28A, Foyil, OK 74031	36.43724	-95.44846		90-foot-tall totem pole — the largest in the world — built by one man. Ed Galloway worked on it for 11 years, never got paid a day. Folk art on an epic scale. Free.
Turner Falls Park (waterfall swimming)	Oklahoma	USA	Nature		Planning	https://www.turnerfallspark.com	Turner Falls Park, Davis, OK 73030	34.43222	-97.14535		Oklahoma's most beautiful waterfall: 77 feet, with a pool at the base. Medieval castle as a backdrop (built by a local eccentric). Busy but spectacular every summer.
Wichita Mountains Wildlife Refuge	Oklahoma	USA	Nature		Planning	https://www.fws.gov/refuge/wichita-mountains	32 Refuge Headquarters, Indiahoma, OK 73552	34.73284	-98.71329		Free-roaming bison, longhorn, and elk in granite mountains. Granite peaks in flat Oklahoma — a total surprise. Free admission, majestic landscape.
Woolaroc Ranch (Frank Phillips)	Oklahoma	USA	Museum		Planning	https://www.woolaroc.com	1925 Woolaroc Ranch Rd, Bartlesville, OK 74003	36.66349	-96.10977		Frank Phillips' (Phillips 66) oil baron's villa converted into a wildlife reserve and museum. Buffaloes, longhorns, and elk roam freely on the estate. Western art + oil wealth + animals = fascinating.
1000 Islands (boat cruise)	Ontario	Canada	Nature		Planning	https://www.1000islandsontario.com	1 Front St, Gananoque, ON K7G 2H6, Canada	44.32757	-76.17056		1,864 islets in the St. Lawrence River. Boat tour: small castles, opulent villas, secret islets. 1000 Islands dressing was INVENTED here. Really.
Agawa Canyon Train Tour	Ontario	Canada	Scenic Route		Planning	https://www.agawacanyontour.com	129 Bay St, Sault Ste. Marie, ON P6A 1W7, Canada	46.51482	-84.34069		Day trip by train in a canyon only accessible by rail. Autumn (Sept-Oct): colors are incredible. Serge: train + canyon + no road = perfect inaccessible place.
Algonquin Provincial Park (canoe routes)	Ontario	Canada	Nature		Planning	https://www.ontarioparks.com/park/algonquin	Highway 60 Corridor, Whitney, ON K0J 2M0, Canada	45.49903	-78.02095		Iconic Canadian national park: 7,600 km² of forest and lakes. Moose, otters, beavers — present everywhere. E-bikes on the Highland Backpacking Trail.
Art Gallery of Ontario (AGO)	Ontario	Canada	Museum		Planning	https://www.ago.ca	317 Dundas St W, Toronto, ON M5T 1G4, Canada	43.65354	-79.39248		Frank Gehry-renovated art museum with a Canadian and international collection. Largest Rubens collection in North America. Wednesday evening after 6 pm: free.
Bala Cranberry Festival	Ontario	Canada	Festival		Planning	https://www.balacranberryfestival.on.ca	Bala, ON P0C 1A0, Canada	45.02659	-79.60728		Annual cranberry harvest festival in Muskoka: late October. Harvesting floating cranberry fields: walking through a red sea. If timing matches the route (autumn 2027).
Bare Oaks Family Naturist Park (AANR)	Ontario	Canada	Naturist		Planning	https://www.bareoaks.ca	20237 Kennedy Rd, East Gwillimbury, ON L9N 0P9, Canada	44.14944	-79.37084		Largest AANR member naturist park in Canada, 30 min from Toronto. Swimming pool, sports, sauna, naturist campsite. Known as super friendly and family-oriented.
Big Nickel (Sudbury)	Ontario	Canada	Bizarre		Planning	https://www.sciencenorth.ca/dynamic-earth/	122 Big Nickel Rd, Sudbury, ON P3C 5T7, Canada	46.47113	-80.99506		Largest coin in the world: 9-meter-high nickel coin outside the museum. Sudbury is the nickel production capital of the world. Free photo from the street.
Blue Mountain Resort ⛷️ Ikon	Ontario	Canada	Ski Resort		Planning	https://www.bluemountain.ca	190 Gord Canning Dr, The Blue Mountains, ON L9Y 0V9	44.49950	-80.31036		Ikon Pass: UNLIMITED. Best option in Ontario if you already have Ikon. Not high (220m vertical) but well-maintained. 2 hours from Toronto. Lively village with restaurants and shops. If you are driving towards Toronto in the winter: perfect day stop. Not an adventurous ski area, but good for a freshen-up day. Els: flat and predictable terrain. Serge: short visit, more for the atmosphere.
Blue Mountain Ski Resort (non-ski season)	Ontario	Canada	Entertainment/sports		Planning	https://www.bluemountain.ca	190 Jozo Weider Blvd, The Blue Mountains, ON L9Y 3Z2, Canada	44.50321	-80.31002		Georgian Bay water park, gondola, mountain biking in the summer season. Not for skiing, but the resort is also fun in the summer. E-bikes on the mountain bike trails: perfect.
Boldt Castle (Hart Island, 1000 Islands)	Ontario	Canada	Bizarre		Planning	https://www.boldtcastle.com	Heart Island, Alexandria Bay, NY — vanuit Gananoque ON	44.33062	-76.16186		American millionaire built a castle for his wife — she died before the opening. He abandoned construction immediately and never continued it. Ruined castle on an island full of romantic drama.
Canada Aviation and Space Museum (Ottawa)	Ontario	Canada	Aviation		Planning	https://www.ingeniumcanada.org/aviation	11 Aviation Pkwy, Ottawa, ON K1K 4R3, Canada	45.45447	-75.64610		National Aviation and Aerospace Collection: 130 aircraft. First Avro Arrow — the most secretive Canadian aircraft of the Cold War. Serge: the Arrow is a national trauma and a must-see.
Carousel Bakery (Toronto)	Ontario	Canada	Restaurant		Planning	https://www.stlawrencemarket.com	St. Lawrence Market, 93 Front St E, Toronto, ON M5E 1C3, Canada	43.64869	-79.37155		The legendary Peameal Bacon Sandwich — Toronto's icon. Pork rolled in cornmeal, grilled to order. Saturday market: line up but wait 10 minutes.
CN Tower (EdgeWalk)	Ontario	Canada	Entertainment/sports		Planning	https://www.cntower.ca	290 Bremner Blvd, Toronto, ON M5V 3L9, Canada	43.64257	-79.38707		At 356 meters, hanging on the outside of the tower — without a railing, ropes attached to your body. EdgeWalk: walking around the tower on a narrow tube. Serge: booked immediately. Els: watching from below.
Distillery District (Toronto)	Ontario	Canada	Historic		Planning	https://www.thedistillerydistrict.com	55 Mill St, Toronto, ON M5A 3C4, Canada	43.65031	-79.35958		Largest preserved Victorian industrial complex in North America, now an arts district. Restaurants, galleries, and theaters in historic distillery buildings. Free walking. Breweries and distilleries on site.
Flowerpot Island (Fathom Five NP)	Ontario	Canada	Nature		Planning	https://www.pc.gc.ca/en/pn-np/on/fathomfive	Tobermory, ON N0H 2R0, Canada	45.25336	-81.66454		Stacked rock formations ('flowerpots') on an island in Lake Huron. Boat trip from Tobermory + walk across the island. Crystal-clear water above 19th-century shipwrecks.
George Restaurant (Toronto)	Ontario	Canada	Restaurant		Planning	https://www.georgeonqueen.com	111 Queen St E, Toronto, ON M5C 1S2, Canada	43.65331	-79.37421		Modern Canadian fine dining in Toronto's arts district. Menu changes every week with local seasonal produce. Reservations required. Best dinner in Toronto for a special occasion.
High Park (Toronto)	Ontario	Canada	Nature		Planning	https://www.highparktoronto.com	1873 Bloor St W, Toronto, ON M6R 2Z3, Canada	43.64474	-79.46195		161-hectare city park with a zoo, ponds, and oak forest. April-May: Japanese cherry blossoms (free). Free admission at all times.
Hilton Niagara Falls/Fallsview Hotel & Suites	Ontario	Canada	Hotel		Planning	https://www.hilton.com/en/hotels/xlvnfhf-hilton-niagara-falls-fallsview-hotel-and-suites/	6361 Fallsview Blvd, Niagara Falls, ON L2G 3V9, Canada	43.08296	-79.08315		Fallsview Hotel: direct view of the waterfalls from the room. Slightly above budget, but that waterfall view is unique. The illuminated waterfalls are most beautiful in the evening.
Horseshoe Falls Illumination	Ontario	Canada	Bizarre		Planning		Niagara Falls, ON L2E 6T2, Canada	43.13044	-79.06733		Free light show: the waterfalls are illuminated in the colors of the rainbow every evening. Best spots: Queen Victoria Park or Rainbow Bridge. Free, spectacular, lasts from sunset until midnight.
Hotel X Toronto	Ontario	Canada	Hotel		Planning	https://hotelxtoronto.com	111 Princes Blvd, Toronto, ON M6K 3C3, Canada	43.63288	-79.41205		Trendy hotel next to Exhibition Place and Lake Ontario. Rooftop pool and bar: spectacular view of the lake. A bit above budget, but the location and view are worth it.
Inn on the Twenty (Jordan Village)	Ontario	Canada	Hotel		Planning	https://www.innonthetwenty.com	3836 Main St, Jordan Station, ON L0R 1S0, Canada	43.14944	-79.37017		Boutique inn in the Niagara Escarpment wine region. Perfect for wine tastings at Cave Spring Winery nearby. Els: this is the ideal 1-night Niagara after-the-falls stop.
Inniskillin Winery (icewine)	Ontario	Canada	Brewery/Distillery		Planning	https://www.inniskillin.com	1499 Line 3, Niagara-on-the-Lake, ON L0S 1J0, Canada	43.21053	-79.06394		Pioneer of Canadian ice wine: Vidal Icewine is world-famous. Wine tasting with a view over the Niagara Escarpment. Els: ice wine = the Belgian chocolate equivalent of Canada.
Journey Behind the Falls	Ontario	Canada	Nature		Planning	https://www.niagaraparks.com/visit/attractions/journey-behind-the-falls	6650 Niagara Pkwy, Niagara Falls, ON L2E 6T2, Canada	43.07925	-79.07874		Tunnel behind the waterfall: deafening and wet. Stands 1 meter away from 57,000 liters of water per second. Surreal experience — you stand BEHIND the drop.
Kakabeka Falls (Niagara of the North)	Ontario	Canada	Nature		Planning	https://www.ontarioparks.com/park/kakabekafalls	Trans-Canada Hwy, Kakabeka Falls, ON P0T 1W0, Canada	48.51666	-89.65490		47-meter waterfall in a 1.5 billion-year-old canyon. Legendary: Ojibwe princess leading the enemy over the falls. F-150 parking right next to the fall.
Kensington Market (Toronto)	Ontario	Canada	Bizarre		Planning	https://www.kensingtonmarket.ca	Kensington Market, Toronto, ON M5T 2L4, Canada	43.65340	-79.40137		Bohemian neighborhood full of vintage shops, international street food, artists, and musicians. Every summer Pedestrian Sunday: cars prohibited, festivals. Totally different Toronto from the downtown towers.
Kingston (historic limestone city)	Ontario	Canada	Historic		Planning	https://www.visitkingston.ca	Kingston, ON K7L 5J2, Canada	44.23031	-76.48419		Original capital of Canada (1841-1844). Limestone forts, Military College, penitentiary on an island. Day trip between Toronto and Montreal.
Manitoulin Island (werelds grootste zoetwatereiland)	Ontario	Canada	Nature		Planning	https://www.manitoulintourism.com	Gore Bay, ON P0P 1H0, Canada	45.91470	-82.46438		Largest freshwater island in the world: 2,766 km². Witnesnek lake-and-water-in-an-island-in-a-lake-in-an-island (real). Ojibwe sacred island: respectful visiting culture.
Muskoka Cottage Country (Lakes district)	Ontario	Canada	Nature		Planning	https://www.discovermuskoka.ca	Muskoka, ON P0C 1A0, Canada	45.02659	-79.60728		Thousands of lakes with summer cottages: Canadian summer at its purest. Kayaking, swimming, sunset bonfires. Els: this is Canada as it should be.
Niagara City Cruises	Ontario	Canada	Nature		Planning	https://www.cityexperiences.com/niagara-ca/city-cruises/niagara/	5920 Niagara Pkwy, Niagara Falls, ON L2G 3K9, Canada	43.08899	-79.07324		Boat right under the waterfall — the original 'Maid of the Mist' but Canadian. Poncho included. You will get soaking wet. You might as well put it on. Els: this is the only really wet water adventure I do voluntarily.
Niagara Falls (Canadian kant)	Ontario	Canada	Nature		Planning	https://www.niagarafallstourism.com	Niagara Pkwy, Niagara Falls, ON L2G 3K6, Canada	43.06495	-79.05261		The Canadian side is superior to the US side: wide panorama, closer to the drop. Table Rock: you are literally standing 1 meter from the edge. Mist that soaks you = free shower. Free view outside.
Niagara-on-the-Lake (historisch stadje)	Ontario	Canada	Historic		Planning	https://www.niagaraonthelake.com	Niagara-on-the-Lake, ON L0S 1J0, Canada	43.18589	-79.12098		Canada's most preserved Victorian city at the mouth of Niagara. Shaw Festival Theatre, local wine route. Walking distance to everything: clean, beautiful, somewhat busy.
Ottawa Parliament Hill	Ontario	Canada	Historic		Planning	https://www.parl.ca	Wellington St, Ottawa, ON K1A 0A9, Canada	45.41959	-75.70695		Free tours of the Canadian Parliament building. Summer: Changing of the Guard every morning at 10:00 AM. Perfect background for a @travellers1969 post.
Ponderosa Nature Nudist Resort (AANR)	Ontario	Canada	Naturist		Planning	https://ponderosanatureresort.com	1239 Concession 6, Puslinch, ON N0B 2J0, Canada	43.43824	-80.10463		AANR naturist resort near Guelph (Ontario). Swimming pool, sports grounds, friendly community. Easily combined with the Toronto or Niagara Trail.
Rideau Canal (UNESCO)	Ontario	Canada	Historic		Planning	https://www.pc.gc.ca/en/lhn-nhs/on/rideau	Rideau Canal, Ottawa to Kingston, ON	45.39644	-75.69206		UNESCO World Heritage Site: 202 km of canal built 1826–1832 for military purposes. Never used for war — now the world's longest winter ice rink. Cycling or kayaking along the canal: classic Canadian.
Royal Ontario Museum (ROM)	Ontario	Canada	Museum		Planning	https://www.rom.on.ca	100 Queens Park, Toronto, ON M5S 2C6, Canada	43.66771	-79.39478		Spectacular Daniel Libeskind architecture: crystal prisms protrude from an old building. Dinosaurs, Egyptian mummies, Canadian Indigenous art. Toronto's best museum.
Science North (Sudbury)	Ontario	Canada	Museum		Planning	https://www.sciencenorth.ca	100 Ramsey Lake Rd, Sudbury, ON P3E 5S9, Canada	46.47113	-80.99506		Science museum IN a quarry next to a crater lake. Sudbury Basin = site of an asteroid impact 1.85 billion years ago. Space, geology, nickel industry — all in one place.
Sleeping Giant Provincial Park	Ontario	Canada	Nature		Planning	https://www.ontarioparks.com/park/sleepinggiant	Pass Lake, ON P0T 2M0, Canada	48.68144	-88.67550		Cliff resembling a lying giant on Lake Superior. Hiking trail to the summit: panorama over the world's largest freshwater lake. Near Thunder Bay.
St. Lawrence Market (Toronto)	Ontario	Canada	Restaurant		Planning	https://www.stlawrencemarket.com	93 Front St E, Toronto, ON M5E 1C3, Canada	43.64869	-79.37155		Peameal Bacon Sandwich: Toronto's signature food for 150 years. Bruges' Waffle: Belgian waffle in Toronto — see how many things they do wrong. Farmers market every Saturday on the surrounding streets.
Swingers: Club Taboo (Toronto)	Ontario	Canada	Naturist		Planning		Toronto, ON M6H 1T6 (verifieer adres via SDC.com 2027)	43.66341	-79.43865		Toronto has a large and open lifestyle scene. Club Taboo is one of the most well-known Canadian lifestyle clubs. Verify address and calendar via SDC.com or Kasidie.
Swingers: Le Château (Ottawa)	Ontario	Canada	Naturist		Planning		Ottawa, ON K1P 5G2 (verifieer via Kasidie 2027)	45.42087	-75.69780		Ottawa also has a lifestyle scene despite the government setting. Verify current info — Canadian clubs are generally open and well-organized. Membership registration recommended.
The Ace (Ottawa)	Ontario	Canada	Restaurant		Planning	https://www.theace.ca	8 Clarence St, Ottawa, ON K1N 5P3, Canada	45.42813	-75.69528		Artisanal pizza and craft cocktails at the Byward Market. Ottawa's most beloved local restaurant in the bohemian neighborhood. Walking from Parliament Hill.
The Burroughes Building (Toronto)	Ontario	Canada	Hotel		Planning	https://www.theburroughes.com	639 Queen St W, Toronto, ON M6J 1E5, Canada	43.64661	-79.40352		Boutique apart-hotel in a historic department store building in Queen West. Long-term stays possible, kitchen in room. Queen Street West: best neighborhood in Toronto.
Toronto Islands Park	Ontario	Canada	Bizarre		Planning	https://www.toronto.ca/parks	Toronto Islands, Toronto, ON M5J 2C6, Canada	43.62967	-79.35544		Small islands accessible by ferry (15 min) with panoramic views of the skyline. Nudist beach (Hanlan's Point): official nudist beach close to the city center. Els: she already did it in Antwerp — just a beach.
Wawa Goose (giant Canada Goose)	Ontario	Canada	Bizarre		Planning		Trans-Canada Hwy at Hwy 17, Wawa, ON P0S 1K0, Canada	46.53845	-84.31895		Giant goose, 8 meters tall, at the entrance to the city of Wawa. Wawa = Ojibwe for 'wild goose'. Classic roadside kitsch for the photo. Free.
Wilno Tavern (oldest Canadian tavern)	Ontario	Canada	Restaurant		Planning		Wilno, ON K0J 2N0, Canada	45.51249	-77.55956		Canada's oldest Polish community in Renfrew County. Tavern with authentic Polish-Canadian food: pierogi, sauerkraut, bigos. Small village, big culture.
Astoria (oldest US settlement west of Rockies)	Oregon	USA	Historic		Planning	https://www.astoria.or.us	Astoria, OR 97103	46.18788	-123.83125		Oldest permanent American settlement west of the Rockies (1811). The Goonies movie was shot here: a complete fan pilgrimage route. Astoria Column: 600 steps, panorama over the Columbia River.
Bonneville Dam (fish ladder)	Oregon	USA	Bizarre		Planning	https://www.nwp.usace.army.mil/bonneville	70543 NE Herman Loop, Cascade Locks, OR 97014	45.63376	-121.95651		Free visitor center at a huge dam on the Columbia River. Fish ladder: see salmon swimming uphill through the dam. Serge: engineering geek heaven.
Cathedral Park (St. Johns Bridge)	Oregon	USA	Bizarre		Planning	https://www.portland.gov/parks/cathedral-park	N Edison St & N Pittsburgh Ave, Portland, OR 97203	45.58970	-122.75934		Gothic-style bridge piers from 1931 create a cathedral effect under the bridge. Best underpass photography in the US. Free, spectacular at night.
Collins Lake Resort - Government Camp	Oregon	USA	Naturist		Planning	https://www.collinslakeresort.com	88149 E Creek Ridge Rd, Government Camp, OR 97028	45.50560	-122.68821		Portland has an open lifestyle scene. Verify address and events via SDC.com before 2027. Dress code: elegant.
Columbia River Gorge Scenic Byway	Oregon	USA	Scenic Route		Planning	https://www.fs.usda.gov/crgnsa	Historic Columbia River Hwy, Troutdale to The Dalles, OR	45.53712	-122.38063		Historic highway past 14 waterfalls in one route. Multnomah Falls: 189 meters, free access (reserve parking). National Forest Pass of America the Beautiful: free.
Crater Lake Lodge	Oregon	USA	Hotel		Planning	https://www.craterlakelodges.com	565 Rim Village Dr, Crater Lake, OR 97604	42.91117	-122.14472		Historic lodge on the edge of Crater Lake: view of the deepest lake. Fully booked in the summer: book early. The evening light on the lake from your room is unforgettable.
Crater Lake National Park	Oregon	USA	Nature		Planning	https://www.nps.gov/crla	565 Rim Dr, Crater Lake, OR 97604	42.90971	-122.14066		Deepest lake in the US: 592 meters. Color is a surreal royal blue. National Parks Pass: free. Wizard Island is a volcanic island in the middle of another volcanic lake.
Crater Rock Museum	Oregon	USA	Bizarre		Planning	https://www.craterrock.com	2002 Scenic Ave, Central Point, OR 97502	42.38929	-122.92478		Rock, mineral, and fossil collection of 100,000 specimens. Meteorites, opals, thunder eggs (OR state rock). Oregon is famous for thunder eggs — buy one yourself.
Deschutes Brewery (Portland pub)	Oregon	USA	Brewery/Distillery		Planning	https://www.deschutesbrewery.com	210 NW 11th Ave, Portland, OR 97209	45.52472	-122.68173		Oregon's most famous brewery: Black Butte Porter is iconic. Pub in the Pearl District — good food alongside the beers. Serge: Black Butte Porter = perfect Oregon experience.
Heceta Head Lighthouse B&B	Oregon	USA	Hotel		Planning	https://www.hecetaheadlighthouse.com	92072 US-101 S, Yachats, OR 97498	44.13686	-124.12537		Sleep in the 1894 lighthouse keeper's cottage, stunning view of the Pacific Ocean. Breakfast prepared by the hostess included. Haunted reputation: the ghost of 'Rue' is still present. Magical and over budget, but special.
International UFO Museum (McMinnville)	Oregon	USA	Bizarre		Planning	https://www.ufofest.com	208 NE Evans St, McMinnville, OR 97128	45.20945	-123.19430		Annual UFO festival in May — but the museum is open year-round. McMinnville UFO photos from 1950 are the 'most convincing' in the world. Els: 'interesting'. Serge: 'I don't believe in it, but look at this'.
Jake's Famous Crawfish (Portland)	Oregon	USA	Restaurant		Planning	https://www.jakesfamouscrawfish.com	401 SW 12th Ave, Portland, OR 97205	45.52256	-122.68355		Portland's oldest restaurant: open since 1892. Seafood as a specialty — Dungeness crab, crawfish, Pacific halibut. Els and Serge: classic, tasty, authentic.
John Day Fossil Beds National Monument	Oregon	USA	Nature		Planning	https://www.nps.gov/joda	32651 US-26, Kimberly, OR 97848	44.60219	-120.23707		45 million years of fossil geology: colorful layers visible in the canyon walls. National Parks Pass: free. Combine with Painted Hills (also in this monument) for a full day.
Lardo (Portland)	Oregon	USA	Restaurant		Planning	https://www.lardosandwiches.com	1212 SE Hawthorne Blvd, Portland, OR 97214	45.51206	-122.65300		Best sandwiches in Portland: Dirty Fries with pork scraps are famous. Portland sandwich culture: more serious than in Belgium. Serge: this is a religious experience with bread.
Lava Beds and Lava River Cave (Bend area)	Oregon	USA	Nature		Planning	https://www.fs.usda.gov/deschutes	58201 S Hwy 97, Bend, OR 97702	44.01665	-121.31904		2 km long lava tunnel: Newberry Volcanic National Monument. Bring your own light source (mandatory) — total darkness inside. Free with America the Beautiful Pass.
McMenamins Edgefield (Troutdale)	Oregon	USA	Hotel		Planning	https://www.mcmenamins.com/edgefield	2126 SW Halsey St, Troutdale, OR 97060	45.53669	-122.40753		Former impoverished county farm from 1910 converted into a hotel, brewery, winery, and golf course. Murals everywhere, ghost reports, fantastic grounds. One of the most unique hotels in North America.
McMenamins Kennedy School Hotel (Portland)	Oregon	USA	Hotel		Planning	https://www.mcmenamins.com/kennedy-school	5736 NE 33rd Ave, Portland, OR 97211	45.56448	-122.62993		Hotel in a former elementary school: sleep in the classrooms, drink in the gym. Cinema, restaurants, soaking pools — all in the building. Els: this is the most original hotel in the US.
Mt. Bachelor ⛷️ Ikon	Oregon	USA	Ski Resort		Planning	https://www.mtbachelor.com	13000 SW Century Dr, Bend, OR 97702	44.00289	-121.67910		Ikon Pass: 7 DAYS. Close to Bend (great craft beer town!). Volcanic mountain with unique open terrain and fantastic views. Summit = 360° panorama of Cascade volcanoes. Season sometimes until May. If you are passing through Oregon in the spring: combine a skiing day trip with the Bend brewery scene! Beginners: West Village is easy. Serge: Lift to the summit for epic runs.
Newberry National Volcanic Monument	Oregon	USA	Nature		Planning	https://www.fs.usda.gov/recarea/deschutes/recarea/?recid=38703	1200 NW Wall St, Bend, OR 97701	44.06173	-121.31060		Active volcanic area: obsidian fields, lava lakes, but shield volcano. Obsidian flow: shiny black volcanic glass as far as the eye can see. National Forest fee of America the Beautiful: free.
Oaks Park (Portland's old amusement park)	Oregon	USA	Entertainment/sports		Planning	https://www.oakspark.com	7805 SE Oaks Park Way, Portland, OR 97202	45.47200	-122.66212		Oldest active amusement park on the West Coast (1905). Roller skating rink + retro roller coasters. Portland old-school entertainment.
Opal Creek Ancient Forest	Oregon	USA	Nature		Planning	https://www.opalcreek.org	Opal Creek Trail, Lyons, OR 97358	44.85314	-122.23569		Ancient hemlock and cedar forest along a turquoise river. 8 km hike to a swimming hole in crystal-clear mountain water. One of the most beautiful swimming spots in Oregon — free.
Oregon Caves National Monument	Oregon	USA	Nature		Planning	https://www.nps.gov/orca	19000 Caves Hwy, Cave Junction, OR 97523	42.10525	-123.40829		Marble caves formed by rainwater over millions of years. National Parks Pass + small tour fee. Guided tour mandatory: interesting guide stories about the history of discovery.
Oregon Coast Scenic Route (US-101)	Oregon	USA	Scenic Route		Planning	https://www.oregon.gov/odot/Pages/scenic_byways.aspx	US-101 from Astoria to Brookings, OR	41.36325	-123.98944		600 km coastal road: rocky cliffs, beachy beaches, port towns. Every beach in Oregon is PUBLIC LAND — free for everyone. Els and Serge: best day of the road trip. Especially when the sun is shining.
Oregon Dunes National Recreation Area	Oregon	USA	Nature		Planning	https://www.fs.usda.gov/siuslaw	855 Highway Ave, Reedsport, OR 97467	43.70359	-124.10597		Largest walking dunes in North America: 65 km long, up to 150 meters high. ATV riding on the dunes: available for rent on site. F-150 4x4 + sand dunes = Serge happy.
Oregon Shakespeare Festival (Ashland)	Oregon	USA	Entertainment/sports		Planning	https://www.osfashland.org	15 S Pioneer St, Ashland, OR 97520	42.19589	-122.71410		World-famous Shakespeare festival from March to November. Performed in an open-air Elizabethan theater. If the timing is right: a literary experience.
Oregon Vortex (Gold Hill)	Oregon	USA	Bizarre		Planning	https://www.oregonvortex.com	4303 Sardine Creek Left Fork Rd, Gold Hill, OR 97525	42.48098	-123.07366		Balls roll uphill, people hunch against gravity. Native Americans avoided this area — too many unseen forces. Oregon's best-known mystery spot. Truly bizarre.
Painted Hills (John Day Fossil Beds)	Oregon	USA	Nature		Planning	https://www.nps.gov/joda	Burnt Ranch Rd, Mitchell, OR 97750	44.67970	-120.27383		Striped hills in red, gold, black, and green — total Martian atmosphere. National Parks Pass: free. Dawn or sunset: colors change dramatically.
Pfriem Family Brewers (Hood River)	Oregon	USA	Brewery/Distillery		Planning	https://www.pfriembeer.com	707 Portway Ave Suite 101, Hood River, OR 97031	45.71463	-121.51780		Award-winning brewery with a view of the Columbia Gorge and Mt. Hood. Belgian-inspired beers — the name sounds Belgian, the beer tastes Belgian. Els: this is a brewery for us.
Portland Saturday Market	Oregon	USA	Bizarre		Planning	https://www.portlandsaturdaymarket.com	2 SW Naito Pkwy, Portland, OR 97204	45.52276	-122.66978		Largest outdoor craft market in the US: every Saturday and Sunday. Handmade art, local food, live music — the real Portland vibe. Free to walk around. Buying food is mandatory.
Rogue Ales - former Newport location (closed 2025)	Oregon	USA	Brewery/Distillery		Planning		2320 OSU Dr, Newport, OR 97365	44.62015	-124.05241		Brewery on the Pacific coast with its own hop farm and distillery. Beard-yeast experimental beers: Chatoe Rogue is unique. Newport Aquarium right next to the brewery.
Salt & Straw Ice Cream (Portland)	Oregon	USA	Restaurant		Planning	https://www.saltandstraw.com	3345 SE Division St, Portland, OR 97202	45.50497	-122.63058		Artisanal ice cream with bizarre flavors: Blue Cheese & Pear, Bone Marrow. A new themed menu every month. Els: experimental ice cream! Serge: bone marrow ice cream? Yes.
Sea Lion Caves (world's largest sea cave)	Oregon	USA	Nature		Planning	https://www.sealioncaves.com	91560 US-101, Florence, OR 97439	44.12176	-124.12674		World's largest sea cave: elevator down, hundreds of sea lions in winter. Elevator goes 60 meters down into the rock. Autumn/winter: sea lions INSIDE the cave. Summer: outside on the rocks.
Serenity Mountain Retreat - Estacada	Oregon	USA	Naturist		Planning		Estacada area, OR	45.41928	-122.31084		AANR naturist resort 30 km from Portland — unusual name 'Boring, OR'. Lake, pool, camping. Oregon's best AANR option near a major city.
Smith Rock State Park (rock climbing mekka)	Oregon	USA	Nature		Planning	https://stateparks.oregon.gov/index.cfm?do=park.profile&parkId=36	9241 NE Crooked River Dr, Terrebonne, OR 97760	44.36008	-121.13884		Oregon's most photogenic climbing rock: 245-meter tuff rock formations above Crooked River. Walking trail along the base: spectacular without climbing. E-bikes on the bike path along the river.
Squaw Mountain Ranch (Mollala — AANR)	Oregon	USA	Naturist		Planning		Mollala area, OR 97038 (verifieer via AANR 2027)	45.14754	-122.57713		AANR naturist ranch in the Cascade foothills. Swimming pool, campground, naturist hikes. Oregon has a long naturist tradition.
The Freakybuttrue Peculiarium (Portland)	Oregon	USA	Bizarre		Planning	https://www.peculiarium.com	2234 NW Thurman St, Portland, OR 97210	45.53536	-122.69754		Bigfoot exhibits, strange curiosities, Chupacabra stuffing. Ice cream bar in a curiosities museum: unexpected combo. Portland at its most absurdist. Free to look inside, pay for food.
Thor's Well (Cape Perpetua)	Oregon	USA	Bizarre		Planning	https://www.fs.usda.gov/recarea/siuslaw/recarea/?recid=42614	Cape Perpetua Scenic Area, Yachats, OR 97498	44.28039	-124.10804		Basalt pit in the ocean that swallows and spits out water at the right moment. During storms and high tides: completely spectacular. National Forest fee: $5. Free with America the Beautiful Pass.
Thor's Well + Devil's Churn + Spouting Horn combo	Oregon	USA	Scenic Route		Planning	https://www.fs.usda.gov/siuslaw	US-101, Depoe Bay, OR 97341	44.80635	-124.06111		Three spectacular ocean phenomena along the OR coast. Spouting Horn: a hole in the rock that fountains when waves blow. America the Beautiful Pass: all included.
Tillamook Cheese Factory	Oregon	USA	Bizarre		Planning	https://www.tillamook.com/visit	4165 Hwy 101 N, Tillamook, OR 97141	45.44725	-123.84180		Free cheese viewing at Oregon's largest dairy cooperative. Ice cream with custom cheese flavors: cheddar ice cream exists. Serge: compare with Belgian fromage. Conclusion to follow.
Tillamook Cheese Factory Ice Cream	Oregon	USA	Restaurant		Planning	https://www.tillamook.com	4165 Hwy 101 N, Tillamook, OR 97141	45.44725	-123.84180		Free tasting of all cheeses + ice cream in an amazing assortment. Not a restaurant but a food stop: ideal for the route along the coast. Els: Try 4 flavors before you choose.
Timberline Lodge (The Shining exterior)	Oregon	USA	Hotel		Planning	https://www.timberlinelodge.com	27500 E Timberline Rd, Government Camp, OR 97028	45.33043	-121.71013		Kubrick's The Shining was filmed outside here (exterior). Art Deco National Register building on Mt. Hood with year-round skiing. Over budget but iconic. Bar drinks count.
Tu Tu' Tun Lodge (Gold Beach)	Oregon	USA	Hotel		Planning	https://www.tututun.com	96550 North Bank Rogue, Gold Beach, OR 97444	42.41138	-124.42087		Luxury lodge on the Rogue River, accessible by jet boat. Current favorite of the Upper class: no Wi-Fi, no TV. Els and Serge: nature retreat level 100.
TUSK (Portland)	Oregon	USA	Restaurant		Planning	https://www.tuskpdx.com	2448 E Burnside St, Portland, OR 97214	45.52263	-122.64049		Modern Mediterranean restaurant on Portland's east side. Vegetarian-heavy but with meat options: perfect for Els and Serge. Small plates concept — good for experimenting.
Voodoo Doughnut (Portland)	Oregon	USA	Bizarre		Planning	https://www.voodoodoughnut.com	22 SW 3rd Ave, Portland, OR 97204	45.52270	-122.67313		24/7 open donut shop famous for voodoo-doll donuts and obscene toppings. Cities with waiting lists. Voodoo-doll style donut with korspelon. Els: this is baking with attitude. Serge: buy at least 3.
Allegheny Portage Railroad NHS	Pennsylvania	USA	Historic		Planning	https://www.nps.gov/alpo	110 Federal Park Rd, Gallitzin, PA 16641	40.46926	-78.54387		First railroad across the Appalachians: 1834 technology to hoist trains up the mountain. National Parks Pass: free. Engineering wonder of its time — incline planes and stationary engines.
Amish Country (Lancaster County)	Pennsylvania	USA	Bizarre		Planning	https://www.discoverlancaster.com	Lancaster County, PA 17602	40.00332	-76.23632		Largest Amish community in the world: horse-drawn wagon on the highway, no electricity, no photos. Farm markets, quilts, fresh deli meats — everything handmade. Bizarre time capsule in the middle of modern America.
Andy Warhol Museum (Pittsburgh)	Pennsylvania	USA	Museum		Planning	https://www.warhol.org	117 Sandusky St, Pittsburgh, PA 15212	40.44837	-80.00249		Largest museum in the world dedicated to a single artist. Andrew Warhola was born in Pittsburgh as the child of Slovak immigrants. Els: you can spend hours here. Serge: also surprised by the depth.
Boyertown Museum of Historic Vehicles	Pennsylvania	USA	Museum		Planning	https://www.boyertownmuseum.org	85 S Walnut St, Boyertown, PA 19512	40.33347	-75.64017		Unique collection of vehicles made in Pennsylvania: wagons, buggies, early cars. Farm wagons alongside steam carriages. Serge: transport through the ages. Small but fascinating.
Brauhaus Schmitz (Philadelphia)	Pennsylvania	USA	Brewery/Distillery		Planning	https://www.brauhausschmitz.com	718 South St, Philadelphia, PA 19147	39.94207	-75.15461		Authentic German beer and sausage house in the heart of Philadelphia. 30 German beers on tap, Schweinshaxe, Käsespätzle. Serge: compare with Belgian beer. Conclusion: different but good.
Bushkill Falls (Niagara of Pennsylvania)	Pennsylvania	USA	Nature		Planning	https://www.bushkillfalls.com	138 Bushkill Falls Trail, Bushkill, PA 18324	41.11751	-75.00794		8 waterfalls in a ravine in the Poconos. Short hiking trails alongside each waterfall. Most beautiful during wet periods (spring after snow).
Centralia (underground coal fire ghost town)	Pennsylvania	USA	Ghost Town		Planning	https://www.atlasobscura.com/places/centralia-pennsylvania	Centralia, PA 17927	40.80425	-76.34050		Town of 1,000 inhabitants abandoned because an underground coal fire has been burning for 60 years. Smoke rises from cracks in the roads. Danger present, but walking is allowed. Inspiration for Silent Hill. Free — but do not stand in dangerous spots.
Drake Well Museum (first oil well)	Pennsylvania	USA	Museum		Planning	https://www.drakewell.org	202 Museum Ln, Titusville, PA 16354	41.61126	-79.65828		World's first commercial oil well: 1859, Edwin Drake. Working replica of the original drilling rig. The petroleum industry started here — the world was never the same again.
Eastern State Penitentiary	Pennsylvania	USA	Historic		Planning	https://www.easternstate.org	2027 Fairmount Ave, Philadelphia, PA 19130	39.96860	-75.17278		Al Capone was incarcerated here. Prison designed as a penitential monastery in 1829. Dilapidated cells, creepy corridors, decaying prison chapel. The Halloween Haunted House here is legendary (October).
Ephrata Cloister (18e eeuwse sekte)	Pennsylvania	USA	Bizarre		Planning	https://www.ephratacloister.org	632 W Main St, Ephrata, PA 17522	40.18457	-76.18720		18th-century religious commune: celibate monks and nuns in separate buildings. Germanic sectarian monastery in the middle of Pennsylvania Dutch country. Original buildings completely intact — surreal place.
Fallingwater (Frank Lloyd Wright)	Pennsylvania	USA	Historic		Planning	https://www.fallingwater.org	1491 Mill Run Rd, Mill Run, PA 15464	39.90604	-79.46680		Most famous private residence in the world: built over a waterfall in 1935. Frank Lloyd Wright's masterpiece — every architecture student knows this building. Reservation required, tour limited.
Federal Pretzel Bakery (Philadelphia)	Pennsylvania	USA	Restaurant		Planning		636 Federal St, Philadelphia, PA 19147	39.93364	-75.15550		Real Philly soft pretzels, hand-rolled. Selling out by 6 am until they're gone. The Philadelphia pretzel is different from the rest: thinner, rolled, with mustard.
Flight 93 National Memorial	Pennsylvania	USA	Historic		Planning	https://www.nps.gov/flni	6424 Lincoln Hwy, Stoystown, PA 15563	40.08162	-78.88591		Memorial monument for the heroes of Flight 93 on 9/11. National Parks Pass: free. Quiet, impressive place in the Pennsylvanian countryside.
Geno's Steaks (cheesesteak rival)	Pennsylvania	USA	Restaurant		Planning	https://www.genosteaks.com	1219 S 9th St, Philadelphia, PA 19147	39.93379	-75.15885		Pat's eternal rival: 50 meters away, also 24/7. Neon-lit outdoor counter: eat while standing. Do both — Pat's vs Geno's debate is a mandatory part of Philadelphia.
Gettysburg Battlefield	Pennsylvania	USA	Historic		Planning	https://www.nps.gov/gett	1195 Baltimore Pike, Gettysburg, PA 17325	39.81062	-77.22279		Most decisive battle of the Civil War: 51,000 dead in 3 days (1863). National Parks Pass: free. Car tour 40 km long. In the evening: ghost walks are legendary.
Gravity Hill (New Paris)	Pennsylvania	USA	Bizarre		Planning		Gravity Hill Rd, New Paris, PA 15554	40.11319	-78.69848		Car in neutral: driving uphill. One of the most famous in the US. Free, easily accessible. Film yourself and post it — @travellers1969 content guarantee.
Hawk Mountain Sanctuary (raptor migration)	Pennsylvania	USA	Nature		Planning	https://www.hawkmountain.org	1700 Hawk Mountain Rd, Kempton, PA 19529	40.63374	-75.98684		Most visited raptor migration site in the world: September-November. Thousands of hawks, eagles, and storks every day in autumn. Els: photography paradise.
Hersheypark + Chocolate World	Pennsylvania	USA	Theme Park		Planning	https://www.hersheypark.com	100 W Hersheypark Dr, Hershey, PA 17033	40.28723	-76.65563		Theme park built by Milton Hershey for his factory workers. Gateway: Chocolate World free — chocolate factory tour + tasting. Streets are named Chocolate Ave and Cocoa Ave. Belgian chocolate manufacturer Serge: how daring.
Hotel Hershey	Pennsylvania	USA	Hotel		Planning	https://www.thehotelhershey.com	100 Hotel Rd, Hershey, PA 17033	40.29926	-76.65932		Grand hotel built by Milton Hershey in 1933: Mediterranean-style resort. Chocolate Spa — body scrub with cacao: yes, really. Over budget, but the chocolate connection makes it unique.
Inclines of Pittsburgh (Duquesne + Monongahela)	Pennsylvania	USA	Bizarre		Planning	https://www.portauthority.org/riding-with-us/inclines	W Carson St, Pittsburgh, PA 15219	40.44151	-80.02102		Funiculars going up Mt. Washington: panorama of Pittsburgh 'Golden Triangle'. Pittsburgh's most spectacular view: three rivers together. Round trip $5 — photogenic every hour.
Inn at Bowman's Hill (New Hope)	Pennsylvania	USA	Hotel		Planning	https://www.innatbowmanshill.com	518 Lurgan Rd, New Hope, PA 18938	40.32275	-74.93969		Romantic boutique inn in the Delaware River Valley. New Hope is a bohemian artist town: galleries, restaurants, antiques. Els: this is the perfect resting place between NYC and Philadelphia.
Jim Thorpe (Little Switzerland of America)	Pennsylvania	USA	Bizarre		Planning	https://www.jimthorpe.org	Jim Thorpe, PA 18229	40.87592	-75.73241		Victorian mining village in a Pocono Gorge: literally looks like a European mountain town. Jim Thorpe (the Olympic athlete) is buried there — at the request of his widow, as he had never been there. Cycling and hiking in the surrounding mountains.
Kecksburg UFO Incident site	Pennsylvania	USA	Bizarre		Planning	https://www.atlasobscura.com/places/kecksburg-ufo-crash-site	Kecksburg, PA 15458	39.89532	-79.86328		In 1965, something mysterious crashed in the Kecksburg forest. An army convoy took it away. The municipality placed a replica acorn-shaped object at the fire station. Free — just drive and take a picture of that acorn.
Knoebels Amusement Resort (free admission)	Pennsylvania	USA	Entertainment/sports		Planning	https://www.knoebels.com	391 Knoebels Blvd, Elysburg, PA 17824	40.87752	-76.50625		FREE parking and free admission — you only pay per ride. Family business, for 100 years. Phoenix wooden roller coaster: top 10 in the world. Els: this is an amusement park like it used to be.
Laurel Caverns (largest cave PA)	Pennsylvania	USA	Nature		Planning	https://www.laurelcaverns.com	515 Laurel Caverns Rd, Farmington, PA 15437	39.80926	-79.55067		Pennsylvania's largest cave: a labyrinth of 6.5 km of tunnels. Go-kart slide through the cave — yes, really. Serge: a cave with a go-kart track is the perfect combination.
Mütter Museum (medical oddities)	Pennsylvania	USA	Bizarre		Planning	https://www.muttermuseum.org	19 S 22nd St, Philadelphia, PA 19103	39.95317	-75.17638		Most famous medical oddities museum in the world: skulls, deformed skeletons, Einstein's brain. Conjoined twin organs, a woman who turned into soap after death. Els: gruesome AND fascinating. Serge: 10/10 without a doubt.
Naturist: Penn Sylvan Health Society (AANR)	Pennsylvania	USA	Naturist		Planning		Dauphin County area, PA (verifieer via AANR 2027)	40.27343	-76.73365		AANR member nudist club in central Pennsylvania. Contact via the AANR website for current info. Smaller and more private than White Thorn.
Naturist: White Thorn Lodge (AANR)	Pennsylvania	USA	Naturist		Planning	https://www.whitethorn.com	576 Stoneboro Rd, Darlington, PA 16115	40.80971	-80.42444		AANR naturist resort in western Pennsylvania near Pittsburgh. Swimming pool, sports fields, campground, lodge. One of the larger naturist resorts in Pennsylvania.
Ohiopyle State Park	Pennsylvania	USA	Nature		Planning	https://www.dcnr.pa.gov/StateParks/FindAPark/OhiopyleStatePark	124 Main St, Ohiopyle, PA 15470	39.86768	-79.49487		Ohiopyle State Park: whitewater rafting on Youghiogheny River, class III-IV.  Laurel Highlands: most beautiful nature in Pennsylvania.  Free entrance to the park, rafting tours separately.
Pat's King of Steaks (cheesesteak original)	Pennsylvania	USA	Restaurant		Planning	https://www.patskingofsteaks.com	1237 E Passyunk Ave, Philadelphia, PA 19147	39.93320	-75.15924		Original cheesesteak inventor: Pat Olivieri, 1930. Open 24/7, stand outside, no chairs — just the sandwich. Order correctly: 'Whiz wit' = cheese sauce with onions. No debate.
Pennsylvanian Dutch Hex Signs (barn tour)	Pennsylvania	USA	Bizarre		Planning		Lancaster County Barn Tour, PA 17602	40.00332	-76.23632		Colorful geometric symbols on Amish barns — protection against witches. Driving through Lancaster County: every barn has a different pattern. Free roadside art experience.
Philadelphia Magic Gardens (Isaiah Zagar)	Pennsylvania	USA	Bizarre		Planning	https://www.phillymagicgardens.org	1020 South St, Philadelphia, PA 19147	39.94261	-75.15936		Mosaic fantasy wonderland: courtyard and tunnels covered with millions of shards. Isaiah Zagar worked on it for 14 years. Els: this is the most beautiful special place in Philadelphia.
Pine Creek Gorge (PA Grand Canyon)	Pennsylvania	USA	Nature		Planning	https://www.dcnr.pa.gov/StateParks/FindAPark/LeonardHarrisonStatePark	4423 State Route 660, Wellsboro, PA 16901	41.70001	-77.43884		800-foot deep canyon: 'Pennsylvania Grand Canyon'. E-bikes on the Pine Creek Rail Trail (27 km along the canyon). Free admission.
Presque Isle State Park (Lake Erie beach)	Pennsylvania	USA	Nature		Planning	https://www.dcnr.pa.gov/StateParks/FindAPark/PresqueIsleStatePark	301 Peninsula Dr, Erie, PA 16505	42.10981	-80.15420		Peninsula in Lake Erie: beachy, birdwatching, swimming. Erie Bluffs State Park nearby: spectacular Lake Erie cliffs. Free state park.
Priory Hotel (Pittsburgh)	Pennsylvania	USA	Hotel		Planning	https://www.thepriory.com	614 Pressley St, Pittsburgh, PA 15212	40.45229	-79.99812		Former Benedictine monastery converted into a boutique hotel. Gothic vaults, monastery courtyard, history everywhere. North Side Pittsburgh: walking distance from the Andy Warhol Museum.
Reading Terminal Market	Pennsylvania	USA	Restaurant		Planning	https://www.readingterminalmarket.org	51 N 12th St, Philadelphia, PA 19107	39.95342	-75.15904		Largest indoor market in the US in a historic train station. Amish bakers, seafood, Philly cheesesteaks, everything under one roof. Els: this is markets as they should be.
Ricketts Glen State Park (21 waterfalls)	Pennsylvania	USA	Nature		Planning	https://www.dcnr.pa.gov/StateParks/FindAPark/RickettsGlenStatePark	695 State Rte 487, Benton, PA 17814	41.33544	-76.30147		21 waterfalls on a single hiking trail: 11 km, most spectacular nature in PA. Old-growth hemlock forest — some trees 500 years old. Free state park.
Roadside America miniature village (closed 2020)	Pennsylvania	USA	Bizarre		Planning		109 Roadside Dr, Shartlesville, PA 19554	40.51271	-76.12132		300m² indoor miniature city built by one man over 60 years. Night show with auroras and a sunset every 30 min. One of the best roadside attractions in the US. Definitely do it.
Scenic Byway: Route 6 (northern PA)	Pennsylvania	USA	Scenic Route		Planning	https://www.visitpa.com/pa-wilds	US-6 from Meadville to Milford, PA	41.31754	-95.07616		Most beautiful driving route in northern Pennsylvania: forest, lakes, small towns. PA Wilds region: one of the largest uninhabited areas in the East. E-bikes along the quiet back roads.
Strasburg Railroad (oldest in US)	Pennsylvania	USA	Bizarre		Planning	https://www.strasburgrailroad.com	301 Gap Rd, Ronks, PA 17572	39.98278	-76.16259		Oldest still-operating steam train in the US (1832). Runs through Amish farmland — horse-drawn wagons cross the tracks. Combine with the Pennsylvania Railroad Museum next to the station.
Swingers: Club Risque (Philadelphia)	Pennsylvania	USA	Naturist		Planning		Philadelphia, PA 19103 (verifieer via SDC.com 2027)	39.95319	-75.17497		Philadelphia has an active lifestyle scene. Verify current location and events via SDC.com or Kasidie. Dress code required.
Swingers: Pittsburgh lifestyle scene	Pennsylvania	USA	Naturist		Planning		Pittsburgh, PA 15222 (verifieer via Kasidie 2027)	40.44753	-79.99340		Pittsburgh hosts private lifestyle events via Kasidie. No fixed clubs, but an active community. Verify before visiting via online platforms.
The Inn at Jim Thorpe	Pennsylvania	USA	Hotel		Planning	https://www.innjt.com	24 Broadway, Jim Thorpe, PA 18229	40.86373	-75.73874		Victorian hotel in the mountain town of Jim Thorpe. Views of the Lehigh Gorge from some rooms. Perfect base for hiking and cycling in the Poconos.
The Mercer Museum + Fonthill Castle	Pennsylvania	USA	Bizarre		Planning	https://www.mercermuseum.org	84 S Pine St, Doylestown, PA 18901	40.30806	-75.12717		Henry Mercer built three concrete castles with his own hands in 1916. Mercer Museum: tools from before industrialization — 50,000 objects hanging from the ceiling. Fonthill: his home — 44 rooms, no two alike, concrete with tiles.
Victory Brewing Company (Downingtown)	Pennsylvania	USA	Brewery/Distillery		Planning	https://www.victorybeer.com	420 Acorn Ln, Downingtown, PA 19335	40.00485	-75.69299		One of the best craft breweries in Pennsylvania: HopDevil, Golden Monkey. Restaurant and taproom in picturesque Downingtown. Day of Gettysburg + Victory Brewery = perfect Pennsylvania day.
Weyerbacher Brewing (Easton)	Pennsylvania	USA	Brewery/Distillery		Planning	https://www.weyerbacher.com	905 Line St, Easton, PA 18042	40.67359	-75.22577		Experimental brewery making Belgian-style ales in Pennsylvania. Tours and tastings on weekends. Els: Belgian beer in Pennsylvania — surreal but tasty.
World's Largest Shoe House (Hellam)	Pennsylvania	USA	Bizarre		Planning	https://www.atlasobscura.com/places/haines-shoe-house	197 Shoe House Rd, Hellam, PA 17406	39.99901	-76.63715		House built in the shape of a shoe: 6 rooms, 2 bathrooms, shoe-shaped garage. Built in 1948 by shoe salesman Mahlon Haines. Free exterior viewing. Privately occupied but visible from the road.
Yuengling Brewery (oldest US brewery)	Pennsylvania	USA	Brewery/Distillery		Planning	https://www.yuengling.com	5th & Mahantongo St, Pottsville, PA 17901	40.68294	-76.19784		Oldest brewery in the US: open since 1829 in the same buildings. Free tour of the historic brewery and free beer afterwards. Serge: this is historic beer drinking.
Zahav (Israeli fine dining Philadelphia)	Pennsylvania	USA	Restaurant		Planning	https://www.zahavrestaurant.com	237 Saint James Pl, Philadelphia, PA 19106	39.94626	-75.14532		James Beard Award: Best Chef and Best Restaurant for multiple years. Modern Israeli: hummus, salatim, whole-roasted lamb. Reserve weeks in advance. Absolutely worth it.
Anne of Green Gables Heritage Place	Prince Edward Island	Canada	Historic		Planning	https://www.pc.gc.ca/en/lhn-nhs/pe/greengables	8619 Cavendish Rd, Cavendish, PE C0A 1N0, Canada	46.49066	-63.38130		The house that inspired L.M. Montgomery for Anne of Green Gables (1908). National Parks Pass: free. Els: read the book aloud. Serge: I can't promise that.
Basin Head Fisheries Museum (singing sands)	Prince Edward Island	Canada	Bizarre		Planning	https://www.gov.pe.ca/placestovisit	Basin Head, PE C0A 1G0, Canada	46.27215	-62.56095		Beach with sand that 'sings' or 'squeaks' when you walk over it. Acoustic phenomenon caused by the silica grain size. Els: do we have to hear this? Serge: this is a special beach.
Cavendish Boardwalk & Amusement Parks	Prince Edward Island	Canada	Entertainment/sports		Planning	https://www.cavendishbeachpei.com	Cavendish, PE C0A 1N0, Canada	46.49126	-63.37867		Kitsch and colorful Cavendish with minigolf, go-karts, and entertainment. A totally different atmosphere from the quiet rest of PEI. Kiddie-kitsch Canadian style along the boardwalk.
Charlottetown (birthplace of Canada)	Prince Edward Island	Canada	Historic		Planning	https://www.charlottetown.ca	Charlottetown, PE C1A 4N8, Canada	46.25044	-63.13931		Canada's 'birthplace': Confederation in 1867 was discussed here. Province House: free to walk around. Small but charming center with Victorian architecture.
Confederation Bridge (longest in world over ice)	Prince Edward Island	Canada	Bizarre		Planning	https://www.confederationbridge.com	Trans-Canada Hwy, Borden-Carleton, PE C0B 1X0, Canada	46.25450	-63.66717		12.9 km long across the Northumberland Strait — longest bridge over a freezing sea in the world. Toll paid upon leaving PEI (free entry). Serge: F-150 on Canada's longest bridge = perfect photo.
East Point Lighthouse (PEI's eastern tip)	Prince Edward Island	Canada	Scenic Route		Planning	https://www.eastpointlighthouse.com	East Point, PE C0A 2B0, Canada	46.45000	-62.00000		Easternmost point of PEI: lighthouse on a cliff above churning water. Seals and seabirds from the rocks. Red and white lighthouse with 'walking tour' guided tour.
Green Gables Shore Scenic Drive	Prince Edward Island	Canada	Scenic Route		Planning	https://www.tourismpei.com/en/pei-drive-scenic-routes/green-gables-shore	Rte 6, North Rustico to Cavendish, PE	46.45828	-63.31319		Coastal route along red cliffs, green farmlands, and blue sea. The color palette is unique in North America. E-bikes perfect on the quiet coastal road.
Lucy Maud Montgomery Birthplace	Prince Edward Island	Canada	Historic		Planning	https://www.gov.pe.ca/placestovisit	6461 New London Rd, New London, PE C0B 1M0, Canada	46.41890	-63.36698		The birthplace of the author of Anne of Green Gables. Original Victorian farmhouse with personal belongings. A must for fans of the book; others: skip.
New Glasgow Lobster Suppers	Prince Edward Island	Canada	Restaurant		Planning	https://www.peilobstersuppers.com	604 Rte 258, New Glasgow, PE C0A 1N0, Canada	46.41098	-63.34910		PEI's legendary lobster supper tradition: whole lobster + soup + mussels + dessert. All-inclusive dining concept in a village hall — for 60 years. Els and Serge: this is the reason to go to PEI (along with the oysters).
North Cape Wind Energy Interpretive Centre	Prince Edward Island	Canada	Bizarre		Planning	https://www.northcape.ca	21817 Rte 12, North Cape, PE C0B 2B0, Canada	47.05738	-63.99593		Wind farm at the northernmost point of PEI. Land and sea meet: at low tide, you can walk on a sandbank connecting both beaches. Literally feel the Atlantic wind power.
PEI Brewing Company (Charlottetown)	Prince Edward Island	Canada	Brewery/Distillery		Planning	https://www.peibrewingcompany.com	54 Queen St, Charlottetown, PE C1A 4A7, Canada	46.23265	-63.12532		PEI's largest craft brewery in the heart of Charlottetown. Sir John A Amber: named after Canada's first PM, born here. Tours and tastings available.
PEI Potato Museum	Prince Edward Island	Canada	Bizarre		Planning	https://www.potatomuseum.com	1 Dewar Ln, O'Leary, PE C0B 1V0, Canada	46.70371	-64.23462		Museum dedicated to the potato — the product that defines PEI. Largest potato in the world (replica): 4 meters tall. Els: this is the most PEI thing in the world. Serge: a museum for French fries!
PEI Shellfish Festival (Charlottetown)	Prince Edward Island	Canada	Festival		Planning	https://www.peishellfish.com	Charlottetown, PE C1A 1H8, Canada	46.23824	-63.13107		October: oyster tasting, lobster crack competitions, mussels as far as the eye can see. PEI produces 40% of all Canadian oysters. Els and Serge: this is the culinary reason to go to PEI.
Red Sand Beaches (PEI National Park)	Prince Edward Island	Canada	Nature		Planning	https://www.pc.gc.ca/en/pn-np/pe/pei-ipe	2 Palmers Ln, Charlottetown, PE C1A 5V6, Canada	46.36288	-62.86232		Iron-rich red sand makes PEI's beaches uniquely reddish-brown-pink. National Parks Pass: almost free. Cavendish Beach: longest and most beautiful.
Rossignol Estate Winery	Prince Edward Island	Canada	Brewery/Distillery		Planning	https://www.rossignolestatewinery.com	11147 Shore Rd, Little Sands, PE C0A 1W0, Canada	45.96669	-62.63245		PEI's best winery on the Northumberland Shore. Fruit wines and mead made from local fruit. Els: wine tasting with a sea view. Check.
Swingers/Naturist PEI	Prince Edward Island	Canada	Naturist		Planning		Charlottetown, PE (geen clubs — verifieer SDC.com)	46.23824	-63.13107		PEI is too small and conservative for lifestyle clubs. Private contacts possible via SDC.com. Island community: everyone knows everyone — discretion is key.
The Dunes Studio Gallery (Brackley Beach)	Prince Edward Island	Canada	Bizarre		Planning	https://www.dunesgallery.com	3622 Brackley Point Rd, Brackley Beach, PE C1E 2T2, Canada	46.41228	-63.19783		Gallery featuring ceramics, sculpture, and paintings by PEI artists. Garden filled with large ceramic sculptures. Free to look around, purchase optional.
The Great George Hotel (Charlottetown)	Prince Edward Island	Canada	Hotel		Planning	https://www.thegreatgeorge.com	58 Great George St, Charlottetown, PE C1A 4K3, Canada	46.23409	-63.12441		Boutique hotel in historic Confederation-era buildings in the city center. Multiple buildings connected by a courtyard. Walking distance to everything in Charlottestown.
The Inn at St. Peters (shore resort)	Prince Edward Island	Canada	Hotel		Planning	https://www.innatstpeters.com	1 Resort Ln, St. Peters Bay, PE C0A 2A0, Canada	46.41781	-62.58196		Coastal resort on St. Peters Bay: rustic cottages with waterfront views. Restaurant with fresh PEI oysters and lobster. Perfect starting point for the Points East Coastal Drive.
Victoria-by-the-Sea (tiny arts village)	Prince Edward Island	Canada	Bizarre		Planning	https://www.victoriabythesea.ca	Victoria, PE C0A 2G0, Canada	46.21504	-63.49034		Canada's smallest active theater village: 100 inhabitants, own playhouse. Chocolate shop, art galleries, and summer theater. Victoria Theatre: small-scale but charming.
Au Pied de Cochon (Martin Picard)	Quebec	Canada	Restaurant		Planning	https://www.aupieddecochon.ca	536 Rue Duluth E, Montreal, QC H2L 1A9, Canada	45.52216	-73.57435		Canada's most extravagant restaurant: foie gras on everything, poutine with foie gras, duck-in-a-can. Martin Picard = the Heston Blumenthal of Quebec. Reservation weeks in advance. Serge: this is the only restaurant on the entire list that I absolutely want.
Auberge du Vieux-Port (Montreal)	Quebec	Canada	Hotel		Planning	https://www.aubergeduvieuxport.com	97 Rue de la Commune E, Montreal, QC H2Y 1J1, Canada	45.50639	-73.55290		Waterfront hotel with a view of the St. Lawrence River and Old Montreal. Converted historic warehouse, balcony overlooking the harbor. Perfect for an evening stroll through Old Montreal.
Auberge Saint-Antoine (Quebec City)	Quebec	Canada	Hotel		Planning	https://www.saint-antoine.com	8 Rue Saint-Antoine, Quebec City, QC G1K 4C9, Canada	46.81439	-71.20221		Boutique hotel in the heart of Old Quebec built around archaeological finds. Artifacts from the 18th century visible in the hallways and rooms. Els: this is the best hotel in Quebec City.
Biodiversarium (insectenrestaurant)	Quebec	Canada	Bizarre		Planning		Montréal area, QC (verifieer 2027)	45.55525	-73.57483		Restaurant that serves insect snacks: cricket brownies, mealworm tacos. Montreal has several eateries that use insects as an ingredient. Serge: we are going to do this. Els: we are going to discuss this.
Biodôme de Montréal	Quebec	Canada	Nature		Planning	https://www.espacepourlavie.ca/en/biodome	4777 Ave Pierre-De Coubertin, Montreal, QC H1V 1B3, Canada	45.55968	-73.54967		Four ecosystems under one roof: tropical rainforest, Laurentian forest, Gulf of St. Lawrence, Sub-Arctic. Penguins, lynxes, and tropical birds — all free-roaming. Els: this is a small but spectacular concept.
Cabane à sucre (sugar shack season)	Quebec	Canada	Bizarre		Planning	https://www.sucrerie.com	2350 Rang de la Montagne, Saint-Benoît-de-Mirabel, QC J7N 2R9, Canada	45.57049	-74.09974		Maple syrup harvest in March-April: eating straight from the tree, taffy on snow. Traditional Québécois feast: soupe aux pois, tourtière, maple pie. Els and Serge: this is a unique seasonal experience. Timing checked!
Château Frontenac (iconic hotel)	Quebec	Canada	Hotel		Planning	https://www.fairmont.com/frontenac-quebec	1 Rue des Carrieres, Quebec City, QC G1R 4P5, Canada	46.81202	-71.20521		Most photographed hotel in the world: castle on top of a cliff. Over budget, but the bar and terrace are for everyone. Els: one cocktail on the terrace is mandatory — photo for @travellers1969.
Circuit Gilles Villeneuve (F1 track)	Quebec	Canada	Entertainment/sports		Planning	https://www.circuitgillesvilleneuve.ca	Île Notre-Dame, Montreal, QC H3E 1A2, Canada	45.46887	-73.54601		Formula 1 circuit on an island in the St. Lawrence — free riding/cycling outside of race weekends. Serge: riding an F1 circuit on an e-bike. Montreal Grand Prix: June — check timing with route!
Cirque du Soleil (headquarters Montréal)	Quebec	Canada	Entertainment/sports		Planning	https://www.cirquedusoleil.com	8400 2e Ave, Montreal, QC H1Z 4M6, Canada	45.56132	-73.61553		Cirque du Soleil was born in Montreal and has its world headquarters here. If a show is playing during your visit: definitely go. Check the show calendar for July 2027.
Grosse Île (Irish quarantine island)	Quebec	Canada	Bizarre		Planning	https://www.pc.gc.ca/en/lhn-nhs/qc/grosseile	Grosse Île, QC G0R 1G0, Canada	46.63072	-70.54167		Island where Irish famine refugees were quarantined (1847). 5,000 Irish died here and are buried in mass graves. National Parks Pass + boat from Berthier-sur-Mer.
Habitat 67 (Moshe Safdie architecture)	Quebec	Canada	Bizarre		Planning	https://www.habitat67.com	2600 Ave Pierre-Dupuy, Montreal, QC H3C 3R6, Canada	45.49991	-73.54370		354 prefabricated concrete cube houses stacked like Lego: residential building from the 1967 Expo. Looks like a disaster but works perfectly as a residential complex. View exterior for free. Privately occupied.
Hotel Gault (Montreal)	Quebec	Canada	Hotel		Planning	https://www.hotelgault.com	449 Rue Sainte-Hélène, Montreal, QC H2Y 2K9, Canada	45.50148	-73.55832		Minimalist design hotel in an 1871 cast-iron warehouse in Old Montreal. Large loft-style rooms with concrete walls. Els: design-minded stay in the most beautiful part of Montreal.
Ice Hotel (Hôtel de Glace)	Quebec	Canada	Bizarre		Planning	https://www.valcartier.com/en/accommodations/ice-hotel	1860 Boul Valcartier, Saint-Gabriel-de-Valcartier, QC G0A 4S0, Canada	46.94339	-71.47755		Complete ice hotel: walls, bed, glass — everything ice and snow. Rebuilt every year with a different theme, every room unique. January-March: off your route BUT too spectacular not to mention.
Jean-Talon Market (Montreal)	Quebec	Canada	Restaurant		Planning	https://www.marchespublics-mtl.com/jean-talon	7070 Ave Henri-Julien, Montreal, QC H2S 3S3, Canada	45.53597	-73.61382		Canada's largest and oldest market: Quebec cheese, maple syrup, foie gras, local vegetables. Quebec culinary culture summarized in one place. Els and Serge: at least 2 hours here minimum.
Laurentian Mountains Scenic Drive	Quebec	Canada	Scenic Route		Planning	https://www.laurentides.com	Route 117, Saint-Jovite to Mont-Laurier, QC	46.90992	-76.42226		Autumn (Sept-Oct): this route is completely gold, orange, and red. Villages like Saint-Sauveur and Sainte-Adèle along the route. One of the most beautiful autumn routes in Canada.
Mont Tremblant ⛷️ Ikon	Quebec	Canada	Ski Resort		Planning	https://www.tremblant.ca	1000 Chemin des Voyageurs, Mont-Tremblant, QC J8E 1T1	46.20981	-74.58531		Ikon Pass: Unlimited (check current pass for the 27-28 season). MOST picturesque ski resort in Eastern Canada! Pedestrian-only village has an old-European Québécois character - feels like a mini-Mont Blanc. 96 trails on 2 mountain sides. Els: South Side is softer and better for beginners. 2 hours from Montreal. Après-ski scene is cozy and completely French - bienvenue! Serge: North Side for more of a challenge.
Montmorency Falls (hoger dan Niagara)	Quebec	Canada	Nature		Planning	https://www.sepaq.com/pq/mon	2490 Av. Royale, Quebec City, QC G1C 1S1, Canada	46.88821	-71.15020		83 meters high — higher than Niagara but narrower. Suspension bridge at the top of the drop: view of the St. Lawrence and Quebec City. Winter: a 30-meter icicle forms at the base.
Montreal Underground City (RÉSO)	Quebec	Canada	Bizarre		Planning	https://www.montrealsouterrain.com	Place Ville-Marie, Montreal, QC H3B 2B5, Canada	45.50178	-73.56771		33 km underground network of shops, restaurants, and metro — no coat needed in winter. Largest underground complex in the world. Els: shopping without the cold. Serge: getting lost here is a sport.
Mount Royal Park (Olmsted)	Quebec	Canada	Nature		Planning	https://www.lemontroyal.qc.ca	1260 Remembrance Rd, Montreal, QC H3H 1A2, Canada	45.50157	-73.59322		Frederick Law Olmsted (Central Park NYC) designed this park.  View of Montreal from the Kondiaronk Belvedere.  E-bikes on the trails: free and spectacular.
Musée de l'Amérique Francophone (Quebec City)	Quebec	Canada	Museum		Planning	https://www.mcq.org	2 Côte de la Fabrique, Quebec City, QC G1R 3V6, Canada	46.81418	-71.20650		Canada's oldest museum (1806): French-Canadian cultural history. Natural history collection and religious artworks from the New France period. Pairs well with the Old Quebec walking tour.
Naturist: Domaine de la Louisiane (AANR)	Quebec	Canada	Naturist		Planning	https://www.domainedelalouisiane.com	565 Rang de la Louisiane, Saint-Cuthbert, QC J0K 2C0, Canada	46.17919	-73.24359		AANR naturist resort in the Lanaudière region north of Montreal. Swimming pool, sports, camping. French-Canadian naturist atmosphere: warm and social.
Naturist: Domaine Soleil Levant	Quebec	Canada	Naturist		Planning	https://www.dslsoleil.com	1800 Rang Saint-Jacques, Saint-Jean-de-Matha, QC J0K 2S0, Canada	46.19559	-73.62724		Naturist domain in the Laurentian Highlands. Lakeside setting with various facilities. Close to Mont-Tremblant: easy to combine.
Notre-Dame Basilica Montreal (lightshow)	Quebec	Canada	Historic		Planning	https://www.basiliquenotredame.ca	110 Rue Notre-Dame O, Montreal, QC H2Y 1T2, Canada	45.50469	-73.55614		Most impressive church in North America: blue-gold interior with a 10,000-pipe organ. AZIMUT light show in the evening: spectacular multimedia event. Celine Dion got married here. That aside.
Observation Tower du Lac Mégantic (dark sky)	Quebec	Canada	Nature		Planning		Lac-Mégantic, QC G6B 2Y7, Canada	45.57434	-70.87079		Dark sky reserve in the Eastern Townships. Milky Way visible to the naked eye outside the city. Tragic region (2013 train disaster) but also beautiful nature.
Old Quebec City (UNESCO Walled City)	Quebec	Canada	Historic		Planning	https://www.quebec-cite.com	Old Quebec, Quebec City, QC G1R 4P3, Canada	46.81093	-71.21482		Only walled city in North America north of Mexico. Chateau Frontenac dominates the skyline: Canada's largest photogenic building. Free walking, streets full of terraces and galleries.
Parc de la Chute-Montmorency	Quebec	Canada	Nature		Planning	https://www.sepaq.com/pq/mon	2490 Av Royale, Boischatel, QC G0A 1H0, Canada	46.88821	-71.15020		Cable car up or stairs down along the waterfall. In winter: ice climbing on the frozen waterfall. Zip line over the waterfall available in summer.
Parc Omega (wildlife drive-through)	Quebec	Canada	Nature		Planning	https://www.parc-omega.com	399 Route 323, Montebello, QC J0V 1L0, Canada	45.69004	-74.96174		Car safari through Canadian wildlife: wolves, bears, moose, and deer come to the windows. Bringing carrots and baby carrots for the animals. Els: This is the best idea for the F-150. Window down, moose eats from hand.
Plains of Abraham (Battlefields Park)	Quebec	Canada	Historic		Planning	https://www.ccbn-nbc.gc.ca	835 Ave Wilfrid-Laurier, Quebec City, QC G1S 3C2, Canada	46.80699	-71.21284		Where the battle was fought that made Canada French or English (1759). Both generals (Wolfe AND Montcalm) died in the battle. Free park visit — museum separate.
Plateau-Mont-Royal (neighbourhood walk)	Quebec	Canada	Bizarre		Planning	https://www.mtl.org	Plateau-Mont-Royal, Montreal, QC H2J 1T6, Canada	45.52644	-73.58330		Bohemian neighborhood with colorful wooden staircases (outdoor stairs) as an architectural feature. Street art, terraces, Marché Jean-Talon. Montreal's nicest neighborhood to just walk around.
Pointe-à-Callière Museum (buried city)	Quebec	Canada	Museum		Planning	https://www.pacmuseum.qc.ca	350 Place Royale, Montreal, QC H2Y 3Y5, Canada	45.50327	-73.55427		Museum built above the archaeological remains of the first Montreal (1642). You literally walk through layers of history. Serge: underground city and museum = perfect.
Poutine (La Banquise, Montreal)	Quebec	Canada	Restaurant		Planning	https://www.labanquise.com	994 Rue Rachel E, Montreal, QC H2J 2J2, Canada	45.52532	-73.57481		24/7 poutine restaurant with 30 variations: from classic to foie gras. Invented in Quebec in the 1950s — fries + cheese and grains + brown sauce. Els: these are Belgian fries with a Quebec twist. Judge after tasting.
Route des Vins (Eastern Townships)	Quebec	Canada	Scenic Route		Planning	https://routedesvins.ca	Route 202, Dunham, QC J0E 1M0, Canada	45.14210	-72.79993		Wine Route through the Eastern Townships: more than 20 wineries. Rolling hills, French charm, direct wine sales. Els: this is the best day in Quebec for me.
Saguenay Fjord National Park	Quebec	Canada	Nature		Planning	https://www.sepaq.com/pq/sag	Route 170, Rivière-Éternité, QC G0V 1P0, Canada	48.25080	-70.40899		300-meter-deep fjord with vertical cliffs: spectacular kayaking. Statue of Notre-Dame du Saguenay on a 180m high cliff. National Parks Pass (Quebec version) available.
Schwartz's Deli (Montreal smoked meat)	Quebec	Canada	Restaurant		Planning	https://www.schwartzsdeli.com	3895 Blvd Saint-Laurent, Montreal, QC H2W 1X9, Canada	45.51634	-73.57755		Legendary Montreal smoked meat deli: open since 1928. The line is always on the street — every day. Smoked meat sandwich: it is not pastrami, it is not corned beef, it is Montreal.
St-Viateur Bagel Shop (Montreal)	Quebec	Canada	Restaurant		Planning	https://www.stviateurbagel.com	263 Rue Saint-Viateur O, Montreal, QC H2V 1Y1, Canada	45.52270	-73.60203		24/7 open wood-fired bagel bakery in the Mile End neighborhood. Montreal bagel vs New York bagel: this is the better one. Fresh from the oven, sesame or poppy, with lox and schmear.
Swingers: Club 281 (Montréal)	Quebec	Canada	Naturist		Planning		281 Rue Sainte-Catherine E, Montreal, QC H2X 1L8, Canada	45.51270	-73.56158		Iconic LGBTQ+ inclusive strip and lifestyle bar in Montreal. Montreal has the most open and diverse nightlife scene in Canada. Verify current formula via website or SDC.com.
Swingers: Taboo Nantes (Montréal lifestyle)	Quebec	Canada	Naturist		Planning		Montreal, QC H2L 2K2 (verifieer via Kasidie 2027)	45.52220	-73.56415		Montreal has several lifestyle clubs — open and well-organized. French-speaking culture = more open and less taboo than Anglophone Canada. Verify address and calendar via Kasidie.
Tadoussac (whale watching)	Quebec	Canada	Nature		Planning	https://www.tadoussac.com	Tadoussac, QC G0T 2A0, Canada	48.16903	-69.69545		Best whale watching location in Canada: Belugas year-round, Blue whales in summer. Saguenay Fjord flows into the St. Lawrence here. Boat tour: June-September is the best season.
Tremblant (ski resort + village)	Quebec	Canada	Entertainment/sports		Planning	https://www.tremblant.ca	3005 Chemin de la Chapelle, Mont-Tremblant, QC J8E 1E1, Canada	46.21624	-74.58422		Most visited ski resort in eastern Canada — but summer is beautiful too. Pedestrian village with colorful Québécois architecture. Hiking trails and e-bike trails in the Laurentian Mountains.
Val-Jalbert Ghost Town (Quebec)	Quebec	Canada	Ghost Town		Planning	https://www.valjalbert.com	95 Rue Saint-Georges, Chambord, QC G0W 1G0, Canada	48.43785	-72.16653		Completely abandoned pulp mill town from 1926: factory buildings, houses, school — everything intact. Gondola over the 72-meter Ouiatchouan waterfall. One of Canada's best-preserved ghost towns.
Village Québécois d'Antan (living history)	Quebec	Canada	Historic		Planning	https://www.villagequebecois.com	1425 Montplaisir Blvd, Drummondville, QC J2C 7H5, Canada	45.89472	-72.48717		Open-air museum with 70 historic buildings and actors in 19th-century attire. Brewery, blacksmith, pharmacist — everything working. Drummondville: eccentric folk festival on Saturday evening.
Benefit Street (Mile of History)	Rhode Island	USA	Historic		Planning	https://www.providenceri.com	Benefit St, Providence, RI 02903	41.82516	-71.40618		The most densely built street with 18th- and 19th-century architecture in the US. Colonial, Federal, and Victorian homes on one street. Free walking. H.P. Lovecraft, Edgar Allan Poe, and Roger Williams all connected.
Big Blue Bug (Nibbles Woodaway)	Rhode Island	USA	Bizarre		Planning		2235 S County Trail, East Greenwich, RI 02818	41.63150	-71.49340		Giant blue termite (9 meters long) on ​​the roof of a pest control company. A landmark along I-95 for 40 years. Free photo from the car. Serge: already visible from the highway.
Block Island (day trip or overnight)	Rhode Island	USA	Nature		Planning	https://www.blockislandinfo.com	Block Island, RI 02807	41.16166	-71.58426		Island 20 km off the coast, accessible by ferry. Mohegan Bluffs: 60-meter cliff above the ocean. Five of the twelve best beaches in the US are located here — no cars on the island.
Charlestown Breachway (barrier beach)	Rhode Island	USA	Nature		Planning		Charlestown, RI 02813	41.39095	-71.67920		Long barrier beach between lagoon and ocean. Fishing, surfcasting, and camping directly on the beach. Campsite on top of the beach itself: rare in the US.
Conanicut Island (Jamestown)	Rhode Island	USA	Nature		Planning	https://www.jamestownri.com	Jamestown, RI 02835	41.55644	-71.36462		Island in the middle of Narragansett Bay accessible via bridge. Fort Wetherill State Park: granite rock cliffs for diving and kayaking. Quiet alternative to busy Newport.
Fort Adams State Park	Rhode Island	USA	Historic		Planning	https://www.fortadams.org	80 Fort Adams Dr, Newport, RI 02840	41.47181	-71.34236		Largest coastal fort in the US: construction began in 1824 and took 33 years. Boat tour from the harbor offers the best view. National Parks Pass: free access to the park area.
H.P. Lovecraft walking tour (Providence)	Rhode Island	USA	Bizarre		Planning	https://www.providenceri.com/attraction/lovecraft	Providence, RI 02906	41.83968	-71.38838		H.P. Lovecraft was born in Providence — the city that inspired his eerie universe. Self-guided or guided tour of places from his life and stories. Fans of cosmic horror: this is a pilgrimage.
Haven Brothers Diner (mobile diner)	Rhode Island	USA	Bizarre		Planning		Kennedy Plaza, Providence, RI 02903	41.82503	-71.41109		Diner on a trailer that parks next to City Hall every night at 5 am. In exactly the same spot for over 130 years — but it is a trailer. Burgers, hot dogs, milkshakes. Open until 3 am.
Hemenway's (Providence seafood)	Rhode Island	USA	Restaurant		Planning	https://www.hemenwaysrestaurant.com	One Providence Washington Plaza, Providence, RI 02903	41.82415	-71.41662		Providence's best seafood restaurant: clam chowder, lobster, swordfish. Waterfront location overlooking the bay. Reservations recommended for the weekend.
Hotel Viking (Newport)	Rhode Island	USA	Hotel		Planning	https://www.hotelviking.com	1 Bellevue Ave, Newport, RI 02840	41.48756	-71.31026		Historic 1926 hotel at the beginning of the Bellevue Avenue mansion strip. Walking distance from all Newport mansions and Cliff Walk. Over budget, but the location is unbeatable.
International Tennis Hall of Fame	Rhode Island	USA	Museum		Planning	https://www.tennisfame.com	194 Bellevue Ave, Newport, RI 02840	41.48328	-71.30826		In the Newport Casino (1880) — the first tennis club in the US. Interactive exhibition on the history of tennis. Not for everyone, but the building is beautiful even without an interest in tennis.
Museum of Natural History (Roger Williams Park)	Rhode Island	USA	Museum		Planning	https://www.providenceri.gov/museum	1000 Elmwood Ave, Providence, RI 02907	41.78683	-71.41321		Free museum in beautiful Roger Williams Park. Natural history of Rhode Island + planetarium. Good for a rainy day in Providence.
Narragansett Bay whale watching	Rhode Island	USA	Nature		Planning	https://www.7seas-whalewatch.com	State Pier, Point Judith, RI 02882	41.37308	-71.48562		Whale watching tours from Galilee/Point Judith to the open Atlantic Ocean. Humpbacks, finbacks, and straight whales in the summer. Els: whales are always worth it.
Naturist: geen AANR resort RI	Rhode Island	USA	Naturist		Planning		Dichtstbijzijnde: Cape Cod MA of Connecticut	41.60322	-73.08775		Rhode Island has no official AANR naturist resort. Closest options: Sandy Terraces (CT) or Cape Cod (MA). An informal nude beach exists on Block Island.
Newport Cliff Walk (3 mile ocean path)	Rhode Island	USA	Scenic Route		Planning	https://www.cliffwalk.com	Memorial Blvd, Newport, RI 02840	41.48582	-71.29685		5 km path along ocean cliffs with views of the Vanderbilt mansions. Free, spectacular, photogenic at every point. Els: this is the most beautiful walk on the East Coast.
Newport Folk Festival	Rhode Island	USA	Festival		Planning	https://www.newportfolk.org	Fort Adams State Park, Newport, RI 02840	41.47909	-71.33582		Legendary music festival: Bob Dylan plugged in his electric guitar here in 1965. July weekend: folk, roots, americana. Check the 2027 lineup — it can always be spectacular.
Newport Mansions Night Tours (ghost tours)	Rhode Island	USA	Bizarre		Planning	https://www.ghostsofnewport.com	Thames St, Newport, RI 02840	41.48336	-71.31462		Ghost tours along the dark sides of Newport's rich history. Stories of death, shady deals, and ghosts in the Gilded Age villas. Els: maybe. Serge: definitely.
Olneyville New York System (wieners)	Rhode Island	USA	Restaurant		Planning	https://www.nysystemswieners.com	18 Plainfield St, Providence, RI 02909	41.81645	-71.44404		Rhode Island-style hot dogs: small sausages with special 'hot wiener' sauce, celery salt, and mustard. Providence Institute for over 80 years. Serge: this is Americana at its most enigmatic.
Pastiche Fine Desserts (Providence)	Rhode Island	USA	Restaurant		Planning	https://www.pastichefinedesserts.com	92 Spruce St, Providence, RI 02903	41.82415	-71.42656		European-style patisserie in Federal Hill (Providence's Italian neighborhood). Tarts, eclairs, croissants — everything perfectly handmade. Els: this is the level we consider normal in Belgium.
Providence Arcade (oldest US indoor mall)	Rhode Island	USA	Bizarre		Planning	https://www.arcadeprovidence.com	65 Weybosset St, Providence, RI 02903	41.82395	-71.41048		Oldest covered shopping arcade in the US: built in 1828. Now converted into micro-apartments upstairs, shops and eateries downstairs. Greek temple facade in downtown Providence.
RISD Museum (Rhode Island School of Design)	Rhode Island	USA	Museum		Planning	https://risdmuseum.org	20 N Main St, Providence, RI 02903	41.82620	-71.40780		Art museum of the world's most famous design school. Collection of 100,000 works: from Japanese ceramics to modern paintings. Els: unexpectedly impressive for a university museum.
Slater Mill (Industrial Revolution birthplace)	Rhode Island	USA	Historic		Planning	https://www.slatermill.org	67 Roosevelt Ave, Pawtucket, RI 02860	41.87755	-71.38289		First successful textile factory in the US: 1793, start of the Industrial Revolution in America. Working machines, historical guides. Samuel Slater smuggled the factory blueprints from England into his head.
Swingers: Rhode Island lifestyle scene	Rhode Island	USA	Naturist		Planning		Providence, RI 02903 (verifieer via SDC.com 2027)	41.81674	-71.40916		Providence has a small but active lifestyle community. No fixed clubs — private events via SDC.com or Kasidie. Boston (1-hour drive) has more options.
The Athenaeum (Providence library)	Rhode Island	USA	Historic		Planning	https://www.providenceathenaeum.org	251 Benefit St, Providence, RI 02903	41.82583	-71.40633		One of the oldest library buildings in the US (1836). Edgar Allan Poe read aloud from his work here and flirted with a local woman. Free admission — the historic atmosphere is palpable.
The Breakers (Vanderbilt mansion)	Rhode Island	USA	Historic		Planning	https://www.newportmansions.org/explore/the-breakers	44 Ochre Point Ave, Newport, RI 02840	41.46972	-71.29854		70-room 'summer cottage' by Cornelius Vanderbilt II, built in 1895. Renaissance palace by the ocean: gold, marble, frescoes everywhere. Els: incredibly overdone. Serge: how dare they call it a cottage.
The Breakers + The Elms + Marble House combo	Rhode Island	USA	Historic		Planning	https://www.newportmansions.org	Newport, RI 02840	41.47120	-71.31712		Mansion combo ticket: 3 Gilded Age villas in one day. Each villa competes with the previous one in excess. Serge: this is capitalism as art. Els: guilty pleasure.
The Dean Hotel (Providence)	Rhode Island	USA	Hotel		Planning	https://www.thedeanhotel.com	122 Fountain St, Providence, RI 02903	41.82325	-71.41595		Hippest hotel in Providence: rock 'n roll aesthetic, Boombox bar, tattoo parlor in the lobby. Neighborhood full of restaurants and bars. Els: this is cool without being over the top.
The Francis (Newport B&B)	Rhode Island	USA	Hotel		Planning	https://www.thefrancisbnb.com	19 Kay St, Newport, RI 02840	41.48906	-71.30860		B&B in a Victorian townhouse 5 min from the mansions. Full breakfast included, friendly owners. Best value for money in Newport.
Touro Synagogue (oldest in US)	Rhode Island	USA	Historic		Planning	https://www.tourosynagogue.org	85 Touro St, Newport, RI 02840	41.48913	-71.31214		Oldest synagogue in the US (1763): George Washington wrote his famous letter on religious freedom there. National Historic Site + National Parks Pass. Small but historically incredibly important.
WaterFire Providence (fire art event)	Rhode Island	USA	Bizarre		Planning	https://www.waterfire.org	Waterplace Park, Providence, RI 02903	41.82745	-71.41394		100 fire basins on three rivers illuminate the night: free outdoor art installation. Summer and autumn on irregular evenings. Accompanied by ambient music and gondolas. Check the schedule for 2027!
Waterman Grille (Providence)	Rhode Island	USA	Restaurant		Planning	https://www.watermangrille.com	4 Richmond Square, Providence, RI 02906	41.82712	-71.38105		Steak and seafood restaurant on the banks of the Providence River. Live jazz every night. Elegant yet affordable for the quality.
Batoche National Historic Site	Saskatchewan	Canada	Historic		Planning	https://www.pc.gc.ca/en/lhn-nhs/sk/batoche	Batoche, SK S0K 0K0, Canada	52.75403	-106.11049		Battlefield of the Northwest Rebellion of 1885: Louis Riel's Métis were defeated here. National Parks Pass: free. Bulletin holes in the church are still visible.
Big Muddy Badlands (outlaw territory)	Saskatchewan	Canada	Bizarre		Planning	https://www.bigskytrail.com/big-muddy	Big Muddy Valley, SK S0H 2B0, Canada	49.04982	-104.85093		Vast badlands where Butch Cassidy and the Sundance Kid hid. Nestor the outlaw's cave is still present. This valley has no road — 4x4 required. F-150: perfect.
Cannington Manor (eccentric British colony)	Saskatchewan	Canada	Bizarre		Planning	https://www.tourismsaskatchewan.com	Cannington Manor Provincial Heritage Park, Manor, SK S0C 1R0, Canada	49.60488	-102.08377		British aristocrats attempted to establish an English landlord colony on the prairie here in 1882. Cricket, afternoon tea, foxhunting — on the Saskatchewan plains. The colony disappeared after 20 years, but the buildings still stand. Free.
Crooked Bush (leaning aspen grove)	Saskatchewan	Canada	Bizarre		Planning	https://www.atlasobscura.com/places/the-crooked-bush	Hafford, SK S0J 1A0, Canada	52.72650	-107.35315		Grove of white poplars that ALL grow crooked and twisted — a genetic mutation. Nobody knows why. Scientists investigated it without a conclusion. Free, in the middle of a field. Serge: this is Silent Hill, but with trees.
Cypress Hills Massacre Site (1873)	Saskatchewan	Canada	Historic		Planning	https://www.pc.gc.ca/en/lhn-nhs/sk/cypresshills	Cypress Hills, SK S0C 2B0, Canada	52.93992	-106.45086		Site where 20 Assiniboine were killed by American wolf catchers — the incident led to the establishment of the RCMP. National Parks Pass: free. Historic watershed moment for Canada.
Delta Hotels Regina	Saskatchewan	Canada	Hotel		Planning	https://www.marriott.com/hotels/travel/yqrdr-delta-hotels-regina	1919 Saskatchewan Dr, Regina, SK S4P 4H2, Canada	50.45176	-104.60831		Solid central hotel in Regina — nothing special but reliable. Walking distance from RCMP Heritage Centre and Wascana Park. Parking for F-150 is not a problem.
Diefenbaker Canada Centre (Prime Minister)	Saskatchewan	Canada	Museum		Planning	https://www.usask.ca/diefenbaker	101 Diefenbaker Pl, Saskatoon, SK S7N 5B8, Canada	52.13391	-106.64006		Museum about Canada's 13th Prime Minister John Diefenbaker, born in SK. Free admission. Bunker-style building on the University of Saskatchewan campus.
Elk Ridge Resort (Prince Albert NP area)	Saskatchewan	Canada	Hotel		Planning	https://www.elkridgeresort.com	Waskesiu Lake, SK S0J 2Y0, Canada	53.94360	-106.17966		Lakeside lodge next to Prince Albert National Park. Kayaking, hiking, and wildlife viewing included. Els: This is the perfect nature retreat.
Grasslands National Park (prairie dogs)	Saskatchewan	Canada	Nature		Planning	https://www.pc.gc.ca/en/pn-np/sk/grasslands	Val Marie, SK S0N 2T0, Canada	49.24636	-107.72880		Last pristine mixed-grass prairie in North America. National Parks Pass: free. Prairie dog towns, black-footed ferrets (nearly extinct), and bison. Dark sky preserve: Milky Way here is incredible.
Hearth Restaurant (Regina)	Saskatchewan	Canada	Restaurant		Planning	https://www.hearthregina.com	1876 Hamilton St, Regina, SK S4P 2C1, Canada	50.44898	-104.60978		Wood-fired everything in a cozy Regina restaurant. Saskatchewan grains, bison, wild-caught fish. Best dinner in Regina after the RCMP museum visit.
Inglis Grain Elevators NHS	Saskatchewan	Canada	Bizarre		Planning	https://www.pc.gc.ca/en/lhn-nhs/mb/inglis	Inglis, MB — border SK (net over de grens)	50.94507	-101.25146		Five wooden grain elevators in perfect condition: the icon of the prairie. National Parks Pass: free. The most Saskatchewan thing in the world: grain, prairie, wooden tower.
Last Mountain Lake Bird Observatory	Saskatchewan	Canada	Nature		Planning	https://www.bsc-eoc.org/lastmountain	Last Mountain Lake, SK S0G 2H0, Canada	50.89341	-105.40674		Oldest protected wildlife area in North America (1887). Millions of geese and cranes stop here on migration — Sept/October. Free bird watching.
Mac the Moose (world record moose statue)	Saskatchewan	Canada	Bizarre		Planning		On the Trans-Canada Hwy, Moose Jaw, SK S6H 4P4, Canada	50.41942	-105.51766		9.8-meter-high moose sculpture along the Trans-Canada Highway. Largest moose sculpture in the world (disputed by Stor-Elvdal in Norway). Free. Photo required. Serge: bigger is better.
Moose Jaw (weird name + weird city)	Saskatchewan	Canada	Bizarre		Planning	https://www.tourismmj.com	Moose Jaw, SK S6H 4P1, Canada	50.36873	-105.50732		City with one of the weirdest names in Canada — no one knows the exact origin. Tunnels + Mac the Moose (biggest moose statue in the world) + Wakamow Valley. Serge: a city named Moose Jaw MUST be on the list.
Naturist: geen AANR resort SK	Saskatchewan	Canada	Naturist		Planning		Dichtstbijzijnde: Alberta of Manitoba	53.76086	-98.81388		Saskatchewan has no official AANR naturist resort. Closest options are in Alberta or Manitoba. Private skinny dipping at Last Mountain Lake is popular.
Northern Lights viewing (Prince Albert NP)	Saskatchewan	Canada	Bizarre		Planning	https://www.pc.gc.ca/en/pn-np/sk/princealbert	Waskesiu Lake, SK S0J 2Y0, Canada	53.94360	-106.17966		Dark Sky Preserve: Good aurora chances already in September-October. National Parks Pass: free. Combine with camping in the park.
Odd Couple Restaurant (Saskatoon)	Saskatchewan	Canada	Restaurant		Planning	https://www.oddcouplerestaurant.com	118 2nd Ave N, Saskatoon, SK S7K 2B7, Canada	52.12905	-106.66333		Asian-Canadian fusion in downtown Saskatoon. Saskatoon berry cheesecake: the province's must-try dessert. Els: the Saskatoon berry is like a blueberry, but better.
Potash Mine Tour (Mosaic)	Saskatchewan	Canada	Bizarre		Planning	https://www.mosaicco.com	Esterhazy, SK S0A 0X0, Canada	50.65685	-102.07578		Saskatchewan produces 30% of the world's potassium salt: underground mine visit. Indoor mine shaft at a depth of 1 km — as big as a city. Serge: industrial underground adventure.
Radisson Saskatoon	Saskatchewan	Canada	Hotel		Planning	https://www.radissonhotels.com/en-us/hotels/radisson-saskatoon	405 20th St E, Saskatoon, SK S7K 6X6, Canada	52.12439	-106.66153		Best located hotel in Saskatoon: on the Saskatchewan River. Breakfast included with some rates. Good base for day trips to Wanuskewin and around the city.
Ravine Ecological Reserve (Regina)	Saskatchewan	Canada	Nature		Planning	https://www.tourismsaskatchewan.com	Wascana Centre, Regina, SK S4P 3V7, Canada	50.44521	-104.61889		Wascana Lake in the middle of Regina: one of the largest city parks in North America. Pelicans, white swans, and coyotes in the park. Free, beautiful for a morning walk.
RCMP Heritage Centre (Mounties birthplace)	Saskatchewan	Canada	Museum		Planning	https://www.rcmphc.com	Dewdney Ave W, Regina, SK S4P 3J7, Canada	50.45505	-104.61658		The Royal Canadian Mounted Police — the iconic red-clad Mounties — were born here in 1873. Museum + daily Sunset Retreat ceremony in summer. Serge: the red jacket + horse combo = absolutely photogenic.
Reesor Lake (cypress hills)	Saskatchewan	Canada	Nature		Planning	https://www.pc.gc.ca/en/pn-np/sk/cypresshills	Cypress Hills Interprovincial Park, SK S0C 2B0, Canada	49.65912	-109.49899		Cypress Hills: highest point between the Rockies and Labrador. During the last Ice Age, this was a refuge island above the ice. Elk and mule deer everywhere.
Saskatchewan Science Centre (Regina)	Saskatchewan	Canada	Museum		Planning	https://www.sasksciencecentre.com	2903 Powerhouse Dr, Regina, SK S4N 0A1, Canada	50.43295	-104.59416		Interactive science museum for all ages. IMAX theater attached to the building. Good for a rainy day in Regina.
Saskatoon Berry picking	Saskatchewan	Canada	Bizarre		Planning		Numerous u-pick farms, SK	52.93992	-106.45086		Saskatoon berries are only found in Saskatchewan and Alberta: violet, sweet, unique. U-pick farms everywhere in July-August. Els: berries taken from the F-150 fridge.
Swingers: geen clubs SK	Saskatchewan	Canada	Naturist		Planning		Saskatoon / Regina, SK (verifieer via SDC.com)	52.12973	-106.65964		Saskatchewan is sparsely populated and conservative: no established lifestyle clubs. Private groups in Saskatoon and Regina via SDC.com. Verify before visiting via online platforms.
Tunnels of Moose Jaw	Saskatchewan	Canada	Bizarre		Planning	https://www.tunnelsofmoosejaw.com	18 Main St N, Moose Jaw, SK S6H 3J8, Canada	50.39007	-105.53491		Underground tunnels with guided tours about Chinese immigrants and Al Capone. Al Capone is said to have gone into hiding here in the 1920s — the evidence is wafer-thin, but the story is gold. Els: perfectly bizarre underground experience.
Wakamow Valley (Moose Jaw)	Saskatchewan	Canada	Nature		Planning	https://www.wakamow.com	1 River Dr W, Moose Jaw, SK S6H 6L4, Canada	50.38654	-105.53210		River Valley City Park in Moose Jaw. Good for an e-bike ride along the Moose Jaw River. Free.
Wanuskewin Heritage Park	Saskatchewan	Canada	Historic		Planning	https://www.wanuskewin.com	RR 4, Saskatoon, SK S7K 3J7, Canada	52.22433	-106.59663		6,000 years of First Nations history at one site: tipi rings, bison jumps, medicine wheel. Nominee for UNESCO World Heritage. Cultural performances and heirloom kitchen restaurant.
Waskesiu Lake (Prince Albert NP)	Saskatchewan	Canada	Nature		Planning	https://www.pc.gc.ca/en/pn-np/sk/princealbert	2 Waskesiu Dr, Waskesiu Lake, SK S0J 2Y0, Canada	53.92187	-106.08797		National park with the largest caribou herd in Saskatchewan. National Parks Pass: free. Grey Owl's cabin accessible by canoe: famous English man who lived as an Ojibwe.
Weczeria Food & Wine (Saskatoon)	Saskatchewan	Canada	Restaurant		Planning	https://www.weczeria.com	608 10th St E, Saskatoon, SK S7H 0G9, Canada	52.11778	-106.65584		Best restaurant in Saskatchewan: local prairie ingredients as fine dining. Bison, saskatoon berries, caragana honey. Els: this is prairie cuisine as it should be.
Angel Oak Tree (500+ jaar)	South Carolina	USA	Bizarre		Planning	https://www.charleston-sc.gov/angeloak	3688 Angel Oak Rd, Johns Island, SC 29455	32.71736	-80.08062		Living oak at least 500 years old: branches span 17 meters horizontally. Free. Truly surrealistically large. Els and Serge: this is a tree the size of a cathedral.
Beaufort Historic District	South Carolina	USA	Historic		Planning	https://www.beaufortsc.org	Downtown Beaufort, SC 29902	32.43052	-80.67202		Antebellum city that was too beautiful to burn: General Union occupied and spared. Big Chill, Forrest Gump, and Prince of Tides were filmed here. Free walking tour.
Biltmore-inspired Broome House (Abandoned)	South Carolina	USA	Bizarre		Planning		Kershaw County, SC 29067	34.55978	-80.52162		Abandoned country house in the middle of the woods: nature is swallowing it up. Private property, but keep away from the road. Ghost vibes in the Deep South.
BMW Zentrum Museum (Spartanburg)	South Carolina	USA	Museum		Planning	https://www.bmwusfactory.com	1400 Highway 101 S, Greer, SC 29651	34.90248	-82.18006		Free BMW factory tour + museum at the only BMW factory outside Germany. SC manufactures all BMW X models. Serge: This is a religious experience for car people.
Boone Hall Plantation	South Carolina	USA	Historic		Planning	https://www.boonehallplantation.com	1235 Long Point Rd, Mount Pleasant, SC 29466	32.85532	-79.82337		Avenue of Oaks: 300m avenue of 250-year-old living oaks — one of the most beautiful photo trails in the US. North & South TV series filmed here. Elants awareness of slavery history is fully present.
Brookgreen Gardens (largest sculpture garden)	South Carolina	USA	Nature		Planning	https://www.brookgreen.org	1931 Brookgreen Dr, Murrells Inlet, SC 29576	33.51646	-79.09257		Largest sculpture garden in North America on a former rice plantation estate. Live alligators in the garden. Els: sculpture + nature + alligators = perfect.
Caesars Head State Park	South Carolina	USA	Nature		Planning	https://www.southcarolinaparks.com/caesars-head	8155 Geer Hwy, Cleveland, SC 29635	35.10579	-82.62609		Spectacular rock lookout post 3,000 feet high in the Blue Ridge. Raptor migration in October: thousands of hawks. Els: standing here is incredible.
Carolina Lowcountry Scenic Byway	South Carolina	USA	Scenic Route		Planning	https://www.scstateparks.com	US-17 along coast, SC	32.93777	-79.71133		Coastal route along salt marshes, Riverine oyster farming, and Gullah Geechee cultural landscapes. Photogenic at every turn. E-bikes on the cycle routes around the sea islands.
Charleston Historic District	South Carolina	USA	Historic		Planning	https://www.charlestoncvb.com	Charleston, SC 29401	32.77914	-79.92487		Most beautiful historic city in the South: pastel-colored Antebellum houses, cobblestone streets. Free walking tour of Rainbow Row. Els: this is Europe in America.
Congaree National Park	South Carolina	USA	Nature		Planning	https://www.nps.gov/cong	100 National Park Rd, Hopkins, SC 29061	33.83043	-80.82294		Largest untouched bottomland hardwood forest in the US. National Parks Pass: free. Bioluminescent fireflies in sync in June: a truly unique spectacle.
Cypress Gardens	South Carolina	USA	Nature		Planning	https://www.cypressgardens.info	3030 Cypress Gardens Rd, Moncks Corner, SC 29461	33.05269	-79.95354		Cypress swamp with boats: trees with hanging moss over black water. Alligators, herons, water lilies. Free flatboat ride included.
Edisto Island Serpentarium	South Carolina	USA	Bizarre		Planning	https://www.edistoserpentarium.com	1374 SC-174, Edisto Island, SC 29438	32.55758	-80.27928		Private snake collection of an eccentric herpetologist on an island. Live king cobras, rattlesnakes, and gators in a garden setting. Small but intense experience.
FIG Restaurant (Charleston)	South Carolina	USA	Restaurant		Planning	https://www.eatatfig.com	232 Meeting St, Charleston, SC 29401	32.78234	-79.93156		Farm-inspired gastronomy — best local cuisine in the region. Charleston's most awarded restaurant. Reservations required.
Folly Beach (Charleston's surf beach)	South Carolina	USA	Nature		Planning	https://www.cityoffollybeach.com	Folly Beach, SC 29439	32.65543	-79.95005		Surfer beach 30 min from Charleston: bohemian, laid-back. Best sunrise photography in the region. Free beach.
Hunting Island State Park (lighthouse + beach)	South Carolina	USA	Nature		Planning	https://www.southcarolinaparks.com/hunting-island	2555 Sea Island Pkwy, St. Helena Island, SC 29920	32.37524	-80.43813		The only lighthouse accessible to the public and wild beaches with palmetto trees. Beach with driftwood and free-roaming loggerhead turtles. Forrest Gump beach scenes: filmed here.
Husk Restaurant (Charleston)	South Carolina	USA	Restaurant		Planning	https://www.huskrestaurant.com	76 Queen St, Charleston, SC 29401	32.77809	-79.93214		Best restaurant in Charleston: anything south of the Mason-Dixon line. Sean Brock's masterpiece: heirloom varietals, smoke, Southern technique. Reserve weeks in advance. Serge: this is the top 5 of the trip.
International African American Museum (Charleston)	South Carolina	USA	Museum		Planning	https://www.iaamuseum.org	14 Wharfside St, Charleston, SC 29403	32.78871	-79.92572		New museum (2023) on the site of the largest slave market area in the US. Groundbreaking story of the African diaspora in America. Els: this is mandatory in Charleston.
Lewis Barbecue (Charleston)	South Carolina	USA	Restaurant		Planning	https://www.lewisbarbecue.com	464 N Nassau St, Charleston, SC 29403	32.80874	-79.94657		Texas BBQ pit master who moved to Charleston: giant brisket, ribs. 1,000 pounds of meat a day on a wood fire. Serge: Texas BBQ in South Carolina. Debate is open.
Litchfield Beach & Golf Resort	South Carolina	USA	Hotel		Planning	https://www.litchfieldbeach.com	14276 Ocean Hwy, Pawleys Island, SC 29585	33.48501	-79.09350		Coastal resort with golf courses, swimming pools, and beach views. Pawleys Island: quiet alternative to busy Myrtle Beach.
Magnolia Plantation & Gardens	South Carolina	USA	Historic		Planning	https://www.magnoliaplantation.com	3550 Ashley River Rd, Charleston, SC 29414	32.87531	-80.08354		Oldest plantation in the Deep South open to the public: 1676. Azalea festival in April: millions of flowers at once. Boat trip through the swamp.
Middleton Place (oldest landscape garden)	South Carolina	USA	Historic		Planning	https://www.middletonplace.org	4300 Ashley River Rd, Charleston, SC 29414	32.89880	-80.13797		Oldest formal gardens in North America (1741): geometric terracing along a river. Breath swans, alligators, and Barbados longhorn cattle. Els: garden architecture nerd heaven.
Myrtle Beach Boardwalk	South Carolina	USA	Entertainment/sports		Planning	https://www.visitmyrtlebeach.com	1200 N Ocean Blvd, Myrtle Beach, SC 29577	33.69466	-78.87650		Typical boardwalk: mini-golf, tattoo shops, fried Oreos, Skywheel. 60 golf courses in the region — Serge's playground. Kitsch overdrive but amusing.
Naturist: Sun Air Nudist Resort (AANR)	South Carolina	USA	Naturist		Planning		Myrtle Beach area, SC (verifieer via AANR 2027)	33.69542	-78.88021		AANR member naturist resort in the Myrtle Beach region. Verify current info via the AANR website. SC has a warm lifestyle community.
Old Sheldon Church Ruins	South Carolina	USA	Bizarre		Planning	https://www.atlasobscura.com/places/sheldon-church-ruins	Old Sheldon Church Rd, Yemassee, SC 29945	32.61952	-80.78332		Gothic ruins of a 1753 church, burned twice (Revolution + Civil War). Oaks with hanging moss grow through the walls. Free, photogenic, hauntingly perfect.
Peachoid Water Tower (Gaffney)	South Carolina	USA	Bizarre		Planning		Exit 92, I-85, Gaffney, SC 29341	35.09370	-81.68595		Water tower built like a gigantic peach — including the slit. Gaffney = peach production capital. Famous from House of Cards. Free photo from the car.
Ravenel Bridge (Charleston)	South Carolina	USA	Scenic Route		Planning		US-17, Charleston, SC 29403	32.79633	-79.94253		Highest cable-stayed bridge in the US: 182-meter towers above the Cooper River. Walking and cycling path on the bridge: 8 km return with panoramic views. E-bikes across the bridge to Mount Pleasant.
SC Festival of Flowers (Greenwood)	South Carolina	USA	Festival		Planning	https://www.festivalofflowers.org	Greenwood, SC 29646	34.19540	-82.16179		SC's largest flower festival in July. Fireworks, live music, local commerce. Combine with nearby Blue Ridge Country.
SkyWheel Myrtle Beach	South Carolina	USA	Entertainment/sports		Planning	https://www.myrtlebeachskywheel.com	1110 N Ocean Blvd, Myrtle Beach, SC 29577	33.69383	-78.87740		187-foot-high Ferris wheel directly on the beach. Night: illuminated gondolas over the Atlantic Ocean. Good for 20 minutes of entertainment.
South of the Border (roadside complex)	South Carolina	USA	Bizarre		Planning	https://www.thesouthoftheborder.com	3346 US-301, Hamer, SC 29547	34.49864	-79.31060		Pedro the Mexican welcomes you with 97 billboards along I-95. Gigantic kitsch complex: motel, restaurants, arcade, souvenirs — everything Mexican-themed. The irony is complete: right in the middle of South Carolina. Free to walk around.
Swamp Fox Brewing (Florence)	South Carolina	USA	Brewery/Distillery		Planning	https://www.swampfoxbrewing.com	507 S Dargan St, Florence, SC 29506	34.18985	-79.76641		Craft brewery named after the Revolutionary hero. Local ingredients such as pecan and magnolia.
Swingers: Club Privata (Columbia SC)	South Carolina	USA	Naturist		Planning		Columbia, SC 29201 (verifieer via SDC.com 2027)	33.98734	-81.03682		Columbia has an active lifestyle scene. Verify via SDC.com or Kasidie. SC is conservative, but Columbia (university city) has more openness.
Table Rock State Park	South Carolina	USA	Nature		Planning	https://www.southcarolinaparks.com/table-rock	158 E Ellison Ln, Pickens, SC 29671	35.02005	-82.69305		Two striking mountain peaks in the Blue Ridge foothills: Table Rock and Pinnacle. Hike to the top: panorama over Piedmont. E-bikes on the lower trails.
The Restoration (Charleston)	South Carolina	USA	Hotel		Planning	https://www.therestorationhotel.com	75 Wentworth St, Charleston, SC 29401	32.78218	-79.93440		Modern boutique in a renovated historic building. Rooftop terraces with views of the city. Walking distance to everything in Charleston.
The Spectator Hotel (Charleston)	South Carolina	USA	Hotel		Planning	https://www.thespectatorhotel.com	67 State St, Charleston, SC 29401	32.78053	-79.92858		Boutique hotel in the heart of Charleston with Art Deco 1930s style. Each room is decorated differently with vintage maps. Els: this is the best hotel in Charleston.
The Swamp Fox (Francis Marion NF)	South Carolina	USA	Nature		Planning	https://www.fs.usda.gov/scnfs	I-95 & US-17A, Moncks Corner, SC 29461	33.19451	-80.01402		National forest named after the revolutionary guerrilla Francis Marion. Walking trails through swamps with alligators. Free admission.
Two Notch Road ghost town (Columbia area)	South Carolina	USA	Ghost Town		Planning		Blythewood, SC 29016	34.21432	-80.97398		Abandoned 19th-century trading post along a historic route. Dilapidated buildings in the forest. Free exploration.
Waterfall tour (Oconee County)	South Carolina	USA	Nature		Planning	https://www.visitoconeesc.com	Walhalla, SC 29691	34.76482	-83.06404		12+ waterfalls accessible in the Blue Ridge foothills of Oconee County. Issaqueena Falls, Yellow Branch Falls — most free. E-bike on the backroads of the Upstate.
Westbrook Brewing Company	South Carolina	USA	Brewery/Distillery		Planning	https://www.westbrookbrewing.com	510 Ridge Rd, Mount Pleasant, SC 29464	32.84668	-79.87683		South Carolina's most awarded brewery. Mexican Cake Imperial Stout: legendary. Serge: this beer is on the list.
York W. Bailey Museum (Gullah culture)	South Carolina	USA	Museum		Planning	https://www.penncenter.com	16 Penn Center Circle W, St. Helena Island, SC 29920	32.38874	-80.57740		Gullah-Geechee culture: descendants of West African slaves preserved a unique language and culture. Penn School was the first school for freed slaves after the Civil War. Els: this is a story that needs to be told.
1880 Town (Murdo)	South Dakota	USA	Bizarre		Planning	https://www.1880town.com	Exit 170, I-90, Murdo, SD 57559	42.90449	-74.13057		Fully recreated Western town with 31 buildings and 1880s heritage. Old wagons, blacksmith, one-room schoolhouse. Kitsch but charming.
Badlands National Park	South Dakota	USA	Nature		Planning	https://www.nps.gov/badl	25216 Ben Reifel Rd, Interior, SD 57750	43.74906	-101.94175		Eroded pinnacles and buttes in pink-orange-gray: sci-fi landscape. National Parks Pass: FREE. Bison walk across the road. Prairie dogs everywhere. Stars at night = breathtaking.
Big Thunder Gold Mine tour	South Dakota	USA	Historic		Planning	https://www.bigthundergoldmine.com	604 Blair St, Keystone, SD 57751	43.89503	-103.41714		Real Black Hills gold mine: 200-foot descent into an active mine. Gold panning afterwards. Combine with a Mount Rushmore day.
Black Hills Wild Horse Sanctuary	South Dakota	USA	Nature		Planning	https://www.wildmustangs.com	12163 Cheyenne River Rd, Hot Springs, SD 57747	43.37984	-103.40831		500 wild mustangs live freely on 11,000 hectares. Car tour to find and observe the herd. Els: free horses in a wild landscape.
Cedar Pass Lodge (Badlands)	South Dakota	USA	Hotel		Planning	https://www.cedarpasslodge.com	20681 SD-240, Interior, SD 57750	43.74621	-101.94477		Only lodge within Badlands NP: sleep literally in the park. Sunrise over the spire formations from your room. Book early — small accommodation.
Corn Palace (Mitchell)	South Dakota	USA	Bizarre		Planning	https://www.cornpalace.org	604 N Main St, Mitchell, SD 57301	43.71478	-98.02496		Building completely covered in murals of corn cobs in 9 colors. Redecorated every year: never the same. Els and Serge: this is the most South Dakota thing in the world.
Crazy Horse Memorial (in progress)	South Dakota	USA	Historic		Planning	https://www.crazyhorsememorial.org	12151 Avenue of the Chiefs, Crazy Horse, SD 57730	43.82799	-103.63161		World's largest sculpture under construction: Lakota war hero Crazy Horse. Construction for 75 years, not yet finished — the process IS the monument. Indigenous cultural center and Crazy Horse's outstretched arm are already pointing.
Custer State Park (wildlife loop)	South Dakota	USA	Nature		Planning	https://gfp.sd.gov/parks/detail/custer-state-park/	13329 US-16A, Custer, SD 57730	43.77061	-103.39661		1,300 free-roaming bison in a 726 km² park. Wildlife Loop Road: car safari with burros knocking on windows. National Parks Pass doesn't work but worth every penny.
Deadwood Historic District	South Dakota	USA	Historic		Planning	https://www.deadwood.com	Historic Deadwood, SD 57732	44.38049	-103.72460		Gold Rush city where Wild Bill Hickok was murdered during poker in 1876. Front Street still intact with saloons, casinos, and historic hotels. Free to walk around — gambling is legal here.
Deadwood lodging options	South Dakota	USA	Hotel		Planning	https://www.deadwood.com	Historic Main St, Deadwood, SD 57732	44.37504	-103.73219		Historic hotels in the gold rush town: Bullock Hotel (built by the sheriff in 1895). Gambling at the hotel — Deadwood is a legal casino town. Els: sleeping in a 19th-century saloon. Yes.
Dinosaur Park (Rapid City)	South Dakota	USA	Bizarre		Planning	https://www.rapidcitygov.com/parks	940 Skyline Dr, Rapid City, SD 57701	44.07787	-103.24412		Free! 7 life-size concrete dinosaurs on a hill above Rapid City. Built in 1936 as a Depression-era work project. Anal-retentive accurate for 1936.
Falls Park (Sioux Falls)	South Dakota	USA	Nature		Planning	https://www.siouxfalls.org/fallspark	300 N Phillips Ave, Sioux Falls, SD 57104	43.55016	-96.72647		Waterfall park in the middle of the city: pink quartzite stone. Free visit with observation tower. Sioux Falls is a surprise — better city than expected.
Jewel Cave National Monument	South Dakota	USA	Nature		Planning	https://www.nps.gov/jeca	11149 US-16, Custer, SD 57730	43.73639	-103.82563		Third longest cave in the world: 340 km map. National Parks Pass: free. Caves covered with calcite jewels that reflect light.
Mammoth Site (Hot Springs)	South Dakota	USA	Bizarre		Planning	https://www.mammothsite.org	1800 Hwy 18 Truck Bypass, Hot Springs, SD 57747	43.42243	-103.48305		Active excavation site of 60 mammoths: you watch as paleontologists dig. One of the largest in situ mammoth excavations in the world. Els and Serge: pulling mammoths OUT of the ground right before your eyes.
Minuteman Missile NHS	South Dakota	USA	Bizarre		Planning	https://www.nps.gov/mimi	21280 SD-240, Philip, SD 57567	43.80124	-102.05959		Original Cold War nuclear missile silo — intact and open to visitors. National Parks Pass: FREE. Serge: You are standing next to a nuclear missile. That isn't possible everywhere.
Minuteman Missile Visitor Center	South Dakota	USA	Museum		Planning	https://www.nps.gov/mimi	21280 SD-240, Philip, SD 57567	43.80124	-102.05959		Documentation on the US Cold War nuclear strategy. National Parks Pass: FREE. Combine with an outdoor silo visit.
Mount Moriah Cemetery (Deadwood)	South Dakota	USA	Bizarre		Planning		10 Mount Moriah Dr, Deadwood, SD 57732	44.37529	-103.72649		Wild Bill Hickok and Calamity Jane buried next to each other. They were not in a relationship, but fans placed them together. Funny post-mortem love story.
Mount Rushmore National Memorial	South Dakota	USA	Historic		Planning	https://www.nps.gov/moru	13000 SD-244, Keystone, SD 57751	43.87680	-103.45587		Four presidential faces carved in granite: Washington, Jefferson, Roosevelt, Lincoln. National Parks Pass: FREE (parking $10). The sunset lighting ceremony is the best moment.
Naturist: geen AANR resort SD	South Dakota	USA	Naturist		Planning		Dichtstbijzijnde: Nebraska of Minnesota	46.72955	-94.68590		South Dakota has no official AANR naturist resort. Private skinny dipping at Pactola Lake or Sylvan Lake in Custer SP. Nearest AANR: Timber Trails Iowa.
Needles Highway (iron + granite)	South Dakota	USA	Scenic Route		Planning		SD-87, Custer, SD 57730	43.72641	-103.49279		16 km of roads through narrow granite spire tunnels and pinhead-like formations. Driving through the eyes of needles: spectacular. Custer State Park fee applies.
Pactola Lake (Black Hills)	South Dakota	USA	Nature		Planning		Pactola Reservoir, SD 57702	44.07868	-103.50754		Clear mountain lake in the middle of the Black Hills. Kayaking, swimming, fishing. Gloomiest name, most beautiful lake in SD.
Prairie Homestead (original sod house)	South Dakota	USA	Historic		Planning	https://www.prairiehomestead.com	21070 SD-240, Philip, SD 57567	43.80124	-102.05959		The only original surviving prairie sod house in the US. Built in 1909, remained habitable until 1961. Every aspect of the prairie pioneer life can be felt here.
Presidents on the Street (Rapid City)	South Dakota	USA	Bizarre		Planning	https://www.rapidcity.com/presidents	Downtown Rapid City, SD 57701	44.08124	-103.22587		Life-size bronze statues of all 43 presidents in the center. A different president in every corner. Free. Selfie with your favorite president.
Sioux Falls Sculpture Walk	South Dakota	USA	Bizarre		Planning	https://www.sculpturewalksiouxfalls.com	Phillips Ave, Sioux Falls, SD 57104	43.55653	-96.72677		Annually changing outdoor sculptures in the center. Free to walk around. Best use of Sioux Falls for a morning.
Spearfish Canyon Scenic Byway	South Dakota	USA	Scenic Route		Planning	https://www.spearfishcanyon.com	US-14A, Spearfish, SD 57783	44.47926	-103.84784		22 km of roads through a 300-meter-deep limestone canyon with waterfalls. Spearfish Falls and Roughlock Falls along the route. Free, spectacular.
Sturgis Motorcycle Rally	South Dakota	USA	Festival		Planning	https://www.sturgismotorcyclerally.com	Sturgis, SD 57785	44.40971	-103.50908		World's largest motorcycle rally: 500,000+ riders in August. August 2027: check timing with route! Even without a motorcycle: Sturgis during the rally is a spectacle.
Swingers: SD lifestyle scene	South Dakota	USA	Naturist		Planning		Rapid City / Sioux Falls, SD (verifieer SDC.com)	44.08054	-103.23101		SD is too sparsely populated for permanent lifestyle clubs. Private events in Sioux Falls via SDC.com. Sturgis week: anything is possible in August.
Tatanka: Story of the Bison	South Dakota	USA	Museum		Planning	https://www.storyofthebison.com	100 Tatanka Dr, Deadwood, SD 57732	44.39749	-103.71475		Kevin Costner (Dances with Wolves) built this museum. Dance with Wolves: the Lakota perspective on Western expansion. The museum and sculpture garden.
Wall Drug (original roadside attraction)	South Dakota	USA	Bizarre		Planning	https://www.walldrug.com	510 Main St, Wall, SD 57790	43.99298	-102.24138		Drugstore grown into a 76,000 m² mini-city with 5-cent coffee. Billboards start 800 km before the entrance. Serge: this is the progenitor of all roadside attractions.
Wind Cave National Park	South Dakota	USA	Nature		Planning	https://www.nps.gov/wica	26611 US-385, Hot Springs, SD 57747	43.56458	-103.49092		One of the longest caves in the world + bison prairie above. National Parks Pass: FREE. Boxwork: rare calcite honeycomb formations found nowhere else as good.
Bankers Alley Hotel Nashville, Tapestry Collection by Hilton	Tennessee	USA	Hotel		Planning	https://www.hilton.com/	221 2nd Ave N, Nashville, TN 37201	36.16533	-86.77765		Art museum + hotel: contemporary art in every hallway and room. Downtown Nashville, walking distance to everything. Els: this is the right type of hotel.
Beale Street (Memphis blues)	Tennessee	USA	Bizarre		Planning	https://www.bealestreet.com	Beale St, Memphis, TN 38103	35.14031	-90.05481		Birthplace of the blues: live music coming from every door, 24/7. The smell of barbecue hangs in the air permanently. Big mistake: planning only one evening here.
Bristol Motor Speedway	Tennessee	USA	Entertainment/sports		Planning	https://www.bristolmotorspeedway.com	151 Speedway Blvd, Bristol, TN 37620	36.51630	-82.26029		NASCAR circuit in a canyon of steel: steepest oval grandstand in the world. When there is a race (April and August): spectacular. Tours available outside of race weekends as well.
Central BBQ (Memphis)	Tennessee	USA	Restaurant		Planning	https://www.cbqmemphis.com	2249 Central Ave, Memphis, TN 38104	35.12579	-89.98706		Memphis-style BBQ: dry rub ribs, smoked sausages, baked beans. Difference from Texas and KC: no sauce on the ribs. Serge: comparing every BBQ style is a scientific project.
Coker Museum of Transportation (Chattanooga)	Tennessee	USA	Museum		Planning	https://www.cokermuseum.com	411 W M.L. King Blvd, Chattanooga, TN 37402	35.04425	-85.30381		150 vintage cars and motorcycles in a former bus station. From 1902 steam cars to 1970s muscle cars. Serge: this is a day of entertainment on wheels.
Crash Pad (Chattanooga)	Tennessee	USA	Hotel		Planning	https://www.crashpadchattanooga.com	29 Johnson St, Chattanooga, TN 37408	35.03608	-85.30478		Outdoor-sports inspired boutique hotel for climbers and adventurers. In the best outdoor adventure city of the South. Crashpad because climbing and crashing are connected.
Cumberland Gap NHP	Tennessee	USA	Historic		Planning	https://www.nps.gov/cuga	91 Bartlett Park Rd, Middlesboro, KY 40965	36.60023	-83.69274		Passage used by Daniel Boone to 'discover' Kentucky in 1775. National Parks Pass: free. Three-state point: TN, KY, VA from a single viewpoint.
Dollywood	Tennessee	USA	Theme Park		Planning	https://www.dollywood.com	2700 Dollywood Parks Blvd, Pigeon Forge, TN 37863	35.79395	-83.53521		Dolly Parton's own theme park in the Smoky Mountains: not kitsch, but authentic Appalachian. Miner roller coaster 'Lightning Rod': fastest wooden launch coaster in the world. Els: Dolly = icon. Serge: the roller coasters are really good.
Graceland (Elvis)	Tennessee	USA	Bizarre		Planning	https://www.graceland.com	3764 Elvis Presley Blvd, Memphis, TN 38116	35.04592	-90.02326		Elvis' house: Jungle Room, gravestones in the garden, cars, airplane. Kitsch at its very best: polyester, almost orange decorations. Els and Serge: this is mandatory. Banana bread at the snack bar too.
Great Smoky Mountains NP (TN kant)	Tennessee	USA	Nature		Planning	https://www.nps.gov/grsm	107 Park Headquarters Rd, Gatlinburg, TN 37738	35.68721	-83.53686		Most visited NP in the US: always free, no admission fee. Mist over the mountains = magical. Elk + black bears in massive numbers. Clingmans Dome: highest point in the Appalachians.
Hattie B's Hot Chicken (Nashville)	Tennessee	USA	Restaurant		Planning	https://www.hattieb.com	112 19th Ave S, Nashville, TN 37203	36.15148	-86.79663		A more famous name than Prince's, but almost as good. Rij is always on the street. Els: I'm doing the mild version. Serge: I'm doing the medium.
Hot Springs (Warm Springs NC border)	Tennessee	USA	Nature		Planning	https://www.hotspringsnc.org	Hot Springs, NC 28743	35.89233	-82.82903		Traditional hot springs on the French Broad river. Soaking tubs over the river: romantic and relaxing. Els: soaking here after the Great Smokies hike.
Jack Daniel's Distillery (Lynchburg)	Tennessee	USA	Brewery/Distillery		Planning	https://www.jackdaniels.com	182 Lynchburg Hwy, Lynchburg, TN 37352	35.28360	-86.36994		Free tour of the oldest distillery in the US (1866). Irony: Lynchburg is a DRY county — you are not allowed to buy there. Limited tasting available for adults.
Lookout Mountain Incline Railway	Tennessee	USA	Bizarre		Planning	https://www.ridetheincline.com	827 E Brow Rd, Lookout Mountain, TN 37350	35.00597	-85.34328		Steepest passenger railway in the world: 72.7% gradient. Combine with Rock City and Ruby Falls for a full Lookout Mountain day.
Lorraine Motel / National Civil Rights Museum	Tennessee	USA	Museum		Planning	https://www.civilrightsmuseum.org	450 Mulberry St, Memphis, TN 38103	35.13434	-90.05752		Martin Luther King Jr. was assassinated here on April 4, 1968. The motel is intact, the bullet impact still visible. Impressive, a must-visit.
Mammoth Cave (KY border)	Tennessee	USA	Nature		Planning	https://www.nps.gov/maca	1 Mammoth Cave Pkwy, Mammoth Cave, KY 42259	37.18699	-86.10124		Longest cave in the world: 676 km map. National Parks Pass: free park admission + discounted cave tour. Technically Kentucky, just a day trip from Nashville.
Museum of Appalachia	Tennessee	USA	Museum		Planning	https://www.museumofappalachia.org	2819 Andersonville Hwy, Norris, TN 37828	36.18005	-84.06959		Largest collection of Appalachian folk artifacts: musical instruments, quilts, handmade tools. Live demonstrations of traditional crafts. Els: this is Appalachian culture at its deepest.
Nashville honky-tonk strip	Tennessee	USA	Entertainment/sports		Planning	https://www.visitmusiccity.com	Lower Broadway, Nashville, TN 37201	36.16180	-86.77538		Lower Broadway: row after row of honky-tonk bars, live country music from morning till night. Free music in every bar if you buy a drink. Serge: 3 hours here is a must.
Natural Bridge (Red River Gorge area)	Tennessee	USA	Nature		Planning	https://www.parks.ky.gov/parks/recreationparks/natural-bridge	Natural Bridge State Resort Park, Slade, KY 40376	37.77698	-83.68329		Larger natural arch than Rainbow Bridge: sandstone arch 80 feet wide. Technically Kentucky, but Red River Gorge is a day trip from Eastern TN. SkyLift Park bridge: $30, spectacular.
Parthenon (Nashville)	Tennessee	USA	Bizarre		Planning	https://www.nashville.gov/parks-and-recreation/parthenon	2500 West End Ave, Nashville, TN 37203	36.14661	-86.81163		Complete reproduction of the Athenian Parthenon, including a 12-meter-high statue of Athena. Built in 1897 for a state fair and never demolished. Nashville's most bizarre building. Free park, small museum ticket.
Prince's Hot Chicken (Nashville)	Tennessee	USA	Restaurant		Planning	https://www.princeshotchicken.com	5814 Nolensville Pike, Nashville, TN 37211	36.04375	-86.71225		Original Nashville Hot Chicken: cayenne-speckled chicken on white bread with pickles. Since 1945. Scale 'Medium': already extremely hot. Serge: medium is the maximum for Belgians.
Rendezvous (Memphis ribs)	Tennessee	USA	Restaurant		Planning	https://www.hogsfly.com	52 S 2nd St, Memphis, TN 38103	35.14341	-90.05173		Memphis ribs institute in an alley under a hotel. Has been there since 1948, never changed. Els and Serge: alley entrance, stairs down, best ribs in the world.
Rock City (Lookout Mountain)	Tennessee	USA	Bizarre		Planning	https://www.seerockcity.com	1400 Patten Rd, Lookout Mountain, GA 30750	34.97322	-85.34998		Spectacular rock formations on the mountaintop with signs on barns saying 'See Rock City' all over the South. Claim: 7 states visible from the top. Fairy Tale Caverns: kitsch at its finest.
Rock Haven Lodge - Murfreesboro	Tennessee	USA	Naturist		Planning		Murfreesboro area, TN	36.46854	-86.65352		AANR naturist resort in Tennessee. Verify location and details via the AANR website. Tennessee has hot summers — naturism makes sense here.
Ruby Falls (Lookout Mountain)	Tennessee	USA	Bizarre		Planning	https://www.rubyfalls.com	1720 S Scenic Hwy, Chattanooga, TN 37409	35.01909	-85.33936		145-meter underground waterfall — deepest commercially accessible cave in the world. Elevator down, laser show on the drop. Els: this is cave entertainment at its finest.
Ryman Auditorium (Mother Church of Country)	Tennessee	USA	Historic		Planning	https://www.ryman.com	116 5th Ave N, Nashville, TN 37219	36.16125	-86.77847		Original home of the Grand Ole Opry (1943-1974). The acoustics are so good that artists love performing there. Backstage tour available.
Swingers: Club XTC (Nashville)	Tennessee	USA	Naturist		Planning		Nashville, TN 37201 (verifieer via SDC.com 2027)	36.16700	-86.77808		Nashville has an active lifestyle scene. Verify address and opening hours via SDC.com or Kasidie. Bachelorette city = open attitude.
Tennessee Walking Horse National Celebration - Shelbyville	Tennessee	USA	Bizarre		Planning	https://www.twhnc.com	Celebration Grounds, Shelbyville, TN 37160	35.45050	-86.77522		Tennessee Walking Horse National Championship in August. The horse with the most extreme gait — controversy in the animal welfare world. If the timing is right: fascinating and controversial.
Tennessee Whiskey Trail	Tennessee	USA	Scenic Route		Planning	https://www.tnwhiskeytrail.com	Multiple locations across TN	35.51749	-86.58045		Driving route past 30+ bourbon and whiskey distilleries.  George Dickel, Corsair, Nelson's Green Brier.  Serge: a route that is DEFINITELY on the agenda.
The Hermitage Hotel (Nashville)	Tennessee	USA	Hotel		Planning	https://www.thehermitagehotel.com	231 6th Ave N, Nashville, TN 37219	36.16369	-86.78260		Grand hotel from 1910, best address in Nashville. Ten-year renovation complete: Art Deco grandeur. Above budget, but the bar (The Oak Bar) is free to visit.
The Loveless Cafe (Nashville)	Tennessee	USA	Restaurant		Planning	https://www.lovelesscafe.com	8400 Tennessee Hwy 100, Nashville, TN 37221	36.03596	-86.97211		Nashville Institute since 1951: biscuits, country ham, homemade preserves. Presidents and country stars have eaten here. Els: the biscuits are pure magic.
Alamo Heights Ice Cream Fiesta	Texas	USA	Bizarre		Planning		San Antonio area, TX	29.42492	-98.49307		Local ice cream culture: paletas (Mexican popsicles) everywhere. Lucha Dora Paletas: bizarre flavors like chile mango. Els: this is the snack of South Texas.
Austin Bat Colony (Congress Bridge)	Texas	USA	Bizarre		Planning		Congress Ave Bridge, Austin, TX 78701	30.26432	-97.74422		1.5 million Mexican free-tailed bats leave the bridge every evening at sunset. Largest urban bat colony in the world. Free viewing from the bridge path or a boat on the river.
Barton Creek Greenbelt (Austin)	Texas	USA	Nature		Planning	https://www.austintexas.gov	Barton Creek Greenbelt, Austin, TX 78704	30.24717	-97.81269		12 km of hiking and climbing trails through a canyon in the middle of Austin. Swimming holes after periods of rain. Free admission.
Barton Springs Pool (Austin)	Texas	USA	Nature		Planning	https://www.austintexas.gov/department/barton-springs-pool	2201 Barton Springs Rd, Austin, TX 78746	30.26420	-97.77127		Constant 20°C spring water pool in Zilker Park. Austin's cherished public swimming spot. El: this is a privilege of Austin residents that we are also allowed to use.
Big Bend National Park	Texas	USA	Nature		Planning	https://www.nps.gov/bibe	1 Panther Junction, Big Bend NP, TX 79834	29.32788	-103.20622		Biggest dark sky in the lower 48 states: Milky Way is spectacular. National Parks Pass: FREE. Rio Grande canyons, Chisos Mountains, desert — all in one park.
Buffalo Bayou Park (Houston)	Texas	USA	Nature		Planning	https://www.buffalobayou.org	Buffalo Bayou Park, Houston, TX 77019	29.76308	-95.37615		160 hectares of city park along the canal: sculpted gardens, art installations. Free admission. Houston has better nature than you expect.
Cadillac Ranch (Amarillo)	Texas	USA	Bizarre		Planning	https://www.cadillacranch.com	13651 I-40 Frontage Rd, Amarillo, TX 79124	35.18727	-101.98721		10 Cadillacs half-buried in the Texan plains, completely covered in graffiti. Bring your own spray can and contribute. Free, 24/7. Serge: this has been there for 50 years and it is growing.
Dallas Arboretum (spring festival)	Texas	USA	Nature		Planning	https://www.dallasarboretum.org	8525 Garland Rd, Dallas, TX 75218	32.82632	-96.71516		Spectacular tulips and spring flowers in April. Dallas Blooms: the largest flower festival in the South. Beautiful for Els.
El Real Tex-Mex - former Houston restaurant (closed 2019)	Texas	USA	Restaurant		Planning		1201 Westheimer Rd, Houston, TX 77006	29.74411	-95.39308		Tex-Mex in the historic Tower Theater building. Crispy beef tacos, enchiladas verdes, margaritas. Els: this is the real Tex-Mex, not the Chipotle version.
Enchanted Rock State Natural Area	Texas	USA	Nature		Planning	https://tpwd.texas.gov/state-parks/enchanted-rock	16710 Ranch Rd 965, Fredericksburg, TX 78624	30.49604	-98.81996		Gigantic pink granite dome: 130 meters high, 3 km wide. Native Americans believed that the spirits of the dead lived inside it at night. Sunset from the top = photographic.
Float the Frio River (Garner SP)	Texas	USA	Nature		Planning	https://tpwd.texas.gov/state-parks/garner	234 RR 1050, Concan, TX 78838	29.60458	-99.74473		Gently floating on an inflatable ring through a crystal-clear river. Garner State Park on the Frio: a popular Texas summer vacation spot. Els and Serge: relaxed and beautiful.
Flower Field of Ennis (Bluebonnets)	Texas	USA	Nature		Planning		Ennis, TX 75119	32.31853	-96.62106		Texas state flower, Bluebonnet: blooms late March / April. Ennis is the official Bluebonnet Capital: fields full of blue. Free to look at along the roads.
Franklin Barbecue (Austin)	Texas	USA	Restaurant		Planning	https://www.franklinbbq.com	900 E 11th St, Austin, TX 78702	30.27016	-97.73127		#1 BBQ in the world according to many rankers. The line starts at 6 am, before opening time at 11 am. If it runs out: too bad. Serge: this is the only reason to stand in line for 5 hours.
George Ranch Historical Park (Houston)	Texas	USA	Historic		Planning	https://www.georgeranch.org	10215 FM 762 Rd, Richmond, TX 77469	29.49756	-95.68237		Texas ranch life from 1830-1930 in one park. Live cowboys, cattle driving, cowboy kitchen. Time capsule of the Texas ranching tradition.
Guadalupe Mountains NP	Texas	USA	Nature		Planning	https://www.nps.gov/gumo	400 Pine Springs, Salt Flat, TX 79847	31.74531	-105.08095		Highest point in Texas: Guadalupe Peak (2,667m). National Parks Pass: FREE. 265-million-year-old fossil reef.
Hamilton Pool Preserve	Texas	USA	Nature		Planning	https://parks.traviscountytx.gov/parks/hamilton-pool-preserve	24300 Hamilton Pool Rd, Dripping Springs, TX 78620	30.34018	-98.13165		Hidden grotto with a waterfall that drops 15 meters into an emerald green pool. Reservations required due to popularity. Els: This is the most beautiful swimming hole in Texas.
Hotel Emma (San Antonio)	Texas	USA	Hotel		Planning	https://www.thehotelemma.com	136 E Grayson St, San Antonio, TX 78215	29.44260	-98.48073		Former brewery converted into a luxury hotel in the Pearl District. Brewhouse cellars as a lobby, vintage brewing equipment as decoration. Els: this is the most beautiful hotel concept of the trip.
Hotel Van Zandt (Austin)	Texas	USA	Hotel		Planning	https://www.hotelvanzandt.com	605 Davis St, Austin, TX 78701	30.26004	-97.73914		Music-inspired design hotel in the Rainey Street district. Live music in the hotel every evening. Rainey Street: Austin's best bar/restaurant strip.
Jester King Brewery (Austin)	Texas	USA	Brewery/Distillery		Planning	https://www.jesterkingbrewery.com	13187 Fitzhugh Rd, Austin, TX 78736	30.23072	-97.99922		Farmhouse brewery on 50 hectares in the Hill Country. Wild fermentation with local microorganisms: every batch unique. Els: this is the Belgian lambic equivalent of Texas.
La Barbecue (Austin)	Texas	USA	Restaurant		Planning	https://www.labarbecue.com	2027 E Cesar Chavez St, Austin, TX 78702	30.25612	-97.72236		Competition for Franklin: female-run BBQ pit, just as good. Shorter line than Franklin. Els: brisket so tender you don't need a knife.
Luckenbach Texas (legendary honky-tonk)	Texas	USA	Bizarre		Planning	https://www.luckenbachtexas.com	412 Luckenbach Town Loop, Fredericksburg, TX 78624	30.17902	-98.75625		Village of 3 inhabitants but the most famous honky-tonk in Texas. Waylon Jennings wrote a song about it. Live country every night, $5 beer.
Marfa (artscene + mystery lights)	Texas	USA	Bizarre		Planning	https://www.visitmarfa.com	Marfa, TX 79843	30.30946	-104.02062		Art village in the middle of the desert: Donald Judd's minimalist art permanently installed in an abandoned army base. Marfa Lights: mysterious floating lights at night — free viewing at the Viewing Area. Els: this is the most bizarre and beautiful village in Texas.
Naturist: Hippie Hollow (Austin)	Texas	USA	Naturist		Planning	https://parks.traviscountytx.gov/parks/hippie-hollow	7000 Comanche Trail, Austin, TX 78732	30.41257	-97.88396		Texas' only legal public nude beach on Lake Travis. County park: paid admission, 18+ only. Els and Serge: this is legal nudity at a lake in Texas — unique.
Padre Island National Seashore	Texas	USA	Nature		Planning	https://www.nps.gov/pais	20420 Park Rd 22, Corpus Christi, TX 78418	27.42417	-97.30002		Longest barrier island in the world: 113 km of pristine beach. National Parks Pass: FREE. Sea turtles lay eggs here.
Palo Duro Canyon (Texas Grand Canyon)	Texas	USA	Nature		Planning	https://tpwd.texas.gov/state-parks/palo-duro-canyon	11450 Park Rd 5, Canyon, TX 79015	34.98474	-101.70185		Second largest canyon in the US: 30 km wide, 300 meters deep. Texas Prairie is BORING? Not here. E-bikes on the canyon floor trails.
Perot Museum of Nature and Science	Texas	USA	Museum		Planning	https://www.perotmuseum.org	2201 N Field St, Dallas, TX 75201	32.78628	-96.80711		Modern architecture + dinosaurs + space + sports. 12-meter-long T-rex skull. Els and Serge: this is a day activity.
San Antonio River Walk	Texas	USA	Scenic Route		Planning	https://www.thesanantonioriverwalk.com	849 E Commerce St, San Antonio, TX 78205	29.42338	-98.48407		4 km canal path below street level: restaurants, hotels, galleries along the water. Gondola ride on the water. Night: illuminated and romantic.
San Jacinto Monument (taller than Eiffel)	Texas	USA	Bizarre		Planning	https://www.sanjacinto-museum.org	3523 Independence Pkwy S, La Porte, TX 77571	29.75166	-95.09000		177-meter-high monument — taller than the Eiffel Tower — for the battle that gave Texas independence. Sits on top of a museum. Elevator to the star at the top.
SeaWorld San Antonio	Texas	USA	Theme Park		Planning	https://seaworld.com/san-antonio	10500 SeaWorld Dr, San Antonio, TX 78251	29.45639	-98.69995		SeaWorld + Aquatica water park next to San Antonio. Your SeaWorld Fun Card works here AFTER registration in Florida. Check the card terms and conditions for San Antonio.
Shiner Beer Factory tour	Texas	USA	Brewery/Distillery		Planning	https://www.shiner.com	603 E Brewery St, Shiner, TX 77984	29.43438	-97.16657		Free tour of the Spoetzl Brewery, founded in 1909 by Czech immigrants. Shinner Bock: Texas' most famous local beer. Small town, big brewery.
Six Flags Fiesta Texas (San Antonio)	Texas	USA	Theme Park		Planning	https://www.sixflags.com/fiestatexas	17000 W IH-10, San Antonio, TX 78257	29.65552	-98.62543		Six Flags Park — your Prestige Pass is valid here! The Roar Coaster and Superman are the highlights. Free with the pass you already have.
Sixth Street (Austin live music)	Texas	USA	Entertainment/sports		Planning	https://www.austintexas.org	E 6th St, Austin, TX 78701	30.26679	-97.73827		Live Music Capital of the World: 250+ venues, free music on the streets. Every night of the week: country, blues, rock, jazz. Serge: this surpasses Nashville for the pure music experience.
South by Southwest (SXSW)	Texas	USA	Festival		Planning	https://www.sxsw.com	Austin Convention Center, Austin, TX 78701	30.26430	-97.73930		March: film, music, tech — the largest event convergence in the world. Free showcases all over the city outside the festival. If the timing is right (March 2027): the holy grail of festivals.
South Congress Avenue (Austin)	Texas	USA	Bizarre		Planning	https://www.austintexas.org	South Congress Ave, Austin, TX 78704	30.24169	-97.75255		Austin's hippest street: vintage shops, food trucks, murals, neon lights. I Love You So Much mural: an Instagram must. Free to walk around.
Space Center Houston	Texas	USA	Museum		Planning	https://www.spacecenter.org	1601 E NASA Pkwy, Houston, TX 77058	29.55119	-95.09799		NASA's official visitor center: Mission Control original, Saturn V rocket, ISS training mockup. Saturn V: 111 meters long — you walk underneath it. Serge: this is his personal Mecca.
Stubb's BBQ (Austin)	Texas	USA	Restaurant		Planning	https://www.stubbsaustin.com	801 Red River St, Austin, TX 78701	30.26846	-97.73617		BBQ restaurant and open-air concert venue. C.B. Stubblefield was a legend in Texas music. Serge: food + live music.
Swingers: Le Trapeze (Dallas)	Texas	USA	Naturist		Planning		Dallas, TX 75201 (verifieer via SDC.com 2027)	32.78899	-96.79893		Dallas has an active lifestyle scene. Verify current location via SDC.com or Kasidie. Texas-style: large and well-organized.
Swingers: Utopia Lifestyle Resort (Cypress TX)	Texas	USA	Naturist		Planning	https://www.utopiaresort.com	14777 Mueschke Rd, Cypress, TX 77433	29.98731	-95.72012		One of the largest lifestyle resorts in the US, outside Houston. Pool, jacuzzi, spacious indoor/outdoor facilities. Verify with SDC.com for 2027 events.
Terlingua Ghost Town	Texas	USA	Ghost Town		Planning	https://www.terlingua.com	Terlingua, TX 79852	29.31032	-103.57840		Abandoned mercury mining town near Big Bend: bars, artists, and eccentricities. Not entirely abandoned: 200 people still live there, partly in ruins. Chile Cook-Off in November: legendary.
Texas State Cemetery (Austin)	Texas	USA	Historic		Planning	https://www.cemetery.state.tx.us	909 Navasota St, Austin, TX 78702	30.26706	-97.72659		Cemetery for Texas Heroes: Sam Houston, Stephen Austin, Ann Richards. Free, day admission. Beautiful resting place in the heart of Austin.
The Alamo	Texas	USA	Historic		Planning	https://www.thealamo.org	300 Alamo Plaza, San Antonio, TX 78205	29.42570	-98.48605		Where 189 Texans fought and died against 1,800 Mexicans in 1836. Free admission — donations welcome. Els: the story is gripping. Serge: 'Remember the Alamo' feels different when you stand there.
Alpine Distilling - Park City	Utah	USA	Brewery/Distillery		Planning	https://www.alpinedistilling.com	15 E Center St, Midvale, UT 84047	40.61095	-111.89150		#1 Distillery in Utah 2024 (Salt Lake Magazine)! Award-winning gin, whiskey, and liqueurs. Local ingredients. Artisanal and innovative. Park City + SLC locations. Tours + tastings available. Taking a bottle back to Malta?
Alta Ski Area ⛷️ Ikon (skiërs only)	Utah	USA	Ski Resort		Planning	https://www.alta.com	10068 E Highway 210, Alta, UT 84092	40.58925	-111.64147		Ikon Pass: 7 DAYS. NO snowboards! LEGENDARY world's best powder snow. Sunnyside lift: surprisingly good long beginner run for such a rugged mountain. BUT: jump beginner → intermediate is aggressive. 1 day for the authentic Utah powder experience. Serge: if there is fresh powder, make this a PRIORITY DAY. Combine with Snowbird (next door, not on Ikon).
Antica Forma - Moab	Utah	USA	Restaurant		Planning	https://anticaformamoab.com	334 N Main St, Moab, UT 84532	38.57816	-109.55037		Authentic Neapolitan pizza in the heart of canyon country! Wood-fired oven, Italian flour, local ingredients. Modern interior, casual atmosphere. Moab has a surprisingly good dining landscape. Best pizza 200 miles around.
Arches National Park	Utah	USA	Nature		Planning	https://www.nps.gov/arch	US-191, Moab, UT 84532	38.57061	-109.55078		More than 2,000 natural arches – the most in the world! Delicate Arch = Utah's icon. Fiery Furnace labyrinth. America the Beautiful pass valid! Spring + autumn: pleasant. Summer: 40°C+ in the canyon. Timed entry system – book AHEAD during the season!
Baker Hot Springs - Delta	Utah	USA	Nature		Planning	https://hotspringhunt.com	Baker Hot Springs Rd, Delta, UT 84624	39.56962	-112.76228		FREE wild hot springs in the Utah desert! 3 primitive cement pools in the middle of nowhere. Clothing optional (BLM grounds). Goldbug style! Delta, 2 hours from SLC. Off-road final kilometers. 4WD recommended. No facilities. Pure nature.
Bonneville Salt Flats	Utah	USA	Bizarre		Planning	https://www.blm.gov/visit/bonneville-salt-flats	Exit 4 op I-80, Wendover, UT 84083	40.74447	-114.02285		30,000 hectares of white salt - NOTHING else. Pure surrealism. Speed ​​wheel records broken here. Cars drive 600+ km/h! The ground looks like snow but is rock-hard salt. FREE. Best visited: morning or evening (heat!) July-August: Speed ​​Week. Epic otherwise.
Bonneville Speedway / Salt Flats Racing	Utah	USA	Museum		Planning	https://bonnevillespeedway.com	Bonneville Salt Flats International Speedway, Wendover, UT	40.73855	-114.02255		Legendary cars that broke land speed records! Thrust SSC, Blue Flame, Spirit of America - face to face. Wendover: half Utah, half Nevada - casinos on the other side. Small museum but authentic. Combine with the Salt Flats drive for a complete Bonneville day.
Bridal Veil Falls - Provo Canyon	Utah	USA	Nature		Planning	https://stateparks.utah.gov	Provo Canyon, Hwy 189, Provo, UT 84604	40.20769	-111.65970		607-foot double waterfall - SPECTACULAR in the spring! Used to be a tramcar going up (destroyed in an avalanche in 1996). Now hiked via a short path. FREE parking. Provo Canyon = most beautiful mountain drive near SLC. Spring: maximum water volume. Summer: busier but still beautiful.
Bryce Canyon National Park	Utah	USA	Nature		Planning	https://www.nps.gov/brca	Bryce, UT 84764	37.67397	-112.15640		Orange and red hoodoos as far as the eye can see! Sunrise at Inspiration Point = a religious experience. America the Beautiful pass valid! Highest point: 2,700m - cooler than other parks. Autumn: snow hoodoos. Summer: very crowded but unforgettable.
Burr Trail Road	Utah	USA	Scenic Route		Planning	https://utah.com	Boulder, UT 84716	37.90813	-111.42427		Legendary 4WD drive through the Escalante wilderness! Switchbacks in Circle Cliffs = cinematic and slightly terrifying. From Boulder to Capitol Reef 66 miles. F-150 recommended - dry season OK with 2WD. Grand Staircase-Escalante National Monument, FREE.
Canyonlands Ballooning - Moab	Utah	USA	Aviation		Planning	https://canyonlandsballooning.com	Moab, UT 84532	38.57329	-109.55077		SUNRISE balloon over Arches + Canyonlands! Since 2008. Family business. 60+ minutes. Arches sandstone floats past. La Sal Mountains horizon. Max 16 passengers. Champagne landing. Spring and autumn are the best times. Book weeks in advance!
Canyonlands National Park	Utah	USA	Nature		Planning	https://www.nps.gov/cany	Moab, UT 84532	38.57329	-109.55077		Utah's largest national park - four totally different districts! Island in the Sky: a breathtaking mesa view. Needles: red needle rocks, backpacking, 4WD. America the Beautiful pass valid! Less visited than Arches but just as spectacular.
Capitol Reef National Park	Utah	USA	Nature		Planning	https://www.nps.gov/care	Torrey, UT 84775	38.29887	-111.41907		Utah's least known Big-5 park - WRONGLY! Waterpocket Fold: geological wonder, 100 miles long. Gifford Farmhouse: selling fresh apple pie in a national park! America the Beautiful pass valid! Least crowded of the Mighty Five. Torrey as home base.
Carl's Critter Garden - Hanksville	Utah	USA	Bizarre		Planning	https://roadsideamerica.com	Hanksville, UT 84734	38.37304	-110.71404		Garden FULL of dinosaur sculptures made from old machine parts! Carl's outsider art at its purest: recycled metal monsters. Hanksville is the end of the world anyway. FREE to view. Small but fantastically bizarre. Combined with Goblin Valley: perfect weird day in central Utah.
Dead Horse Point State Park	Utah	USA	Nature		Planning	https://stateparks.utah.gov/parks/dead-horse	Dead Horse Point Rd, Moab, UT 84532	38.46975	-109.73953		MOST PHOTOGRAPHED spot in Utah (so they say)! Colorado River makes a 300° turn 1,800 feet UNDER your feet. Filming location of Thelma & Louise (the end!) Near Canyonlands Island in the Sky. $20 state park, ATB pass NOT valid. Always worth it!
Deer Valley Resort ⛷️ Ikon (skiërs only)	Utah	USA	Ski Resort		Planning	https://www.deervalley.com	2250 Deer Valley Dr S, Park City, UT 84060	40.62258	-111.48508		Ikon Pass: 7 DAYS. NO snowboards - skiers only! Highest-rated adult ski instruction in the US. Impeccably groomed slopes = beginner paradise. ELS PRIORITY! Book premium lessons here. Accommodation and dining: SO EXPENSIVE - stay in Park City and drive up. 2002 Olympic slopestyle venue. One of the BEST experiences for Els of the entire trip!
Dinosaur National Monument - Utah kant	Utah	USA	Bizarre		Planning	https://www.nps.gov/dino	11625 E 1500 S, Jensen, UT 84035	40.43428	-109.49405		1,500+ dinosaur BONES IN THE ROCK WALL - literally! Quarry Exhibit Hall: glass wall displays real fossils in situ. Colorado + Utah border splits the park. America the Beautiful pass valid! Jensen side has the dinosaurs. Vernal for hotels.
Fisher Brewing - Salt Lake City	Utah	USA	Brewery/Distillery		Planning	https://www.fisherbrewing.com	320 W 800 S, Salt Lake City, UT 84101	40.75216	-111.90045		SLC's most acclaimed craft brewery - employee-owned! 100+ unique beers brewed per year. Granary District: SLC's hippest neighborhood. Large taproom + terrace. Best IPAs: Salt Flats + Kicker. Visitor favorite.
Flying J Truck Museum - Tooele	Utah	USA	Museum		Planning	https://roadsideamerica.com	Tooele, UT 84074	40.53078	-112.29828		Collection of vintage trucks + bizarre mechanical artifacts! Personal museum of a truck enthusiast. Tooele: 40 min from SLC towards Nevada. Small, unexpected, free. The Utah desert is full of these kinds of private obsession museums.
Fresh Starts Club - Salt Lake City	Utah	USA	Naturist		Planning	https://kasidie.com	2131 S W Temple, Salt Lake City, UT 84115	40.72464	-111.89375		Utah's most famous lifestyle club! Est. 1995. Couples, women, and select single men. On-premise. Vetting required by phone. Salt Lake City – a spicy contrast to the LDS capital! Contact via Kasidie ​​or directly. Call in advance.
Gilgal Sculpture Garden	Utah	USA	Bizarre		Planning	https://gilgalgarden.org	749 E 500 S, Salt Lake City, UT 84102	40.75933	-111.86934		Mormon bishop built his own apocalyptic sculpture park! Joseph Smith as the Sphinx. Himself in brick pants ('Mr. Brick Pants'). Carved entirely by hand between 1945 and 1963. Now a FREE city park. Completely bizarre and unique. Small but ABSOLUTELY worth it. Combine with SLC day.
Gilgal Wish Tree - Provo	Utah	USA	Bizarre		Planning	https://roadsideamerica.com	Provo, UT 84601	40.21286	-111.72569		Tree COVERED with coins, cans, and bottles full of wishes! Uttah's version of a wishing well – but a tree. Local tradition that no one really knows how it started. FREE. Provo center. Quick photo stop. Add your own wish! Belgian francs if you have one.
Goblin Valley State Park	Utah	USA	Bizarre		Planning	https://stateparks.utah.gov/parks/goblin-valley	Temple Mountain Rd, Green River, UT 84525	38.79040	-110.71006		THOUSANDS of rock formations that look like aliens! Hoodoos, goblins, mushroom boulders - surreal moonscape. Walk freely AMONG the rock monsters. No paths! Just go. Filming location of Galaxy Quest (1999). Star Trek fans: pilgrimage! America the Beautiful pass NOT valid - state park.
Great Salt Lake - Antelope Island	Utah	USA	Bizarre		Planning	https://stateparks.utah.gov/parks/antelope-island	4528 W 1700 S, Syracuse, UT 84075	41.08905	-112.12022		Great Salt Lake: 8x saltier than the ocean - you DON'T SINK! Antelope Island: 600 bison on an open island in the lake. Pink color due to halophilic algae (swimming = ticklish). Bizarre extreme salt experience. Shower IMMEDIATELY afterward. State park. Best spring/fall - summer = mosquitoes AND stench!
Hell's Backbone Grill - Boulder	Utah	USA	Restaurant		Planning	https://hellsbackbonegrill.com	20 N Hwy 12, Boulder, UT 84716	37.76065	-111.69646		FARM-TO-TABLE in the heart of nowhere! Almost everything on the menu is home-grown or local. Vegetarian-friendly. Buddhist owners. Boulder: 200 inhabitants. Restaurant: nationally renowned. Book weeks in advance. Best food on Utah 12.
High West Distillery - Wanship	Utah	USA	Brewery/Distillery		Planning	https://www.highwest.com	27649 Old Lincoln Hwy, Wanship, UT 84017	40.79936	-111.44633		Utah's FIRST legal distillery after Prohibition (1870-2000)! Americana Whiskey + Double Rye are nationally renowned. Tour + tasting. Historic ranch location. Park City: 15 min. Perfect après-ski stop. Best whiskey in the Rockies. Seriously.
High West Saloon - Park City	Utah	USA	Restaurant		Planning	https://www.highwest.com/saloon	703 Park Ave, Park City, UT 84060	40.64648	-111.49853		America's only ski-in, ski-out DISTILLERY! House-made whiskey with après-ski food. Park City's coolest spot. Historic building. Whiskey flights + roast meats = Utah enjoyment. Reserves for dinner. Bar: first come first served.
Hole N' The Rock - Moab	Utah	USA	Bizarre		Planning	https://www.holeintherock.com	11037 S US-191, Moab, UT 84532	38.69474	-109.69818		5,000 m² home CARVED OUT of a sandstone rock! Albert Christensen built this for 12 years with his bare hands. Zoo, gallery, and Navajo pottery next door. Along US-191 just outside Moab. Roadside classic! Guided tours of the rock chambers. DO NOT miss.
Kingston Canyon - Polygamy Town	Utah	USA	Bizarre		Planning	https://utah.com	Kingston, UT 84743	38.20831	-112.18770		Active FLDS polygamy community in a remote canyon! Kingston Clan: 100+ women, dozens of children per man. Can be seen from the outside - do not enter. In the middle of nowhere, 3 hours from SLC. Most bizarre: ordinary Walmart pickup trucks + women in pioneer dresses.
Lucin Ghost Town	Utah	USA	Ghost Town		Planning	https://utah.com	Lucin, UT 84039	41.34833	-113.90417		Former train station, now abandoned micro-community. One DIY kite flyer living in a hangar – that’s all! Alas Obscura calls it 'a proto-micronation of artists'. Near Sun Tunnels – perfect combo. FREE, abandoned, end-of-the-world atmosphere.
Metaphor: The Tree of Utah	Utah	USA	Bizarre		Planning	https://utah.com	I-80 milepost 26, Bonneville Salt Flats, UT	40.74421	-112.63558		87-foot-tall PSYCHEDELIC tree in the middle of the salt flats! Swedish artist Karl Momen built this in 1986. Concrete trunks covered with colorful ceramic spheres. Along I-80 towards Nevada. FREE. Completely surreal. Best contrast: tiny tree on ENDLESS white expanse.
Moab Brewery	Utah	USA	Brewery/Distillery		Planning	https://themoabbrewery.com	686 S Main St, Moab, UT 84532	38.56265	-109.54975		THE ONLY full-service microbrewery in Moab! Dead Horse Amber Ale = local legend. Large patio. Popular after visiting the national park. Utah beer rules = 5% ABV max on tap - bring your own pitchers! Hikers, cyclists, climbers: everyone here.
Moab Brewery - Moab	Utah	USA	Brewery/Distillery		Planning	https://themoabbrewery.com	686 S Main St, Moab, UT 84532	38.56265	-109.54975		Only microbrewery in Moab! Post-hike MANDATORY. Dead Horse Amber Ale, a local legend. Utah beer rules: 5% max. Take pitchers outside. Big place, good food, no pretension. Moab Adventure Center is next door.
Moab Skydiving	Utah	USA	Aviation		Planning	https://www.sorrelriver.com/experiences/air-adventures/	Moab, UT 84532	38.57329	-109.55077		Tandem skydive over the Red Canyon canyons of Moab! 10,000 feet altitude. 60 seconds free fall. Arches and Canyonlands panorama from the air. Small plane, personal approach. Via Sorrel River Ranch and local operators.
Mystic Hot Springs - Monroe	Utah	USA	Nature		Planning	https://www.mystichotsprings.com	475 E 100 N, Monroe, UT 84754	38.63394	-112.11039		GOLDBUG STYLE, but paid and with vintage bathtubs! Antique clawfoot bathtubs IN the geothermal water. Clothing optional after dark. Hippie vibe, live music. Monroe, 3 hours from SLC. Camping on site. Perfect stopover on the way to Bryce Canyon. Unique concept!
Newspaper Rock State Historic Monument	Utah	USA	Historic		Planning	https://stateparks.utah.gov	Hwy 211, Monticello, UT 84535	38.08522	-109.56910		2,000 years of petroglyphs on ONE rock – the most in the US! Fremont, Navajo, Anasazi, and Anglo – they all signed here. FREE. Right by the road. Short 5-minute stop. Road to Canyonlands Needles District. Best photographed: cloudy day (no harsh shadows).
Nine Mile Canyon Petroglyphs	Utah	USA	Historic		Planning	https://www.blm.gov	Nine Mile Canyon Rd, Price, UT 84501	39.63599	-110.63197		'World's Longest Art Gallery' - 40+ miles full of petroglyphs! Fremont Indians scratched here thousands of years ago. Bison, hunters, snake rituals - all in the rocks. Unpaved road but normally accessible by car. FREE. Little visited. Combine with Price as a base.
Painted Pony - St. George	Utah	USA	Restaurant		Planning	https://www.painted-pony.com	2 W St. George Blvd, St. George, UT 84770	37.11047	-113.58412		Fine dining with Southwestern flair in St. George! Rattlesnake chili + local organic ingredients. Upscale but not pretentious. St. George: gateway to Zion of the West. Good dinner for the Zion day trip.
Paria Canyon / Vermilion Cliffs	Utah	USA	Nature		Planning	https://www.blm.gov	US-89 bij Kanab, UT 84741	37.03995	-112.50862		WILD mountain goats on fuchsia/orange cliffs! Condor viewing: 40+ California Condors on the heat lift. Wave permit lottery from here (Arizona side). Kanab as a base. FREE cliff viewing from the outside. Near Page AZ and Antelope Canyon. Beautiful cluster.
Ray's Tavern - Green River	Utah	USA	Restaurant		Planning	https://www.facebook.com/RaysTavernGreenRiver	25 S Broadway, Green River, UT 84525	38.99505	-110.16485		Legendary 'river rat mecca' of Utah! Chargrilled burgers + local beer. No frills. Ratters, motorcyclists, and travelers meet. Green River: perfect stopover Moab ↔ Price. Has been open for decades. Local culture at its purest.
Red Iguana - Salt Lake City	Utah	USA	Restaurant		Planning	https://www.rediguana.com	736 W North Temple, Salt Lake City, UT 84116	40.77187	-111.91249		SLC's best MOLE sauces - 7 varieties available at once! Legendary Mexican restaurant, always a line outside. Family-run. Local favorite for decades. North Temple, 10 min from the center. Bes: lunch service avoids wait times.
Republic of Zaqistan	Utah	USA	Bizarre		Planning	https://zaqistan.com	Wendover, UT 84083	40.73715	-114.03751		MICRONATION on BLM land in the Utah desert! Artist Zaq Landsberg bought the plot in 2005 for $610. Own passport, flag, constitution, and border guard (a robot). Near Wendover. GPS coordinates on the website. FREE to visit if you can find it. Absurd performance art.
Scenic Biplane Rides - Moab	Utah	USA	Aviation		Planning	https://moabadventurecenter.com	225 S Main St, Moab, UT 84532	38.56996	-109.55043		Biplane above the canyon landscape! Open cockpit, wind in your hair, canyon below you. Canyonlands Airport as departure point. Small, intimate, unforgettable perspective. Bookable via Moab Adventure Center.
Snowbasin Resort ⛷️ Ikon	Utah	USA	Ski Resort		Planning	https://www.snowbasin.com	3925 Snowbasin Rd, Huntsville, UT 84317	41.20441	-111.87987		Ikon Pass: 7 DAYS. First Utah stop. Littlecat base area = fantastic protected beginner zones for Els. Luxury day lodges = perfect break. NO slopeside hotels - drive up from Ogden every morning. 2002 Olympic Games location. Spectacular mountain scenery. Less crowded than Park City resorts!
Solitude Mountain Resort ⛷️ Ikon	Utah	USA	Ski Resort		Planning	https://www.solitudemountain.com	12000 Big Cottonwood Canyon Rd, Solitude, UT 84121	40.61090	-111.59688		Ikon Pass: UNLIMITED. Perfect relaxed practice day! The Link lift = quiet, slow, and gentle - perfect for Els. 1-2 day stop recommended. Big Cottonwood Canyon traffic can be extremely bad on powder days. Quieter alternative vs. busy Park City. Free bus from Salt Lake City available. Less touristy than neighbors.
Sorrel River Ranch - Moab	Utah	USA	Hotel		Planning	https://sorrelriver.com	Mile 17 Hwy 128, Moab, UT 84532	38.69860	-109.39688		RIVERFRONT ranch resort on the Colorado River! 4,000-acre ranch. Horseback riding, river floating. Luxurious suites with canyon views. High-end, but the LOCATION is unparalleled. 17 miles from Moab. Silence, space, starry skies.
Summum Pyramid - Salt Lake City	Utah	USA	Bizarre		Planning	https://www.summum.us	707 Genesee Ave, Salt Lake City, UT 84104	40.75067	-111.91145		Small pyramid as the HQ of an obscure religion that makes mummies! Summum: a mix of ancient Egyptian and modern philosophy. They embalm animals *and* people. Preserved for eternity. Tours available by appointment. FREE to view from the outside. SLC's craziest landmark. No one knows it exists.
Sun Tunnels - Lucin	Utah	USA	Bizarre		Planning	https://dia.org/collection/sun-tunnels	Lucin, UT 84039	41.34833	-113.90417		4 concrete tunnels aligned with the SUMMER SUNNESTIL and WINTER NIGHT! Nancy Holt (1976) created this land art masterpiece. Holes in the tunnels form constellations in daylight. In the middle of the West Desert - 45 min from Wendover. FREE. Solstice periods are MAGICAL. Far away, hugely worth the effort.
The Burrito Lady - Torrey	Utah	USA	Restaurant		Planning	https://www.theburritolady.com	Torrey, UT 84775	38.29887	-111.41907		Iconic little taco truck at Capitol Reef! Handmade burritos + fresh salsas. Torrey's most talked-about eatery. Simple but perfect. Drives by the station or find the location on social media. Cash only. Go early because it sells out.
This Is The Place Heritage Park	Utah	USA	Historic		Planning	https://www.thisistheplace.org	2601 E Sunnyside Ave, Salt Lake City, UT 84108	40.75454	-111.81661		Brigham Young stood here and said 'This is the place!' (1847). Living historical village with Pioneer period buildings. Costumest actors. Crafts, trains, animals. The 'This is the place' monument is free. The park pays. SLC day out. Children love it.
Thistle Ghost Town	Utah	USA	Ghost Town		Planning	https://utah.com	Thistle, UT 84638	39.50833	-112.26225		Ghost town swallowed by a GIGANTIC mudslide! In 1983, a landslide blocked the canyon. The town drowned. The ruins are still visible along US-6. FREE to see from the car. Short walk possible. Spanish Fork Canyon. Quick stop towards Price.
Topaz Mountain - Gemstone Digging	Utah	USA	Bizarre		Planning	https://www.blm.gov	Topaz Cove Rd, Juab County, UT 84624	39.79012	-113.06234		Dig your own topazes out of the desert soil! BLM soil: completely FREE and legal. 1 kilo per day. Juab County desert - 90 min from SLC. Best time: autumn and spring (summer is dangerous). Bring: hammer, chisel, gloves. Pure treasure hunting!
Torrey Schoolhouse B&B	Utah	USA	Hotel		Planning	https://www.torreyschoolhouse.com	150 N Center St, Torrey, UT 84775	38.30131	-111.42078		Historic school building converted into a B&B! 1914 schoolhouse. Capitol Reef 10 min away. Cozy rooms, local breakfast, garden seating. Torrey: perfect base for Capitol Reef visitors. Booking in advance is essential during the season.
Under Canvas Bryce Canyon	Utah	USA	Hotel		Planning	https://www.undercanvas.com/camps/bryce-canyon	Hwy 89, near Bryce, UT 84764	39.37994	-111.58589		GLAMPING in luxury tents with a view of the stars! Comfortable tents with real beds + bathroom. Utah 12 Corridor. Bryce 15 min away. One of the most popular glamping resorts in the US. Sunset + Milky Way here = unforgettable.
UP House (Pixar-inspired) - Herriman	Utah	USA	Bizarre		Planning	https://roadsideamerica.com	13703 S Herriman Rose Blvd, Herriman, UT 84096	40.51054	-112.01670		Exact REPLICA of the UP house from the Pixar movie! Owner built to exact film specifications. Outside AND inside. Private residence - view outside only please. Herriman, 30 min from SLC. FREE photo stop. Instagram GOLD. Not affiliated with Disney.
Utah 12 Scenic Byway	Utah	USA	Scenic Route		Planning	https://www.scenicbyway12.com	SH-12 tussen Panguitch en Torrey, UT	37.76065	-111.69646		MOST BEAUTIFUL drive in the US - voted so multiple times! 124 miles through Grand Staircase, Bryce, Escalante, Capitol Reef. Hogback Ridge: road runs over a narrow mountain ridge with NO guardrails. Boulder, Escalante, Torrey as stopping points. Autumn: golden-yellow poplars + red rock = explosion.
Wasatch Naturists (Club - geen resort)	Utah	USA	Naturist		Planning	https://wasatchnaturists.com	Salt Lake City area, UT	40.76066	-111.89395		Utah's only active naturist club! Monthly skinny dip pool parties + outings. 18+ only. No permanent site - events-based. Trips to hot springs, Baker HS, outdoors. Contact Wasatch Naturists via website for events calendar.
Wendover Will Neon Sign	Utah	USA	Bizarre		Planning	https://roadsideamerica.com	1985 W Wendover Blvd, West Wendover, NV 89883	40.74094	-114.07740		63-foot-tall neon man with cowboy hat - iconic sign! The 'Blade Runner' neon of the desert. Technically Nevada but right next to the Utah border. FREE. Wendover Nevada casino side. Night: most impressively lit.
Zion National Park	Utah	USA	Nature		Planning	https://www.nps.gov/zion	Springdale, UT 84767	37.18887	-112.99855		Angels Landing: terrifying chain hike HIGH above the canyon. The Narrows: wade through the Virgin River - WET SHOES! America the Beautiful pass valid! Free shuttle from Springdale - car must be left behind. Spring/Autumn: perfect. Summer: 38°C in the canyon = sauna.
Ben & Jerry's Ice Cream Factory	Vermont	USA	Bizarre		Planning	https://www.benjerry.com/waterbury	1281 Waterbury-Stowe Rd, Waterbury, VT 05676	44.35295	-72.74020		Graveyard of Flavors: buried flavors that no longer exist. Factory tour: how Phish Food is made. Els: this is a pilgrimage. Free tasting after the tour.
Burlington Church Street Marketplace	Vermont	USA	Bizarre		Planning	https://www.churchstmarketplace.com	Church St, Burlington, VT 05401	44.47613	-73.21253		Pedestrian shopping street in the heart of Burlington. Farmers market, buskers, local shops. Waterfront directly behind: Lake Champlain sunset.
Cold Hollow Cider Mill	Vermont	USA	Brewery/Distillery		Planning	https://www.coldhollow.com	3600 Waterbury-Stowe Rd, Waterbury Center, VT 05677	44.38173	-72.72026		Freshly pressed apple cider before your eyes. Cider donuts baked while you watch. Els: cider donuts = reason to go to Vermont.
Covered Bridge Tour (Mad River Valley)	Vermont	USA	Scenic Route		Planning		Mad River Valley, Waitsfield, VT 05673	44.19264	-72.77985		15+ covered wooden bridges in the Mad River Valley. Autumn: red bridge + orange leaves = perfect photo. Free ride past all bridges.
Green Mountain National Forest - Long Trail	Vermont	USA	Scenic Route		Planning	https://www.fs.usda.gov/greenmountain	231 N Main St, Rutland, VT 05701	43.78900	-73.00070		America's OLDEST long-distance hiking trail (1910)! 483 km from Massachusetts to Canada, straight through the Green Mountains. Route 100 (Vermont's most beautiful road) runs parallel—perfect fall route. Countless day hike starting points. FREE. The Appalachian Trail also crosses here.
Hill Farmstead Brewery	Vermont	USA	Brewery/Distillery		Planning	https://hillfarmstead.com	403 Hill Rd, Greensboro Bend, VT 05842	44.60670	-72.26340		Best brewery in the world (RateBeer #1 for multiple years): in the middle of a field. Location: driving through the mountains is worth it. Serge: pilgrimage to the best brewery in the world.
Lake Champlain (Champy monster)	Vermont	USA	Bizarre		Planning	https://www.lakechamplainregion.com	Burlington waterfront, Burlington, VT 05401	44.48038	-73.22292		Our own Loch Ness monster: Champ, first sighted in 1609 by Samuel de Champlain. Boat trips on the lake: search for Champ included (mentally). Burlington: Vermont's nicest city on the lake.
Lawson's Finest Liquids	Vermont	USA	Brewery/Distillery		Planning	https://www.lawsonsfinest.com	155 Carroll Rd, Waitsfield, VT 05673	44.18787	-72.83524		Superpunch Imperial IPA: one of the most sought-after beers from New England. New taproom open in Waitsfield. Serge: two top breweries in Vermont = route like this.
Maple Syrup sugarbush tour	Vermont	USA	Bizarre		Planning	https://www.vermont.com/maple-syrup	Cabot area, VT 05647	44.41495	-72.26934		March-April: tapping and boiling maple sap in traditional sugarhouses. VT produces 50% of all American maple syrup. Els: this is the Belgian chocolate equivalent of the US.
MASS MoCA (North Adams, MA — Vermont border)	Vermont	USA	Bizarre		Planning	https://massmoca.org	1040 Mass MoCA Way, North Adams, MA 01247	42.70154	-73.11694		Largest art museum in North America: factory complex of 27 buildings. Permanent James Turrell and Sol LeWitt installations. Els: this is the top 5 art spot of the trip.
Montpelier (smallest US capital)	Vermont	USA	Bizarre		Planning	https://www.montpelier-vt.org	Montpelier, VT 05602	44.26006	-72.57539		Smallest state capital in the US: 8,000 inhabitants. Golden Dome State House free to visit. Walk from one end to the other in 15 minutes.
Moss Glen Falls - Stowe	Vermont	USA	Nature		Planning	https://vtstateparks.com	Moss Glen Falls Rd, Stowe, VT 05672	44.51270	-72.64530		Vermont's most beautiful waterfall in a gorge full of moss and ferns – a 37m drop in a surreal setting. Short walk (800m). Autumn is also fantastic – golden leaves surround the water. FREE. Easy to combine with Mt Mansfield or Smugglers Notch. Very little visited.
Mount Mansfield - Stowe	Vermont	USA	Nature		Planning	https://www.stowe.com/explore-the-resort/activities/mount-mansfield	5781 Mountain Rd, Stowe, VT 05672	44.54360	-72.81430		Highest point in Vermont (1,339m)! Take the gondola or toll road up, or hike. Views of 5 states plus Canada on a clear day. In autumn: the Green Mountains are ablaze with yellow, orange, and red. The Stowe area is *the* Vermont destination for autumn. Gondola approx. $30pp.
Naturist: geen AANR resort VT	Vermont	USA	Naturist		Planning		Dichtstbijzijnde: New Hampshire of Massachusetts	42.40721	-71.38244		Vermont has no official AANR naturist resort. Private skinny dipping at the many lakes is common. Nearest AANR: Sandy Terraces CT or Solair RI.
Pitcher Inn (Warren)	Vermont	USA	Hotel		Planning	https://www.pitcherinn.com	275 Main St, Warren, VT 05674	44.11463	-72.85557		Luxury boutique inn in Mad River Valley: every room has a Vermont theme. Best restaurant in the region. Above budget, but the experience is unique.
Quechee Gorge (Vermont's Grand Canyon)	Vermont	USA	Nature		Planning	https://vtstateparks.com/quechee	5800 Woodstock Rd, Hartford, VT 05059	43.64444	-72.42458		18-meter-deep crack in the landscape: shortest walk to a spectacular view. Free parking, free bridge over it. Combine with Woodstock Village.
Robert Frost's Farm (Ripton)	Vermont	USA	Historic		Planning	https://www.middlebury.edu/arts-humanities/frost-farm	Homer Noble Farm, Ripton, VT 05766	43.96673	-73.00458		Robert Frost wrote his best poems here in the summers. Public walking path past his house and forest. Free — literary pilgrimage in the most beautiful VT landscape.
Rock of Ages Quarry (Barre)	Vermont	USA	Bizarre		Planning	https://www.rockofages.com	560 Graniteville Rd, Graniteville, VT 05654	44.15560	-72.49235		Deepest active granite quarry in the world: 150 meters deep. From a viewing platform, you look down at men carving out stones. Serge: the scale is unimaginable.
Shelburne Museum (37 buildings)	Vermont	USA	Bizarre		Planning	https://www.shelburnemuseum.org	6000 Shelburne Rd, Shelburne, VT 05482	44.37327	-73.23228		37 historic buildings towed from all over New England to one location. A carousel, a steamboat, a lighthouse, a circus tent — all original. Els: this is a museum that is a village.
Smugglers' Notch State Park	Vermont	USA	Nature		Planning	https://www.vtstateparks.com/parks/smugglers-notch	6443 Mountain Rd, Stowe, VT 05672	44.57140	-72.78970		Dramatic mountain canyon filled with gigantic boulders – 19th-century smugglers used this path for forbidden whiskey to Canada! Bizarre rock formations with names like The King and The Singing Bird. Second highest point in Vermont. Road open only in summer. $5 day pass.
St. Johnsbury Athenaeum	Vermont	USA	Bizarre		Planning	https://www.stjathenaeum.org	1171 Main St, St. Johnsbury, VT 05819	44.41839	-72.02150		Victorian library with an original 1871 art gallery — never modernized. Albert Bierstadt's 'Domes of the Yosemite' painting dominates the space. Free, surreal time capsule.
Stowe (ski + fall foliage)	Vermont	USA	Nature		Planning	https://www.gostowe.com	51 Main St, Stowe, VT 05672	44.46562	-72.68641		Most beautiful village in Vermont: Stowe Pinnacle walk, village church, beautiful main street. Autumn (Sept-Oct): richest colors of New England. Ikon Pass: Mount Mansfield ski area also in winter.
Stowe Cider	Vermont	USA	Brewery/Distillery		Planning	https://www.stowecider.com	1799 Main St, Stowe, VT 05672	44.46537	-72.68587		Craft cidery in Stowe: Vermont apples, wild fermentation. Els: cider is the Belgian beer of Vermont.
Swingers: VT lifestyle scene	Vermont	USA	Naturist		Planning		Burlington, VT 05401 (verifieer SDC.com)	44.47584	-73.21212		Vermont is too small for permanent lifestyle clubs. Private events in Burlington via SDC.com. Boston (3h) has many more options.
The Inn at Shelburne Farms	Vermont	USA	Hotel		Planning	https://www.shelburnefarms.org	1611 Harbor Rd, Shelburne, VT 05482	44.39564	-73.24734		Victorian country house on a 400-hectare working organic farm. Farm-made cheese breakfast every morning. Els: This is the most Vermont thing in the world.
Trapp Family Lodge (Stowe)	Vermont	USA	Hotel		Planning	https://www.trappfamily.com	700 Trapp Hill Rd, Stowe, VT 05672	44.46545	-72.74523		Hotel built by the Sound of Music family after their flight from Austria. Austrian lodge style in the green Vermont hills. Serge: von Trapp family + beer + mountains = agreed.
Vermont Country Store (Weston)	Vermont	USA	Bizarre		Planning	https://www.vermontcountrystore.com	657 Main St, Weston, VT 05161	43.29078	-72.79273		General store as it existed in 1897: flame retardants, old-fashioned candy, flannel underwear. Nostalgia as a product. Free to browse, buying optional.
Vermont Teddy Bear Factory (Shelburne)	Vermont	USA	Bizarre		Planning	https://www.vermontteddybear.com	6655 Shelburne Rd, Shelburne, VT 05482	44.36151	-73.23000		Factory tour: how the famous teddy bears are made. You can design your own bear. Funnier than expected.
Woodstock Village	Vermont	USA	Bizarre		Planning	https://www.woodstockvt.com	Woodstock, VT 05091	43.62424	-72.51851		The most English village in America: covered bridges, church, commons, everything perfect. National Geographic called it the 'most beautiful village in America' in 1938 — still true. Free to walk around.
Abingdon (Virginia Highlands)	Virginia	USA	Historic		Planning	https://www.abingdon.com	Abingdon, VA 24210	36.70983	-81.97735		Victorian town with the oldest theater west of the Alleghenies. Virginia Creeper Trail: Virginia's best rail-to-trail bike route. E-bikes perfect: 56 km trail.
Appalachian Trail (Harpers Ferry start)	Virginia	USA	Nature		Planning	https://www.appalachiantrail.org	Harpers Ferry, WV 25425	39.32538	-77.73888		Harpers Ferry is the midpoint of the AT: 3,500 km trail. Historic town where John Brown made his raid in 1859. Day trips on the AT in Virginia are spectacular.
Arlington National Cemetery	Virginia	USA	Historic		Planning	https://www.arlingtoncemetery.mil	Arlington, VA 22211	38.88258	-77.07659		JFK, Robert Kennedy, astronauts, and plane crash victims are buried here. Free admission, Changing of the Guard every half hour. Impressive and quiet.
Blue Ridge Parkway (VA sectie)	Virginia	USA	Scenic Route		Planning	https://www.nps.gov/blri	Waynesboro to Rocky Knob, VA	38.06847	-78.88947		Virginia's section of the Blue Ridge Pkwy: 217 km from the NC border to Shenandoah NP. National Parks Pass: FREE. Autumn here = absolutely spectacular.
Breaks Interstate Park (Grand Canyon of the South)	Virginia	USA	Nature		Planning	https://www.breakspark.com	627 Commission Circle, Breaks, VA 24607	37.28588	-82.29444		Largest canyon east of the Mississippi: Russell Fork River. Virginia and Kentucky share the park. Class IV-V whitewater rafting in October: spectacular.
Charlottesville wine tour (Monticello Wine Trail)	Virginia	USA	Scenic Route		Planning	https://monticellowinetrail.com	Charlottesville wine region, VA	38.03018	-78.47694		30+ Wineries on the Monticello Wine Trail: Thomas Jefferson started here with Italian grapes.  Autumn: grape harvest plus foliage.  Els: this is Virginia at its best.
Chincoteague National Wildlife Refuge	Virginia	USA	Nature		Planning	https://www.fws.gov/refuge/chincoteague	8231 Beach Rd, Chincoteague Island, VA 23336	37.90855	-75.35636		Wild ponies on Assateague Island — the same as near Maryland but on the Virginia side. National Parks Pass: admission. Pony swim every July: horses swim across the channel.
Colonial Williamsburg	Virginia	USA	Historic		Planning	https://www.colonialwilliamsburg.org	101 Visitor Center Dr, Williamsburg, VA 23185	37.27929	-76.69859		Fully reconstructed 18th-century colonial city: 500 actors in period attire, authentic working crafts. Largest historical open-air museum in the US. Els: this is time travel at a high level.
Hotel Roanoke	Virginia	USA	Hotel		Planning	https://www.hotelroanoke.com	110 Shenandoah Ave NW, Roanoke, VA 24016	37.27450	-79.93943		Tudor Revival hotel from 1882 with Tiffany stained-glass windows. Perfect for the Blue Ridge Parkway section. Good value historic hotel.
Inn at Little Washington	Virginia	USA	Hotel		Planning	https://www.theinnatlittlewashington.com	309 Middle St, Washington, VA 22747	38.71381	-78.15955		Patrick O'Connell's legendary 5-star restaurant-inn: Michelin 3-star. Way above budget, but the culinary pilgrimage is worth it for one night. Els: if luxury goes on the road trip for once: this.
Jamestown Settlement	Virginia	USA	Historic		Planning	https://www.historyisfun.org/jamestown-settlement	2110 Jamestown Rd, Williamsburg, VA 23185	37.22777	-76.78271		First permanent English settlement of the US (1607). Replica of Susan Constant (the ship). Combine with Colonial Williamsburg.
Luray Caverns	Virginia	USA	Nature		Planning	https://www.luraycaverns.com	101 Cave Hill Rd, Luray, VA 22835	38.66455	-78.48321		Virginia's most beautiful caves: colossal formations and a stalactite organ that plays real music. Stalacpipe Organ: the largest musical instrument in the world. Serge: music from stalactites — this exists and it sounds good.
Maymont (Richmond)	Virginia	USA	Bizarre		Planning	https://www.maymont.org	1700 Hampton St, Richmond, VA 23220	37.53443	-77.47827		Victorian mansion on 40 hectares + Italian and Japanese gardens + zoo. Everything free — donations welcome. Els: this is a hidden gem of Richmond.
Monticello (Thomas Jefferson)	Virginia	USA	Historic		Planning	https://www.monticello.org	931 Thomas Jefferson Pkwy, Charlottesville, VA 22902	38.00814	-78.45557		Thomas Jefferson's masterpiece: architecture as a self-portrait. Jefferson designed every detail himself over 40 years. National Parks Pass: not applicable — private.
Mount Vernon (George Washington)	Virginia	USA	Historic		Planning	https://www.mountvernon.org	3200 Mount Vernon Memorial Hwy, Mount Vernon, VA 22121	38.71075	-77.08705		Washington's plantation along the Potomac: his house, workshops, slave cabins. Story of slavery told honestly — not glossed over. Reconstructed farm shows real 18th-century farming.
Natural Bridge State Park	Virginia	USA	Nature		Planning	https://www.dcr.virginia.gov/state-parks/natural-bridge	15 Appledore Ln, Natural Bridge, VA 24578	37.62990	-79.54434		Gigantic natural calcite bridge: 20 meters wide, 60 meters high. George Washington engraved his initials in it as a young man. National Parks (State) fee.
Natural Tunnel State Park	Virginia	USA	Bizarre		Planning	https://www.dcr.virginia.gov/state-parks/natural-tunnel	1420 Natural Tunnel Pkwy, Duffield, VA 24244	36.70176	-82.74814		Railway tunnel through a mountain: 800 meters long, 60 meters high — formed entirely by nature. William Jennings Bryan called it 'the Eighth Wonder of the World'. Chairlift down to the tunnel. Trains still occasionally run through it.
Naturist: White Tail Resort (AANR)	Virginia	USA	Naturist		Planning	https://www.nudistresortva.com	222 White Tail Dr, Ivor, VA 23866	36.88808	-76.84644		One of the largest AANR member naturist resorts in the US. Swimming pool, campground, lodge. Virginia's premier naturist destination.
Peaks of Otter (Blue Ridge Pkwy)	Virginia	USA	Hotel		Planning	https://www.nps.gov/blri	P.O. Box 10, Bedford, VA 24523	37.33431	-79.52309		Lodge directly on the Blue Ridge Parkway: sunrise over the Appalachians from the room. Award-winning summer program with rangers. Perfect stop on the Parkway route.
Richmond Murals Tour	Virginia	USA	Bizarre		Planning	https://www.venturerichmond.com	Various locations, Richmond, VA 23219	37.54103	-77.43864		Richmond has one of the best street art scenes on the East Coast. Arts District: Boulevard and surrounding streets. Free self-guided tour.
Shenandoah National Park (Skyline Drive)	Virginia	USA	Nature		Planning	https://www.nps.gov/shen	3655 US-211 E, Luray, VA 22835	38.66322	-78.37205		170 km scenic highway along the Blue Ridge crest: apple blossoms in May, colors in October.  National Parks Pass: FREE.  E-bikes on overlook trails along the route.
Skyline Caverns (Front Royal)	Virginia	USA	Nature		Planning	https://www.skylinecaverns.com	10344 Stonewall Jackson Hwy, Front Royal, VA 22630	38.90011	-78.21553		The only caves in the world with anthodites: white calcite spikes that grow in every direction. Never found outside this cave. Front Royal: perfect Skyline Drive starting point.
Swingers: The Velvet Nation (Northern VA)	Virginia	USA	Naturist		Planning		Northern Virginia area, VA (verifieer SDC.com 2027)	37.43157	-78.65689		Northern Virginia / DC metro has an active lifestyle scene. Verify via SDC.com or Kasidie ​​for current information. DC environment = international community = open attitudes.
Tangier Island (vanishing island)	Virginia	USA	Bizarre		Planning		Tangier Island, VA 23440	37.82445	-75.99290		Island in the Chesapeake Bay that is slowly sinking: rising sea level. Residents speak the Elizabethan English dialect unchanged. Ferry from Onancock or Crisfield MD. Do it fast.
The Homestead Creamery (Wirtz)	Virginia	USA	Bizarre		Planning		1547 Homestead Farm Rd, Wirtz, VA 24184	37.07692	-79.89016		Family farm with its own ice cream and cheese. Virginia milk transformed into wonderful products. Els: this is the Belgian farm shop, but Virginia style.
The Omni Homestead Resort (Hot Springs VA)	Virginia	USA	Hotel		Planning	https://www.omnihotels.com/hotels/hot-springs-homestead	7696 Sam Snead Hwy, Hot Springs, VA 24445	37.99870	-79.83069		Resort in operation since 1766: oldest resort in America. Natural thermal springs, golf, spa. Els: historic resort + hot springs + mountains.
Virginia Beach Boardwalk	Virginia	USA	Entertainment/sports		Planning	https://www.visitvirginiabeach.com	Atlantic Ave, Virginia Beach, VA 23451	36.88332	-75.98654		8 km boardwalk along the Atlantic beach. Neptune's statue, surfers, military planes over the beach. Largest resort town on the East Coast.
Virginia Museum of Fine Arts (Richmond)	Virginia	USA	Museum		Planning	https://www.vmfa.museum	200 N Arthur Ashe Blvd, Richmond, VA 23220	37.55658	-77.47491		Free museum with impressive Art Nouveau, Fabergé, and Himalayan collections. Best free museum in Virginia.
Virginia's Explore Park	Virginia	USA	Nature		Planning	https://www.explorepark.org	Off Blue Ridge Pkwy MP 115, Roanoke, VA 24012	37.32725	-79.85728		Adventure park with ziplines and mountain biking on the Blue Ridge. The Blue Ridge Parkway runs straight through the park. E-bikes on the trails.
Boeing Factory Tour (Everett)	Washington	USA	Bizarre		Planning	https://www.boeingfutureflight.com	8415 Paine Field Blvd, Everett, WA 98203	47.92131	-122.29010		Largest building in the world by volume: Boeing 747/787 assembly. You watch from a walkway while planes are being built. Serge: This is better than any aviation museum.
Canlis Restaurant (Seattle)	Washington	USA	Restaurant		Planning	https://www.canlis.com	2576 Aurora Ave N, Seattle, WA 98109	47.64310	-122.34679		Legendary restaurant since 1950 overlooking Lake Union: three generations of family. Tasting menu: modern Pacific Northwest cuisine. Reservations 2 months in advance. Serge: this is the fancy night in Seattle.
Chihuly Garden and Glass (Seattle)	Washington	USA	Bizarre		Planning	https://www.chihulygardenandglass.com	305 Harrison St, Seattle, WA 98109	47.62155	-122.35095		Dale Chihuly's glassblowing masterpiece: gardens full of gigantic colored glass sculptures. Inside + outside: spectacular day and night. Els: this is the top 5 of the entire trip.
Columbia River Gorge (WA kant)	Washington	USA	Scenic Route		Planning	https://www.fs.usda.gov/crgnsa	White Salmon, WA 98672	45.72777	-121.48670		North Bank of the Columbia Gorge: less crowded than the Oregon side but just as beautiful. Kiteboarding paradise at Hood River. Walking trails along the river.
Deception Pass State Park	Washington	USA	Nature		Planning	https://parks.wa.gov/496/Deception-Pass	41229 State Route 20, Oak Harbor, WA 98277	48.39878	-122.65458		Spectacular bridge over a strait: strong currents pull the sea through the rocks. Washington's largest visited state park. E-bikes on the 38 km of walking trails.
Diablo Lake (turquoise alpine lake)	Washington	USA	Nature		Planning	https://www.nps.gov/noca	North Cascades NP, WA 98284	48.51502	-122.21245		Electric turquoise-blue glacial lake formed by glacial flour minerals. North Cascades Highway runs past it: free view. National Parks Pass: free.
Dry Falls (world's largest waterfall once)	Washington	USA	Bizarre		Planning	https://parks.wa.gov/533/Dry-Falls	10 Dry Falls Park Rd, Coulee City, WA 99115	47.59155	-119.36248		Dried-up waterfall 5 times the width of Niagara: 15,000 years ago, this was the largest waterfall ever. Now a dry cliff of 120 meters: astounding. Geological wonder. Washington Scablands.
Fremont Brewing (Seattle)	Washington	USA	Brewery/Distillery		Planning	https://www.fremontbrewing.com	1050 N 34th St, Seattle, WA 98103	47.64908	-122.34444		Seattle's best brewery in the alternative Fremont neighborhood. Summer Ale: #1 in WA for several years. Outdoor terrace with a view of the Aurora Bridge.
Ginkgo Petrified Forest SP	Washington	USA	Bizarre		Planning	https://parks.wa.gov/536/Ginkgo-Petrified-Forest	4511 Huntzinger Rd, Vantage, WA 98950	46.90216	-119.99164		15-million-year-old petrified forest: stone ginkgo tree trunks. Pictures above the Columbia Gorge: Native American rock art. Free admission. I-90 corridor.
Grand Coulee Dam	Washington	USA	Bizarre		Planning	https://www.usbr.gov/pn/grandcoulee	97 Midway, Electric City, WA 99123	47.93102	-119.03671		Largest concrete structure in the US: 168 meters high, 1,592 meters wide. Summer laser light show in the evening on Dam Square: free. Serge: this is engineering on a cosmic scale.
Hoh Rainforest (Olympic NP)	Washington	USA	Nature		Planning	https://www.nps.gov/olym	18113 Upper Hoh Rd, Forks, WA 98331	47.81708	-124.11141		Moss-heavy rainforest: every tree, stone, and floor covered with thick green moss. National Parks Pass: FREE. Hall of Mosses: most photogenic forest in the US.
Hurricane Ridge (Olympic NP)	Washington	USA	Nature		Planning	https://www.nps.gov/olym	Hurricane Ridge Rd, Port Angeles, WA 98362	48.09393	-123.42950		Subalpine meadows at 1,600m above the Strait of Juan de Fuca. National Parks Pass: FREE. Marmots, black deer, snowfields in August.
Inn at the Market (Seattle)	Washington	USA	Hotel		Planning	https://www.innatthemarket.com	86 Pine St, Seattle, WA 98101	47.60995	-122.34158		Hotel directly above Pike Place Market with a view of Puget Sound. Walk directly from the hotel to the fish market. Els: best location in Seattle.
Leavenworth (Bavarian theme village)	Washington	USA	Bizarre		Planning	https://leavenworth.org/	Leavenworth, WA 98826	47.59623	-120.66148		A small Washington village that has transformed itself into a Bavarian village, complete with Oktoberfest, lederhosen, and glockenspiel. Total kitsch, but hilariously well executed. Els: this is Belgian kitsch tolerance tested.
Mount Rainier National Park	Washington	USA	Nature		Planning	https://www.nps.gov/mora	55210 238th Ave E, Ashford, WA 98304	46.75525	-122.12076		14,411-foot active volcano with eternal snow: most prominent mountain of the lower 48. National Parks Pass: FREE. Wildflower meadows in August: thousands of colors around the mountain.
Mount St. Helens National Volcanic Monument	Washington	USA	Nature		Planning	https://www.fs.usda.gov/mountsthelens	3029 Spirit Lake Hwy, Castle Rock, WA 98611	46.29444	-122.82217		Active volcano that erupted in 1980: partially reforested but a large cleared zone is still visible. National Forest Pass of America the Beautiful. Rangers tell the story of the eruption.
Mt. Baker (winter drive)	Washington	USA	Nature		Planning	https://www.mtbaker.us	End of WA-542, Glacier, WA 98244	48.75669	-122.46099		Most snowfall ever recorded in a single season: 29 meters in 1998-99. The Mt. Baker Highway (SR-542) is free to drive towards the mountain. Ikon Pass: Mt. Baker ski area.
Naturist: Club Paradise (WA)	Washington	USA	Naturist		Planning		Western Washington (verifieer via AANR 2027)	47.75107	-120.74014		Washington has multiple AANR naturist clubs. Verify current options via the AANR website. Pacific Northwest has a strong naturist tradition.
North Cascades National Park	Washington	USA	Nature		Planning	https://www.nps.gov/noca	810 State Route 20, Sedro-Woolley, WA 98284	48.51096	-122.22760		Alpine mountain landscape with 300+ glaciers: wildest wilderness of the lower 48. National Parks Pass: FREE. North Cascades Highway (SR-20): one of the most beautiful mountain roads in the US.
Old Rainier Brewery Building - Seattle	Washington	USA	Brewery/Distillery		Planning		3100 Airport Way S, Seattle, WA 98134	47.57588	-122.32123		Iconic neon R logo on hilltop is a Seattle landmark. Rainier beer is the working-man's beer of PNW. Not the best brewery, but the heritage value is high.
Olympic National Park (Hoh Rainforest)	Washington	USA	Nature		Planning	https://www.nps.gov/olym	3002 Mount Angeles Rd, Port Angeles, WA 98362	48.09932	-123.42570		Three totally different ecosystems: rainforest, mountain coast, alpine. National Parks Pass: FREE. Hoh Rainforest: densest forest in the US, moss on everything.
Palouse Falls State Park	Washington	USA	Nature		Planning	https://parks.wa.gov/547/Palouse-Falls	Palouse Falls Rd, LaCrosse, WA 99143	46.66566	-118.24295		Washington's state waterfall: 57 meters high in a dry basalt canyon — a total contrast. Spring: melting snow maximizes the drop. Free parking + small fee.
Paseo Caribbean (Seattle)	Washington	USA	Restaurant		Planning	https://www.paseorestaurants.com	4225 Fremont Ave N, Seattle, WA 98103	47.65850	-122.35033		Caribbean roast sandwich: Seattle's most acclaimed sandwich. Always a line, but always fast. Serge: this is the best sandwich of the trip.
Pike Place Market (Seattle)	Washington	USA	Bizarre		Planning	https://www.pikeplacemarket.org	85 Pike St, Seattle, WA 98101	47.60942	-122.34180		Fish toss, first Starbucks ever, daisy-chain flower stall. Free to walk around, pay for food. Els: the flower market is the best part.
San Juan Islands	Washington	USA	Nature		Planning	https://www.visitsanjuans.com	Friday Harbor, San Juan Island, WA 98250	48.53427	-123.01712		Seeing orcas from the rocky coast: June-September. Anacortes ferry: 1-hour journey. Els and Serge: orcas swim 5 meters from the coast.
Sleeping Lady Mountain Resort (Leavenworth)	Washington	USA	Hotel		Planning	https://www.sleepinglady.com	7375 Icicle Rd, Leavenworth, WA 98826	47.55289	-120.68056		Eco-resort in the Icicle Canyon near Leavenworth. Art, nature, and yoga in the middle of the Cascades. Els: this is the perfect counterpoint to the kitsch Bavarian village.
Space Needle (Seattle)	Washington	USA	Bizarre		Planning	https://www.spaceneedle.com	400 Broad St, Seattle, WA 98109	47.62054	-122.34929		1962 World's Fair Tower: 184 meters tall, rotating restaurant. Urban glass floor on the observation deck. Seattle's icon — photogenic even from the ground.
Swingers: Club Sapphire (Seattle)	Washington	USA	Naturist		Planning		Seattle, WA 98101 (verifieer via SDC.com 2027)	47.60849	-122.33641		Seattle has an open lifestyle scene. Verify current location and events via SDC.com. PNW culture: open and non-judgmental.
Taylor Shellfish Farms (Shelton)	Washington	USA	Restaurant		Planning	https://www.taylorshellfishfarms.com	130 SE Lynch Rd, Shelton, WA 98584	47.14222	-123.09276		Straight from the oyster farm to your plate: 20+ varieties of oysters on site. Bayshore walk along the oyster beds. Els: Belgian mussels versus Washington oysters — comparing is mandatory.
Tom Douglas restaurants (Seattle)	Washington	USA	Restaurant		Planning	https://www.tomdouglas.com	Multiple locations, Seattle, WA 98101	47.60849	-122.33641		Seattle's most famous chef: Dahlia Lounge, Serious Pie, Lola. Pacific Northwest ingredients: salmon, Dungeness crab, Walla Walla onions. Choose your favorite from the portfolio.
🏨 Blackwater Falls Lodge - Davis	West Virginia	USA	Hotel		Planning	https://www.blackwaterfallslodge.com	1584 Blackwater Lodge Rd, Davis, WV 26260	39.11450	-79.48550		Rustic state park lodge RIGHT next to Blackwater Falls - the most beautiful waterfall in West Virginia (red falls due to tannic acid in the water)! Treehouses and cabins available. Canaan Valley 10 min away. Autumn here is an underrated jewel of the East Coast. Approx. $100-130/night.
Blackwater Falls State Park	West Virginia	USA	Nature		Planning	https://wvstateparks.com/park/blackwater-falls-state-park	1584 Blackwater Lodge Rd, Davis, WV 26260	39.11263	-79.48433		Waterfall with black tannin water over boulders: yellow and orange moss. Autumn: leaves + black water = photogenic. Lodge on the rim of the canyon.
Brooks Bird Club (songbird migration)	West Virginia	USA	Nature		Planning		Various WV locations	38.59763	-80.45490		WV is one of the best states for bird migration in the East. Warblers, tanagers, grosbeaks — hundreds of species. Els: birding paradise without the hype.
Cass Scenic Railroad (steam train)	West Virginia	USA	Bizarre		Planning	https://wvstateparks.com/park/cass-scenic-railroad-state-park	242 Main St, Cass, WV 24927	38.39638	-79.91648		Historic steam train climbs an 800-meter elevation difference in 11 km. Old logging village of Cass completely preserved. Serge: steam train through the Allegheny mountains.
Country Road Scenic Drive (US-219)	West Virginia	USA	Scenic Route		Planning		US-219, Lewisburg to Davis, WV	37.81291	-80.43148		Most beautiful backroads of WV: hollers, old barns, Allegheny crestline. Autumn: abandoned farms + colors. E-bikes on the side roads.
Dolly Sods Wilderness	West Virginia	USA	Nature		Planning	https://www.fs.usda.gov/mnf	Forest Rd 75, Dry Fork, WV 26263	38.96875	-79.50284		High-lying swamp plateau in the Alleghenies: looks more like Canada than West Virginia. Bears, elk, and migratory birds are present in abundance. Free wilderness — 4x4 vehicle required for some trailheads.
Gauley River Whitewater (September)	West Virginia	USA	Nature		Planning	https://www.nps.gov/gari	Summersville, WV 26651	38.28122	-80.85260		Gauley Season in September: dam release makes this Class V+. The hardest controlled whitewater in the world. Els and Serge: if you dare — this is the extreme level.
Greenbrier Bunker Tour	West Virginia	USA	Bizarre		Planning	https://www.greenbrier.com/Activities/The-Bunker	101 Main St W, White Sulphur Springs, WV 24986	37.79130	-80.30229		Secret nuclear war bunker for 1,000 congressmen built beneath the resort. Keep secret until 1992 — journalist discovered it. Serge: Visiting a Cold War bunker while the rich golf above you.
Greenbrier Resort (historic grand hotel)	West Virginia	USA	Hotel		Planning	https://www.greenbrier.com	101 Main St W, White Sulphur Springs, WV 24986	37.79130	-80.30229		Legendary grand resort since 1778: presidents, royal guests, a secret bunker. Secret bunker built in 1958 for Congress in the event of a nuclear attack — now open to visitors. Over budget, but the bunker tour is unique.
Harpers Ferry National Historical Park	West Virginia	USA	Historic		Planning	https://www.nps.gov/hafe	171 Shoreline Dr, Harpers Ferry, WV 25425	39.31673	-77.75694		Three rivers meet in a spectacular small town. John Brown's Raid of 1859: catalyst of the Civil War. National Parks Pass: FREE.
Hatfield-McCoy Trails (off-road)	West Virginia	USA	Entertainment/sports		Planning	https://www.trailsheaven.com	ATV/OHV Trails, Matewan, WV 25678	37.62205	-82.16319		800 km of ATV trails through the coalfields: named after the famous blood feud. F-150 4x4s are allowed on some sections. Serge: this is the common thread running through WV culture.
Lost World Caverns	West Virginia	USA	Nature		Planning	https://www.lostworldcaverns.com	907 Lost World Rd, Lewisburg, WV 24901	37.83263	-80.44693		Wild Cave tour through unexplored cave passages: crawling, climbing, splashing. War Club stalagmite: 30 tons, 5 meters high. Serge: wild cave = real cave experience.
Mothman Museum (Point Pleasant)	West Virginia	USA	Bizarre		Planning	https://www.mothmanmuseum.com	411 Main St, Point Pleasant, WV 25550	38.84300	-82.13890		Mothman: winged creature sighted before the Silver Bridge disaster of 1967. 46 deaths in that bridge collapse. Museum + life-size Mothman sculpture outside: free photo.
Naturist: geen AANR resort WV	West Virginia	USA	Naturist		Planning		Dichtstbijzijnde: Virginia (White Tail Resort)	36.88915	-76.84050		West Virginia has no official AANR naturist resort. Closest: White Tail Resort VA or other VA clubs. Private swimming in the rivers is popular.
New River Gorge Bridge	West Virginia	USA	Bizarre		Planning	https://www.nps.gov/neri	Fayetteville, WV 25840	38.05289	-81.10399		Largest steel arch bridge in the world: 267 meters above the river. Pedestrians are allowed to walk on the catwalk at the UNDERSIDE of the bridge every day. Serge: this is the coolest bridge in the US.
New River Gorge National Park	West Virginia	USA	Nature		Planning	https://www.nps.gov/neri	104 Main St, Glen Jean, WV 25846	37.92705	-81.15535		Deepest and oldest river canyon in the Appalachians. National Parks Pass: FREE. Bridge Day in October: BASE jumping and rappelling from the bridge — open to pedestrians one day a year.
Rafting New River (Adventures on the Gorge)	West Virginia	USA	Entertainment/sports		Planning	https://www.aotg.com	219 Chestnut Creek Rd, Lansing, WV 25862	38.07579	-81.06292		New River Gorge whitewater: Class III-V depending on water level. Best whitewater east of the Rockies. Els and Serge: we are going to get wet here.
Seneca Rocks	West Virginia	USA	Nature		Planning	https://www.fs.usda.gov/mnf	Seneca Rocks, WV 26884	38.83483	-79.37616		Dramatic quartzite pinnacles rising 300 meters above the valley. One of the most photogenic spots in the East. Climb or just look: both are spectacular.
Smoke Hole Caverns	West Virginia	USA	Nature		Planning	https://www.smokehole.com	1397 Smoke Hole Rd, Cabins, WV 26855	38.96941	-79.23515		Cave with the longest stalactite strip in the US. Used by Native Americans as a smoking room. Tour 45 min.
Snowshoe Mountain (ski)	West Virginia	USA	Entertainment/sports		Planning	https://www.snowshoemtn.com	10 Snowshoe Dr, Snowshoe, WV 26209	38.41073	-79.99535		Best ski area in the US Middle East: 1,500 down foot drop. Not on Ikon Pass but a winter route option. Good alternative if Colorado is full.
Swingers: WV lifestyle scene	West Virginia	USA	Naturist		Planning		Charleston, WV 25301 (verifieer SDC.com)	38.35171	-81.63365		WV is small and conservative: no fixed clubs. Private events in Charleston via SDC.com. Pittsburgh, PA (2 hours) has more options.
🏨 Canoe Bay - Chetek	Wisconsin	USA	Hotel		Planning	https://www.canoebay.com	W16065 Hogback Rd, Chetek, WI 54728	45.40310	-91.47640		Absolutely secret wilderness resort – Frank Lloyd Wright-inspired architecture right on a private lake in the Wisconsin woods! Only 4 private cottages. No TV, no telephone – just nature. Voted one of the most romantic lodges in America. For an ultimately special night.
🏨 The American Club - Kohler	Wisconsin	USA	Hotel		Planning	https://www.destinationkohler.com/lodging/the-american-club	419 Highland Dr, Kohler, WI 53044	43.73580	-87.78720		The only 5-star resort in Wisconsin located in a former immigrant hostel of sanitary giant Kohler! Bizarre backstory: the luxury hotel stands on the factory complex. Four golf courses surrounding it. Museum on Kohler sanitary innovation included. Forbes 4-star. Unique in the world. Approx. $200/night.
Apostle Islands National Lakeshore	Wisconsin	USA	Nature		Planning	https://www.nps.gov/apis	415 Washington Ave, Bayfield, WI 54814	46.81300	-90.82054		22 islands in Lake Superior: sea caves, lighthouses, turtle beach. National Parks Pass: FREE. Winter: ice caves accessible across the frozen lake — awesome.
Cave of the Mounds	Wisconsin	USA	Nature		Planning	https://www.caveofthemounds.com	2975 Cave of the Mounds Rd, Blue Mounds, WI 53517	43.01745	-89.81573		Smaller cave but exceptional formations: pink, orange, and white calcite. Discovered in 1940 during a quarry explosion. Can be easily combined with a House on the Rock day.
Cheeseburger in Caseville (Lake Huron)	Wisconsin	USA	Bizarre		Planning		Caseville, MI — maar WI heeft ook varianten	43.94113	-83.27135		NB: WI has its own crazy cheese culture. Kaasenburg in Plymouth, WI: cheese festival and cheese museum. WI = America's Dairyland: honor the concept.
Circus World Museum (Baraboo)	Wisconsin	USA	Bizarre		Planning	https://www.circusworldmuseum.com	550 Water St, Baraboo, WI 53913	43.46685	-89.73507		Original winter quarters of Ringling Brothers Circus: 50 historic circus wagons. Summer: live circus performances in the tent. Els: this is nostalgia for a vanished world.
Devils Lake State Park	Wisconsin	USA	Nature		Planning	https://dnr.wisconsin.gov/topic/parks/devilslake	S5975 Park Rd, Baraboo, WI 53913	43.43198	-89.73442		Quartzite cliffs surrounding an Ice Age lake. Best climbing rock in Wisconsin. Largest visited state park in WI.
Effigy Mounds National Monument (Iowa border)	Wisconsin	USA	Historic		Planning	https://www.nps.gov/efmo	151 WI-76, Harpers Ferry, IA 52146	42.10272	-91.26696		Earthworks in the shape of animals (bear, bird, deer): Hopewell culture. National Parks Pass: FREE. Technically Iowa but border region WI/IA culture.
Frank Lloyd Wright Trail (WI)	Wisconsin	USA	Scenic Route		Planning		Spring Green area, WI 53588	43.17527	-90.06790		Driving route past 7 Frank Lloyd Wright works in WI: Taliesin, Seth Peterson Cottage, SC Johnson Administration Building. SC Johnson Racine: free tour of the administration building. Serge: architecture road trip.
Green Bay Packers stadium tour (Lambeau Field)	Wisconsin	USA	Museum		Planning	https://www.packers.com/lambeau-field	1265 Lombardi Ave, Green Bay, WI 54304	44.50143	-88.06259		Lambeau Field: temple of American football. Hall of Fame and stadium tour available. Serge: the only community-owned NFL franchise — socialist football.
Horicon Marsh (bird migration)	Wisconsin	USA	Nature		Planning	https://www.fws.gov/refuge/horicon	W4279 Headquarters Rd, Mayville, WI 53050	43.56978	-88.60876		Largest freshwater cattail marsh in the US: 200,000 geese in autumn. Boat trips and kayaking available. Free self-drive tours along the marsh.
House on the Rock (Spring Green)	Wisconsin	USA	Bizarre		Planning	https://www.thehouseontherock.com	5754 State Road 23, Spring Green, WI 53588	43.09890	-90.13604		Alex Jordan built this on a rock and filled it with the most bizarre collections: Carousel with 269 horses (never ridden), world's largest hanging sea monster. Neil Gaiman used this as the setting in American Gods. 5/5 most bizarre place in Wisconsin.
International Crane Foundation (Baraboo)	Wisconsin	USA	Nature		Planning	https://www.savingcranes.org	E11376 Shady Lane Rd, Baraboo, WI 53913	43.54760	-89.75466		All 15 crane species in the world in one park. Conservation workshop open to visitors. Baraboo: circus + cranes = strange but perfect WI.
Kettle Moraine State Forest (geology)	Wisconsin	USA	Nature		Planning	https://dnr.wisconsin.gov/topic/parks/kmn	N1765 County Rd G, Campbellsport, WI 53010	43.60550	-88.18626		Drumlins, kettles, and moraines: perfect geology of the Ice Age. Nordic trail and mountain bike routes. E-bikes on the 50 km trails.
Kohler Design Center	Wisconsin	USA	Bizarre		Planning	https://www.us.kohler.com	101 Upper Rd, Kohler, WI 53044	43.74194	-87.78027		FREE museum of the Kohler sanitary firm: 100 years of bathrooms and ceramic art. Stunning bathrooms in all aesthetic styles. Combine with the Kohler Art Center for a bizarre day in the bourgeoisie.
Mars Cheese Castle (Kenosha)	Wisconsin	USA	Bizarre		Planning	https://www.marscheese.com	2800 W. Frontage Rd, Kenosha, WI 53144	42.61463	-87.95444		Gigantic cheese shop with 200+ types of Wisconsin cheese, beer tasting, Belgian chocolate. On I-94: perfect stopover. Serge: Belgian chocolate in Wisconsin. We approve.
Milwaukee Art Museum (Calatrava)	Wisconsin	USA	Bizarre		Planning	https://mam.org	700 N Art Museum Dr, Milwaukee, WI 53202	43.04014	-87.89705		Santiago Calatrava's wings museum: folds open and closed like a bird every day. WI's most photogenic building. Els: architecture as performance.
Milwaukee Public Market	Wisconsin	USA	Restaurant		Planning	https://www.milwaukeepublicmarket.org	400 N Water St, Milwaukee, WI 53202	43.03523	-87.90810		Covered market in the historic Third Ward. WI cheese, local sausage, freshly baked bread. Free to wander around, eating is the activity.
Naturist: Sun Ray Hills (AANR)	Wisconsin	USA	Naturist		Planning		Campbellsport area, WI (verifieer AANR 2027)	43.59777	-88.27899		AANR naturist resort in East Wisconsin. Swimming pool, sports, and camping. Verify via the AANR website for current details.
New Glarus (Little Switzerland)	Wisconsin	USA	Bizarre		Planning	https://www.newglarusvillage.com	New Glarus, WI 53574	42.81445	-89.63512		Swiss immigrant village: chalet architecture, Schweizer Stube, yodeling festivals. New Glarus Brewing: Spotted Cow is the most requested WI beer. Serge: compare the Swiss with the Belgians. Subtle difference.
New Glarus Brewing Company	Wisconsin	USA	Brewery/Distillery		Planning	https://www.newglarusbrewing.com	2400 State Highway 69, New Glarus, WI 53574	42.79431	-89.63046		Spotted Cow: WI's most beloved beer, only available in-state. Free brewery tour. Els: surprisingly good Belgian-inspired beers here.
Norske Nook (Osseo)	Wisconsin	USA	Restaurant		Planning	https://www.norskenook.com	207 W 7th St, Osseo, WI 54758	44.57723	-91.22583		Legendary Norwegian bakery-restaurant: best pie in America (recognized by James Beard). Gooseberry pie, pecan, sour cream raisin. Els: this type of bakery exists in Belgium too, but it is different from this.
Old World Wisconsin (Eagle)	Wisconsin	USA	Historic		Planning	https://www.oldworldwisconsin.org	W372 S9727 Hwy 67, Eagle, WI 53119	42.87261	-88.49074		59 historic buildings of Wisconsin immigrants: German, Polish, Norwegian, Finnish. Actresses in clothing from 1860-1915. Els: multicultural immigrant history as an experience.
Pabst Mansion (Milwaukee)	Wisconsin	USA	Historic		Planning	https://www.pabstmansion.com	2000 W Wisconsin Ave, Milwaukee, WI 53233	43.03927	-87.93795		Mansion of beer baroness Frederick Pabst (Pabst Blue Ribbon): 37 rooms, completely intact. Victorian opulence. Milwaukee = beer culture, this is the architectural embodiment.
Peninsula State Park (Door County)	Wisconsin	USA	Nature		Planning	https://dnr.wisconsin.gov/topic/parks/peninsula	9462 Shore Rd, Fish Creek, WI 54212	45.16211	-87.20227		Wisconsin's most beautiful state park: 8 km coastline, lighthouses, bike paths. Through County = Wisconsin's wine and cherry region. E-bikes perfect on the 32 km bike route.
Real Chili (Milwaukee)	Wisconsin	USA	Restaurant		Planning	https://www.realchili.com	419 E Wells St, Milwaukee, WI 53202	43.04113	-87.90610		Milwaukee-style chili: unique recipe with Cheddar and secret spices. Open for 50 years — unchanged. Serge: anyone who makes chili in Wisconsin — respect.
Rocky Arbor State Park (ancient forest)	Wisconsin	USA	Nature		Planning	https://dnr.wisconsin.gov/topic/parks/rockyarbor	S1670 Highway 12, Baraboo, WI 53913	43.46000	-89.77793		Small but intimate park with ancient forest in a Cambrian sandstone canyon. Good campground near Wisconsin Dells. Combine with a day at the Circus Museum in Baraboo.
Smoky's Club Supper Club (Madison)	Wisconsin	USA	Restaurant		Planning	https://www.smokysclub.com	3005 University Ave, Madison, WI 53705	43.07480	-89.44172		Wisconsin Supper Club: unique genre — full of chicken, prime rib, relish tray, brandy old fashioned. Doesn't exist anywhere outside of WI. Serge: this is the most Wisconsin experience in the world.
Sprecher Brewing (Milwaukee)	Wisconsin	USA	Brewery/Distillery		Planning	https://www.sprecherbrewery.com	701 W Glendale Ave, Glendale, WI 53209	43.09939	-87.91955		Milwaukee's best craft brewery with root beer and craft beer. Root beer made with Milwaukee honey and vanilla. Tour + tasting included.
Swingers: TPC (Milwaukee lifestyle)	Wisconsin	USA	Naturist		Planning		Milwaukee, WI 53202 (verifieer SDC.com 2027)	43.04398	-87.89915		Milwaukee has an active lifestyle scene. Verify via SDC.com or Kasidie. Midwest lifestyle: friendly and welcoming.
Taliesin (Frank Lloyd Wright)	Wisconsin	USA	Historic		Planning	https://www.taliesinpreservation.org	5481 County Road C, Spring Green, WI 53588	43.14078	-90.07061		Frank Lloyd Wright's own home and school: he built it three times (burned down twice). Combine with House on the Rock — 30 min apart. Frank Lloyd Wright Route: WI has more of his works than any other state.
Wisconsin Dells (water park capital)	Wisconsin	USA	Entertainment/sports		Planning	https://www.wisdells.com	107 Broadway, Wisconsin Dells, WI 53965	43.62789	-89.77629		Water park capital of the world: 20+ indoor and outdoor parks. Kitsch tourist resort, but the water entertainment is seriously good. Els: a day here is allowed.
Atlantic City WY (ghost town)	Wyoming	USA	Ghost Town		Planning		Atlantic City, WY 82520	42.49662	-108.73067		Gold Rush ghost town with remaining residents: abandoned gold mines, original saloon. Authentic ghost town atmosphere. Free to explore.
Ayres Natural Bridge	Wyoming	USA	Bizarre		Planning	https://www.natbridge.com	Natural Bridge Rd, Douglas, WY 82633	42.76628	-105.61331		Free!, least known natural bridge in the US — 100 years ago it was more famous than Rainbow Bridge. La Prele Creek flows through it. Private park: FREE camping available.
Cheyenne Frontier Days	Wyoming	USA	Festival		Planning	https://www.cfdrodeo.com	4610 N Carey Ave, Cheyenne, WY 82001	41.15795	-104.83406		Largest outdoor rodeo in the world: 10 days in July. Bull riding, barrel racing, parade. July 2027: check timing with route. Could be perfect.
Devil's Tower National Monument	Wyoming	USA	Bizarre		Planning	https://www.nps.gov/deto	Devil's Tower, WY 82714	44.59021	-104.71462		Gigantic basalt column of 386 meters rising from the prairie: Close Encounters of the Third Kind. Native Americans consider it sacred. National Parks Pass: FREE. Route to Mount Rushmore.
Fairy Falls Trailhead Parking Lot	Wyoming	USA	Nature		Don't Skip		Yellowstone National Park, WY 82190, USA	44.51545	-110.83253	4.4	
Firehole Canyon Rd, Wyoming 82190	Wyoming	USA	Scenic Route		Don't Skip		Firehole Canyon Rd, Wyoming 82190, USA	44.62768	-110.86159		
Flaming Gorge National Recreation Area	Wyoming	USA	Nature		Planning	https://www.fs.usda.gov/ashley	1450 Uinta Dr, Dutch John, UT 84023	40.92913	-109.39097		Deep red canyon filled with emerald-green reservoir: boating, fishing, whitewater. Red Canyon Visitor Center: view like visiting Mars. America the Beautiful Pass: free.
Fossil Butte National Monument	Wyoming	USA	Bizarre		Planning	https://www.nps.gov/fobu	864 Chicken Creek Rd, Kemmerer, WY 83101	41.83655	-110.77036		50-million-year-old fossil fish perfectly preserved in green slate. National Parks Pass: FREE. Fossil fish excavation workshop available.
Grand Encampment Museum	Wyoming	USA	Museum		Planning	https://www.grandencampmentmuseum.org	817 Barnett Ave, Encampment, WY 82325	41.20382	-106.78872		Copper mine ghost town from 1897: completely intact with 14 historic buildings. Transcontinental tramway system to transport copper over the mountain. Hidden gem of Wyoming.
Grand Prismatic Spring Overlook	Wyoming	USA	Nature		Don't Skip		Yellowstone National Park, WY 82190, USA	44.52348	-110.83989	4.9	
Grand Teton National Park	Wyoming	USA	Nature		Planning	https://www.nps.gov/grte	103 Headquarters Loop, Moose, WY 83012	43.65594	-110.71589		Most photogenic mountain range in the US: sharp granite peaks directly above the Snake River plain. National Parks Pass: FREE. Moose in abundance in the valley. Sunrise: phenomenal.
Heart Six Ranch	Wyoming	USA	Hotel		Don't Skip		16985 Valley Rd, Moran, WY 83013, USA	43.84849	-110.41831	3.3	
Hulett (Devils Tower gateway)	Wyoming	USA	Bizarre		Planning		Hulett, WY 82720	44.68276	-104.60163		Tiny cowboy village of 400 people near Devils Tower. Pub where real cowboys drink. Serge: this is the authentic West.
Jackson Hole (ski + town)	Wyoming	USA	Entertainment/sports		Planning	https://www.visitjacksonhole.com	25 S Cache St, Jackson, WY 83001	43.47914	-110.76250		Most intimidating ski resort in the US: Corbet's Couloir and Hobacks. Ikon Pass: Jackson Hole Mountain Resort. Jacksontown: cowboy bars and millionaires side by side.
Jackson Hole Aerial Tram	Wyoming	USA	Entertainment/sports		Planning	https://www.jacksonhole.com	3395 Cody Ln, Teton Village, WY 83025	43.58636	-110.82948		Gondola to the top of Rendezvous Mountain: 3,185m. Summer: hiking and mountain biking on the alpine plateau. View over the entire Grand Teton National Park.
Jackson Hole Aerial Tram and Gondola Rides	Wyoming	USA	Nature		Don't Skip		3275 West Village Dr, Teton Village, WY 83025, USA	43.58754	-110.82770	4.7	
Jackson Hole Mountain Resort ⛷️ Ikon	Wyoming	USA	Ski Resort		Planning	https://www.jacksonhole.com	3395 Cody Ln, Teton Village, WY 83025	43.58864	-110.82829		Ikon Pass: 7 DAYS. ICONIC resort - an absolute must-see! Solitude Station beginner zone is modern + comfortable for Els. BUT: jump beginner → intermediate is VERY steep and intimidating. Town Jackson = wildlife (bison along the road!), Grand Teton views, great après-ski. Serge: advanced bowls are world-class. Els: stay in the Solitude Station zone!
Midway Geyser Basin Trl, Wyoming 82190	Wyoming	USA	Nature		Don't Skip		Midway Geyser Basin Trl, Wyoming 82190, USA	44.52677	-110.83691		
Moran Junction (Tetons + Yellowstone)	Wyoming	USA	Scenic Route		Planning	https://www.nps.gov/grte	Moran Junction, WY 83013	43.84168	-110.50805		Crossroads where the two most spectacular national parks in the US meet. Serpentine road along the mountain flanks. Each speaks the road over at dawn.
National Elk Refuge (Jackson)	Wyoming	USA	Nature		Planning	https://www.fws.gov/refuge/national-elk	532 N Cache Dr, Jackson, WY 83001	43.48629	-110.76177		7,500+ moose overwinter here: one of the largest elk concentrations in the world. Sleigh ride through the herd in December-April. Els: this is the most beautiful wildlife experience in Wyoming.
Naturist: geen AANR resort WY	Wyoming	USA	Naturist		Planning		Dichtstbijzijnde: Colorado of Montana	46.87968	-110.36257		Wyoming has no official AANR naturist resort. Thermopolis Hot Springs is informal, clothing-optional at night. Nearest AANR: Colorado or Idaho.
Old Faithful (Yellowstone — buiten route maar nabij)	Wyoming	USA	Nature		Planning	https://www.nps.gov/yell	Yellowstone NP, WY 82190	44.42797	-110.58845		NB: Yellowstone has already been visited by you — skip! Old Faithful Geyser erupts every 90 minutes: as predictable as a train. National Parks Pass: FREE. But already done!
Old Faithful Visitor and Education Center	Wyoming	USA	Nature		Don't Skip		View Avenue, Yellowstone National Park, WY 82190, USA	44.45860	-110.82924	4.7	
Pinedale (Green River Lakes)	Wyoming	USA	Nature		Planning	https://www.fs.usda.gov/btnf	Green River Lakes, Pinedale, WY 82941	42.86788	-109.86335		Spectacular alpine lakes with Squaretop Mountain as a backdrop. Green River source area: one of the most beautiful places in Wyoming. E-bikes on the path along the lake.
Saratoga Hot Springs Resort	Wyoming	USA	Nature		Planning	https://www.saratogahotsprings.com	1 Hot Springs Rd, Saratoga, WY 82331	41.45020	-106.80318		Outdoor hot springs pool on the North Platte River: in the middle of the wilderness. 105°F (40°C) water. Els and Serge: soaking while moose walk by.
Signal Mountain (Grand Teton NP)	Wyoming	USA	Scenic Route		Planning	https://www.nps.gov/grte	Signal Mountain Lodge, Moran, WY 83013	43.84378	-110.61063		Spectacular viewpoint on Signal Mountain: 360 degrees over the Jackson Hole valley and Tetons. National Parks Pass: FREE. Early morning: reflection of the Tetons in Jackson Lake.
Snowy Range (Medicine Bow NF)	Wyoming	USA	Nature		Planning	https://www.fs.usda.gov/mbnf	Centennial, WY 82055	41.29831	-106.14168		Route 130 through the Snowy Range: alpine lakes at an elevation of 3,000m in the middle of Wyoming. Little visited: true wilderness. America the Beautiful Pass: free.
String Lake (Grand Teton NP)	Wyoming	USA	Nature		Planning	https://www.nps.gov/grte	String Lake Trailhead, Moose, WY 83012	43.78481	-110.72780		Crystal-clear glacial swimming lake at the foot of the Tetons. National Parks Pass: FREE. Els: This is the most beautiful swimming hole in Wyoming.
Swingers: WY lifestyle scene	Wyoming	USA	Naturist		Planning		Cheyenne / Jackson, WY (verifieer SDC.com)	43.07597	-107.29028		Wyoming is too sparsely populated for permanent clubs. Jackson Hole has an international community. Verify via SDC.com or Kasidie ​​for private events.
Ten Sleep Canyon	Wyoming	USA	Nature		Planning		Ten Sleep, WY 82442	44.03413	-107.45119		Rock climbing mecca through a red sandstone canyon. Ten Sleep Creek: fly fishing in clear water. Driving through the canyon is spectacular in itself.
Thermopolis (world's largest mineral hot spring)	Wyoming	USA	Bizarre		Planning	https://www.thermopolis.com	Thermopolis, WY 82443	43.64607	-108.21204		Largest mineral hot springs in the world by volume. State Bath House: free soaking in the hot springs water! Wyoming permits FREE access by law.
Vedauwoo (granite climbing & formation)	Wyoming	USA	Nature		Planning	https://www.fs.usda.gov/arnf	Vedauwoo Rd, Laramie, WY 82070	41.15982	-105.41851		Chaos of enormous granite blocks: looks as if a giant threw them down. I-80 corridor: easy to stop. America the Beautiful Pass or small fee.
West Thumb Geyser Basin	Wyoming	USA	Nature		Don't Skip		Yellowstone National Park, WY 82190, USA	44.41551	-110.57304	4.8	
Wyoming Capitol Building tour	Wyoming	USA	Historic		Planning	https://wyomingcapitol.wyo.gov	200 W 24th St, Cheyenne, WY 82002	41.14017	-104.82056		Free tour of the recently restored State Capitol. Cheyenne is also known for its Frontier Days rodeo. July: Frontier Days is the largest outdoor rodeo in the world.
Wyoming Dinosaur Center (Thermopolis)	Wyoming	USA	Museum		Planning	https://www.wyodino.org	110 Carter Ranch Rd, Thermopolis, WY 82443	43.64328	-108.20049		Active dinosaur excavation site: watch or help dig. Fully articulated T-rex in the museum. Combine with hot springs for a full Thermopolis day.
Carcross (desert + historic village)	Yukon	Canada	Bizarre		Planning	https://www.carcross.ca	Carcross, YT Y0B 1B0, Canada	60.16759	-134.70735		Smallest desert in the world (3 km²) — sand dune in the middle of the forest. Carcross: railway crossing from the Gold Rush, historic center preserved. Free to explore.
Dawson City (Gold Rush capital)	Yukon	Canada	Historic		Planning	https://www.dawsoncity.ca	Dawson City, YT Y0B 1G0, Canada	64.06391	-139.43330		Klondike Gold Rush town from 1896: 30,000 gold prospectors influx in two years. The buildings are leaning due to permafrost movement. Diamond Tooth Gertie's: only legal casino on YT, cancan shows.
Dempster Highway (Yukon sectie)	Yukon	Canada	Scenic Route		Planning	https://www.yukon.ca/en/dempster-highway	Dawson City to YT/NWT border, YT Y0B 1G0	64.06391	-139.43330		Canada's most famous gravel road: 740 km towards the Arctic Circle. F-150 4x4: ideal for this. Bring two spare tires. Wildlife: caribou, grizzlies, Dall sheep.
Klondike Highway scenic drive	Yukon	Canada	Scenic Route		Planning	https://www.travelyukon.com	Skagway AK to Dawson City YT	64.06391	-139.43330		Spectacular historic gold route from Skagway, Alaska to Dawson City. Driving through the upper White Pass: glaciers, sand tunnels. F-150 4x4: born for this.
Kluane Lake (largest lake in Yukon)	Yukon	Canada	Nature		Planning		Kluane Lake, Burwash Landing, YT Y0B 1V0, Canada	61.35417	-138.99444		Turquoise Glacial Lake: 65 km long, surrounded by the Kluane Ranges. Al Capone Hot Springs nearby (warm, unbuttered springs). The Alaska Highway runs along the lake.
Kluane National Park (largest icefields outside polar)	Yukon	Canada	Nature		Planning	https://www.pc.gc.ca/en/pn-np/yt/kluane	Haines Junction, YT Y0B 1L0, Canada	60.75251	-137.51016		Largest non-polar ice fields in the world: 22,000 km² of ice. National Parks Pass: FREE (Canada version). UNESCO World Heritage Site with Mount Logan — Canada's highest mountain.
Midnight Sun (June solstice)	Yukon	Canada	Bizarre		Planning		Whitehorse, YT Y1A 2C6, Canada	60.63872	-134.98047		Around the summer solstice: the sun no longer sets. Golfing or picnicking at 2 a.m. in daylight. Els and Serge: biological clock is broken after a week.
Miles Canyon (Whitehorse)	Yukon	Canada	Nature		Planning	https://www.travelyukon.com	Miles Canyon Rd, Whitehorse, YT Y1A 6B6, Canada	60.69210	-135.04201		Spectacular basalt canyon through which the Yukon River flows. Walking path along the canyon rim. Free admission.
Northern Lights / Aurora Borealis (Whitehorse)	Yukon	Canada	Bizarre		Planning	https://www.travelyukon.com/en/things-to-do/aurora-viewing	Whitehorse, YT Y1A 2C6, Canada	60.63872	-134.98047		September-April: the aurora borealis over Yukon is spectacular. Whitehorse has B&Bs that call you to wake you up when the lights are active. Els and Serge: this is the ultimate bucket list.
Sourtoe Cocktail (Dawson City)	Yukon	Canada	Bizarre		Planning	https://www.sourdoughsaloon.com	2nd Ave, Dawson City, YT Y0B 1G0, Canada	64.06408	-139.43101		A real amputated human toe in your drink — tradition since 1973. Ten rules: 'The toe must touch the lips.' Els: no. Serge: yes. Debate closed.
SS Klondike National Historic Site	Yukon	Canada	Historic		Planning	https://www.pc.gc.ca/en/lhn-nhs/yt/ssklondike	Whitehorse, YT Y1A 4E2, Canada	60.76528	-135.12878		Original sternwheeler steamboat restored and placed on the bank. National Parks Pass: FREE. Guided tour of the ship: the life of the river steamboat era.
Tombstone Territorial Park	Yukon	Canada	Nature		Planning	https://yukon.ca/en/outdoor-recreation-and-wildlife/parks-and-protected-areas/tombstone-territorial-park	Dempster Hwy KM 72, YT Y0B 1H0, Canada	65.71806	-137.97754		Dramatic black granite peaks and tundra: resembles Mordor. Best reached via Dempster Highway KM 72. Free camping and hiking.
Whitehorse Log Skyscraper	Yukon	Canada	Bizarre		Planning		3rd Ave, Whitehorse, YT Y1A 1C4, Canada	60.72169	-135.05598		Six-story building constructed entirely of logs (1947). Large considering that this is timber construction. Free photo from the street.
Yukon Wildlife Preserve	Yukon	Canada	Nature		Planning	https://www.yukonwildlife.ca	Mile 5 Alaska Hwy, Whitehorse, YT Y1A 5X7, Canada	60.71911	-135.08084		Car safari through the park with all the Yukon animals: wood bison, caribou, musk ox, grizzly, lynx. The only place in the world where you are guaranteed to see them. Driving around in the F-150: window-level animals.
